<?xml version="1.0" encoding="UTF-8"?>
<metadata xml:lang="en"><Esri><CreaDate>20130506</CreaDate><CreaTime>09181100</CreaTime><ArcGISFormat>1.0</ArcGISFormat><SyncOnce>FALSE</SyncOnce><DataProperties><lineage><Process ToolSource="c:\program files (x86)\arcgis\desktop10.1\ArcToolbox\Toolboxes\Data Management Tools.tbx\Merge" Date="20121226" Time="124301">Merge shiftosite_2;Potential_SurveyPoints C:\WPB\Bear\Mont_SLO_BearHairSnarePrj\KFData\CentroidShifttoPotentialSite.shp "KM_sq "KM_sq" true true false 19 Double 0 0 ,First,#,shiftosite_2,KM_sq,-1,-1,Potential_SurveyPoints,KM_sq,-1,-1;HexID "HexID" true true false 4 Short 0 4 ,First,#,shiftosite_2,HexID,-1,-1,Potential_SurveyPoints,HexID,-1,-1;Survey "Survey" true true false 50 Text 0 0 ,First,#,shiftosite_2,Survey,-1,-1,Potential_SurveyPoints,Survey,-1,-1;BearRange "BearRange" true true false 50 Text 0 0 ,First,#,shiftosite_2,BearRange,-1,-1,Potential_SurveyPoints,BearRange,-1,-1;ORIG_FID "ORIG_FID" true true false 9 Long 0 9 ,First,#,shiftosite_2,ORIG_FID,-1,-1,Potential_SurveyPoints,ORIG_FID,-1,-1;POINT_X "POINT_X" true true false 19 Double 0 0 ,First,#,shiftosite_2,POINT_X,-1,-1,Potential_SurveyPoints,POINT_X,-1,-1;POINT_Y "POINT_Y" true true false 19 Double 0 0 ,First,#,shiftosite_2,POINT_Y,-1,-1,Potential_SurveyPoints,POINT_Y,-1,-1;NEAR_FID "NEAR_FID" true true false 9 Long 0 9 ,First,#,shiftosite_2,NEAR_FID,-1,-1,Potential_SurveyPoints,NEAR_FID,-1,-1;NEAR_DIST "NEAR_DIST" true true false 19 Double 0 0 ,First,#,shiftosite_2,NEAR_DIST,-1,-1,Potential_SurveyPoints,NEAR_DIST,-1,-1;NEAR_X "NEAR_X" true true false 19 Double 0 0 ,First,#,shiftosite_2,NEAR_X,-1,-1,Potential_SurveyPoints,NEAR_X,-1,-1;NEAR_Y "NEAR_Y" true true false 19 Double 0 0 ,First,#,shiftosite_2,NEAR_Y,-1,-1,Potential_SurveyPoints,NEAR_Y,-1,-1;kfnote "kfnote" true true false 50 Text 0 0 ,First,#,shiftosite_2,kfnote,-1,-1,Potential_SurveyPoints,kfnote,-1,-1"</Process><Process ToolSource="c:\program files (x86)\arcgis\desktop10.1\ArcToolbox\Toolboxes\Data Management Tools.tbx\CalculateField" Date="20121226" Time="124441">CalculateField CentroidShifttoPotentialSite kfnote "Shifted see NEAR_DIST (meters shifted) within same Hex" VB #</Process><Process ToolSource="c:\program files (x86)\arcgis\desktop10.1\ArcToolbox\Toolboxes\Data Management Tools.tbx\CalculateField" Date="20121226" Time="131256">CalculateField CentroidShifttoPotentialSite Ownership "Fort Hunter Liggett" VB #</Process><Process ToolSource="c:\program files (x86)\arcgis\desktop10.1\ArcToolbox\Toolboxes\Data Management Tools.tbx\CalculateField" Date="20121226" Time="131645">CalculateField CentroidShifttoPotentialSite Ownership "Los Padres National Forest"
 VB #</Process><Process ToolSource="c:\program files (x86)\arcgis\desktop10.1\ArcToolbox\Toolboxes\Data Management Tools.tbx\CalculateField" Date="20121226" Time="132156">CalculateField CentroidShifttoPotentialSite Ownership "Private Land" VB #</Process><Process ToolSource="c:\program files (x86)\arcgis\desktop10.1\ArcToolbox\Toolboxes\Data Management Tools.tbx\CalculateField" Date="20121226" Time="132530">CalculateField CentroidShifttoPotentialSite Ownership "Santa Lucia Preserve" VB #</Process><Process ToolSource="c:\program files (x86)\arcgis\desktop10.1\ArcToolbox\Toolboxes\Data Management Tools.tbx\CalculateField" Date="20121226" Time="132719">CalculateField CentroidShifttoPotentialSite Ownership "Carrizo Plains Ecological Reserve" VB #</Process><Process ToolSource="c:\program files (x86)\arcgis\desktop10.1\ArcToolbox\Toolboxes\Data Management Tools.tbx\CalculateField" Date="20121226" Time="132736">CalculateField CentroidShifttoPotentialSite Ownership "Carrizo Plains Ecological Reserve" VB #</Process><Process ToolSource="c:\program files (x86)\arcgis\desktop10.1\ArcToolbox\Toolboxes\Data Management Tools.tbx\CalculateField" Date="20121226" Time="132801">CalculateField CentroidShifttoPotentialSite Ownership "BLM" VB #</Process><Process ToolSource="c:\program files (x86)\arcgis\desktop10.1\ArcToolbox\Toolboxes\Data Management Tools.tbx\CalculateField" Date="20121226" Time="132922">CalculateField CentroidShifttoPotentialSite Ownership "BLM" VB #</Process><Process ToolSource="c:\program files (x86)\arcgis\desktop10.1\ArcToolbox\Toolboxes\Data Management Tools.tbx\CalculateField" Date="20121226" Time="132948">CalculateField CentroidShifttoPotentialSite Ownership "BLM" VB #</Process><Process ToolSource="c:\program files (x86)\arcgis\desktop10.1\ArcToolbox\Toolboxes\Data Management Tools.tbx\CalculateField" Date="20121226" Time="133020">CalculateField CentroidShifttoPotentialSite Ownership "Lake San Antonio Recreation Area" VB #</Process><Process ToolSource="c:\program files (x86)\arcgis\desktop10.1\ArcToolbox\Toolboxes\Data Management Tools.tbx\CalculateField" Date="20121226" Time="135454">CalculateField CentroidShifttoPotentialSite Ownership "BLM" VB #</Process><Process ToolSource="c:\program files (x86)\arcgis\desktop10.1\ArcToolbox\Toolboxes\Data Management Tools.tbx\CalculateField" Date="20121226" Time="135527">CalculateField CentroidShifttoPotentialSite Ownership "Landels-Hill Big Creek Reserve" VB #</Process><Process ToolSource="c:\program files (x86)\arcgis\desktop10.1\ArcToolbox\Toolboxes\Data Management Tools.tbx\CalculateField" Date="20121226" Time="135547">CalculateField CentroidShifttoPotentialSite Ownership "Julia Pfeiffer Burns State Park" VB #</Process><Process ToolSource="c:\program files (x86)\arcgis\desktop10.1\ArcToolbox\Toolboxes\Data Management Tools.tbx\CalculateField" Date="20121226" Time="135616">CalculateField CentroidShifttoPotentialSite Ownership "Andrew Molera State Park" VB #</Process><Process ToolSource="c:\program files (x86)\arcgis\desktop10.1\ArcToolbox\Toolboxes\Data Management Tools.tbx\CalculateField" Date="20121226" Time="140026">CalculateField CentroidShifttoPotentialSite kfnote "adjusted manually to adjacent public site" VB #</Process><Process ToolSource="c:\program files (x86)\arcgis\desktop10.1\ArcToolbox\Toolboxes\Data Management Tools.tbx\CalculateField" Date="20121226" Time="140050">CalculateField CentroidShifttoPotentialSite Ownership "Toro Regional Park" VB #</Process><Process ToolSource="c:\program files (x86)\arcgis\desktop10.1\ArcToolbox\Toolboxes\Data Management Tools.tbx\CalculateField" Date="20121226" Time="140200">CalculateField CentroidShifttoPotentialSite kfnote "adjusted manually to adjacent public site 377 m from centroid" VB #</Process><Process ToolSource="c:\program files (x86)\arcgis\desktop10.1\ArcToolbox\Toolboxes\Data Management Tools.tbx\CalculateField" Date="20121226" Time="140716">CalculateField CentroidShifttoPotentialSite kfnote "adjusted manually to adjacent public site 200 m from centroid" VB #</Process><Process ToolSource="c:\program files (x86)\arcgis\desktop10.1\ArcToolbox\Toolboxes\Data Management Tools.tbx\CalculateField" Date="20121226" Time="140807">CalculateField CentroidShifttoPotentialSite Ownership "Fort Ord Habitat Management parcels" VB #</Process><Process ToolSource="c:\program files (x86)\arcgis\desktop10.1\ArcToolbox\Toolboxes\Data Management Tools.tbx\CalculateField" Date="20121226" Time="140906">CalculateField CentroidShifttoPotentialSite Ownership "Garland Ranch Regional Park - MPRPD" VB #</Process><Process ToolSource="c:\program files (x86)\arcgis\desktop10.1\ArcToolbox\Toolboxes\Data Management Tools.tbx\CalculateField" Date="20121226" Time="141049">CalculateField CentroidShifttoPotentialSite kfnote "Manually moved to adjacent public land 753 m from centroid" VB #</Process><Process ToolSource="c:\program files (x86)\arcgis\desktop10.1\ArcToolbox\Toolboxes\Data Management Tools.tbx\CalculateField" Date="20121226" Time="141147">CalculateField CentroidShifttoPotentialSite Ownership "Santa Lucia Preserve" VB #</Process><Process ToolSource="c:\program files (x86)\arcgis\desktop10.1\ArcToolbox\Toolboxes\Data Management Tools.tbx\CalculateField" Date="20121226" Time="141201">CalculateField CentroidShifttoPotentialSite Ownership "Santa Lucia Preserve" VB #</Process><Process ToolSource="c:\program files (x86)\arcgis\desktop10.1\ArcToolbox\Toolboxes\Data Management Tools.tbx\CalculateField" Date="20121226" Time="141234">CalculateField CentroidShifttoPotentialSite Ownership "Palo Corona Ranch - MPRPD" VB #</Process><Process ToolSource="c:\program files (x86)\arcgis\desktop10.1\ArcToolbox\Toolboxes\Data Management Tools.tbx\CalculateField" Date="20121226" Time="141256">CalculateField CentroidShifttoPotentialSite Ownership "Joshua Creek Canyon Ecological Reserve" VB #</Process><Process ToolSource="c:\program files (x86)\arcgis\desktop10.1\ArcToolbox\Toolboxes\Data Management Tools.tbx\CalculateField" Date="20121226" Time="141317">CalculateField CentroidShifttoPotentialSite Ownership "Garrapata State Park" VB #</Process><Process ToolSource="c:\program files (x86)\arcgis\desktop10.1\ArcToolbox\Toolboxes\Data Management Tools.tbx\CalculateField" Date="20121226" Time="141342">CalculateField CentroidShifttoPotentialSite Ownership "Palo Corona Ranch - MPRPD" VB #</Process><Process ToolSource="c:\program files (x86)\arcgis\desktop10.1\ArcToolbox\Toolboxes\Data Management Tools.tbx\CalculateField" Date="20121226" Time="141638">CalculateField CentroidShifttoPotentialSite Ownership "Santa Lucia Preserve" VB #</Process><Process ToolSource="c:\program files (x86)\arcgis\desktop10.1\ArcToolbox\Toolboxes\Data Management Tools.tbx\CalculateField" Date="20121226" Time="141727">CalculateField CentroidShifttoPotentialSite kfnote "Mannually shifted to adjacent public land 457 m from centroid" VB #</Process><Process ToolSource="c:\program files (x86)\arcgis\desktop10.1\ArcToolbox\Toolboxes\Data Management Tools.tbx\CalculateField" Date="20121226" Time="141904">CalculateField CentroidShifttoPotentialSite Ownership "Los Padres National Forest (MT)" VB #</Process><Process ToolSource="c:\program files (x86)\arcgis\desktop10.1\ArcToolbox\Toolboxes\Data Management Tools.tbx\CalculateField" Date="20121226" Time="141944">CalculateField CentroidShifttoPotentialSite kfnote "Manually shifted 537 m from centroid to adjacent public land" VB #</Process><Process ToolSource="c:\program files (x86)\arcgis\desktop10.1\ArcToolbox\Toolboxes\Data Management Tools.tbx\CalculateField" Date="20121226" Time="142510">CalculateField CentroidShifttoPotentialSite Ownership "Los Padres National Forest" VB #</Process><Process ToolSource="c:\program files (x86)\arcgis\desktop10.1\ArcToolbox\Toolboxes\Data Management Tools.tbx\CalculateField" Date="20121226" Time="142845">CalculateField CentroidShifttoPotentialSite Ownership "Los Padres National Forest" VB #</Process><Process ToolSource="c:\program files (x86)\arcgis\desktop10.1\ArcToolbox\Toolboxes\Data Management Tools.tbx\CalculateField" Date="20121226" Time="143100">CalculateField CentroidShifttoPotentialSite Ownership "Los Padres National Forest" VB #</Process><Process ToolSource="c:\program files (x86)\arcgis\desktop10.1\ArcToolbox\Toolboxes\Data Management Tools.tbx\CalculateField" Date="20121226" Time="143128">CalculateField CentroidShifttoPotentialSite Ownership "Los Padres National Forest" VB #</Process><Process ToolSource="c:\program files (x86)\arcgis\desktop10.1\ArcToolbox\Toolboxes\Data Management Tools.tbx\CalculateField" Date="20121226" Time="143226">CalculateField CentroidShifttoPotentialSite Ownership "San Luis Obispo Wildlife Area" VB #</Process><Process ToolSource="c:\program files (x86)\arcgis\desktop10.1\ArcToolbox\Toolboxes\Data Management Tools.tbx\CalculateField" Date="20121227" Time="082202">CalculateField CentroidShifttoPotentialSite Ownership "San Simeon State Park" VB #</Process><Process ToolSource="c:\program files (x86)\arcgis\desktop10.1\ArcToolbox\Toolboxes\Data Management Tools.tbx\CalculateField" Date="20121227" Time="082235">CalculateField CentroidShifttoPotentialSite kfnote "Created by KF coastal edge of range sites" VB #</Process><Process ToolSource="c:\program files (x86)\arcgis\desktop10.1\ArcToolbox\Toolboxes\Data Management Tools.tbx\CalculateField" Date="20121227" Time="082629">CalculateField CentroidShifttoPotentialSite Survey "may not be high or medium" VB #</Process><Process ToolSource="c:\program files (x86)\arcgis\desktop10.1\ArcToolbox\Toolboxes\Data Management Tools.tbx\CalculateField" Date="20121227" Time="083101">CalculateField CentroidShifttoPotentialSite Ownership "BLM" VB #</Process><Process ToolSource="c:\program files (x86)\arcgis\desktop10.1\ArcToolbox\Toolboxes\Data Management Tools.tbx\CalculateField" Date="20121227" Time="085522">CalculateField CentroidShifttoPotentialSite Ownership "Hastings Natural History Reserve" VB #</Process><Process ToolSource="c:\program files (x86)\arcgis\desktop10.1\ArcToolbox\Toolboxes\Data Management Tools.tbx\CalculateField" Date="20121227" Time="090431">CalculateField CentroidShifttoPotentialSite Ownership "Los Padres National Forest" VB #</Process><Process ToolSource="c:\program files (x86)\arcgis\desktop10.1\ArcToolbox\Toolboxes\Data Management Tools.tbx\CalculateField" Date="20121227" Time="090756">CalculateField CentroidShifttoPotentialSite Ownership "Los Padres National Forest" VB #</Process><Process ToolSource="c:\program files (x86)\arcgis\desktop10.1\ArcToolbox\Toolboxes\Data Management Tools.tbx\CalculateField" Date="20121227" Time="092350">CalculateField CentroidShifttoPotentialSite kfnote "Coastal site added by KF" VB #</Process><Process ToolSource="c:\program files (x86)\arcgis\desktop10.1\ArcToolbox\Toolboxes\Data Management Tools.tbx\CalculateField" Date="20121227" Time="093815">CalculateField CentroidShifttoPotentialSite BearRange "In Range" VB #</Process><Process ToolSource="c:\program files (x86)\arcgis\desktop10.1\ArcToolbox\Toolboxes\Data Management Tools.tbx\CalculateField" Date="20121227" Time="093847">CalculateField CentroidShifttoPotentialSite BearRange ""Outside"'" VB #</Process><Process ToolSource="c:\program files (x86)\arcgis\desktop10.1\ArcToolbox\Toolboxes\Data Management Tools.tbx\CalculateField" Date="20121227" Time="095122">CalculateField CentroidShifttoPotentialSite NEAR_DIST -99 VB #</Process><Process ToolSource="c:\program files (x86)\arcgis\desktop10.1\ArcToolbox\Toolboxes\Data Management Tools.tbx\CalculateField" Date="20121227" Time="095348">CalculateField CentroidShifttoPotentialSite HexID 7026 VB #</Process><Process ToolSource="c:\program files (x86)\arcgis\desktop10.1\ArcToolbox\Toolboxes\Data Management Tools.tbx\CalculateField" Date="20121227" Time="095418">CalculateField CentroidShifttoPotentialSite HexID 7222 VB #</Process><Process ToolSource="c:\program files (x86)\arcgis\desktop10.1\ArcToolbox\Toolboxes\Data Management Tools.tbx\CalculateField" Date="20121227" Time="095446">CalculateField CentroidShifttoPotentialSite HexID 7287 VB #</Process><Process ToolSource="c:\program files (x86)\arcgis\desktop10.1\ArcToolbox\Toolboxes\Data Management Tools.tbx\CalculateField" Date="20121227" Time="095508">CalculateField CentroidShifttoPotentialSite HexID 7416 VB #</Process><Process ToolSource="c:\program files (x86)\arcgis\desktop10.1\ArcToolbox\Toolboxes\Data Management Tools.tbx\CalculateField" Date="20121227" Time="095538">CalculateField CentroidShifttoPotentialSite HexID 5907 VB #</Process><Process ToolSource="c:\program files (x86)\arcgis\desktop10.1\ArcToolbox\Toolboxes\Data Management Tools.tbx\CalculateField" Date="20121227" Time="095556">CalculateField CentroidShifttoPotentialSite HexID 6043 VB #</Process><Process ToolSource="c:\program files (x86)\arcgis\desktop10.1\ArcToolbox\Toolboxes\Data Management Tools.tbx\CalculateField" Date="20121227" Time="095617">CalculateField CentroidShifttoPotentialSite HexID 6242 VB #</Process><Process ToolSource="c:\program files (x86)\arcgis\desktop10.1\ArcToolbox\Toolboxes\Data Management Tools.tbx\CalculateField" Date="20121227" Time="095638">CalculateField CentroidShifttoPotentialSite HexID 5840 VB #</Process><Process ToolSource="c:\program files (x86)\arcgis\desktop10.1\ArcToolbox\Toolboxes\Data Management Tools.tbx\CalculateField" Date="20130301" Time="115008">CalculateField "Potential Sites Centroid or Shifted" County "SLO" VB #</Process><Process ToolSource="c:\program files (x86)\arcgis\desktop10.1\ArcToolbox\Toolboxes\Data Management Tools.tbx\CalculateField" Date="20130301" Time="115033">CalculateField "Potential Sites Centroid or Shifted" County " " VB #</Process><Process ToolSource="c:\program files (x86)\arcgis\desktop10.1\ArcToolbox\Toolboxes\Data Management Tools.tbx\CalculateField" Date="20130301" Time="115059">CalculateField "Potential Sites Centroid or Shifted" County "SLO" VB #</Process><Process ToolSource="c:\program files (x86)\arcgis\desktop10.1\ArcToolbox\Toolboxes\Data Management Tools.tbx\CalculateField" Date="20130301" Time="115655">CalculateField "Potential Sites Centroid or Shifted" County "SLO" VB #</Process><Process ToolSource="c:\program files (x86)\arcgis\desktop10.1\ArcToolbox\Toolboxes\Data Management Tools.tbx\CalculateField" Date="20130307" Time="134442">CalculateField SLO_onlyStudyArea SiteID "LPNF" VB #</Process><Process ToolSource="c:\program files (x86)\arcgis\desktop10.1\ArcToolbox\Toolboxes\Data Management Tools.tbx\CalculateField" Date="20130307" Time="134501">CalculateField SLO_onlyStudyArea SiteID "CPER" VB #</Process><Process ToolSource="c:\program files (x86)\arcgis\desktop10.1\ArcToolbox\Toolboxes\Data Management Tools.tbx\CalculateField" Date="20130307" Time="134515">CalculateField SLO_onlyStudyArea SiteID "BLM" VB #</Process><Process ToolSource="c:\program files (x86)\arcgis\desktop10.1\ArcToolbox\Toolboxes\Data Management Tools.tbx\CalculateField" Date="20130307" Time="134535">CalculateField SLO_onlyStudyArea SiteID "MDOSP" VB #</Process><Process ToolSource="c:\program files (x86)\arcgis\desktop10.1\ArcToolbox\Toolboxes\Data Management Tools.tbx\CalculateField" Date="20130307" Time="134611">CalculateField SLO_onlyStudyArea SiteID "MDOSP" VB #</Process><Process ToolSource="c:\program files (x86)\arcgis\desktop10.1\ArcToolbox\Toolboxes\Data Management Tools.tbx\CalculateField" Date="20130307" Time="134629">CalculateField SLO_onlyStudyArea SiteID "MBSP" VB #</Process><Process ToolSource="c:\program files (x86)\arcgis\desktop10.1\ArcToolbox\Toolboxes\Data Management Tools.tbx\CalculateField" Date="20130307" Time="134641">CalculateField SLO_onlyStudyArea SiteID "NCRA" VB #</Process><Process ToolSource="c:\program files (x86)\arcgis\desktop10.1\ArcToolbox\Toolboxes\Data Management Tools.tbx\CalculateField" Date="20130307" Time="134706">CalculateField SLO_onlyStudyArea SiteID "SSSP" VB #</Process><Process ToolSource="c:\program files (x86)\arcgis\desktop10.1\ArcToolbox\Toolboxes\Data Management Tools.tbx\CalculateField" Date="20130307" Time="134719">CalculateField SLO_onlyStudyArea SiteID "SLOWA" VB #</Process><Process ToolSource="c:\program files (x86)\arcgis\desktop10.1\ArcToolbox\Toolboxes\Data Management Tools.tbx\CalculateField" Date="20130307" Time="134802">CalculateField SLO_onlyStudyArea SiteID "SML1" VB #</Process><Process ToolSource="c:\program files (x86)\arcgis\desktop10.1\ArcToolbox\Toolboxes\Data Management Tools.tbx\CalculateField" Date="20130307" Time="134816">CalculateField SLO_onlyStudyArea SiteID "" VB #</Process><Process ToolSource="c:\program files (x86)\arcgis\desktop10.1\ArcToolbox\Toolboxes\Data Management Tools.tbx\CalculateField" Date="20130307" Time="141325">CalculateField SLO_onlyStudyArea LocationNo "North of Hwy 41" VB #</Process><Process ToolSource="c:\program files (x86)\arcgis\desktop10.1\ArcToolbox\Toolboxes\Data Management Tools.tbx\CalculateField" Date="20130307" Time="141357">CalculateField SLO_onlyStudyArea LocationNo "North of Hwy 46" VB #</Process><Process ToolSource="c:\program files (x86)\arcgis\desktop10.1\ArcToolbox\Toolboxes\Data Management Tools.tbx\CalculateField" Date="20130307" Time="141444">CalculateField SLO_onlyStudyArea LocationNo "Between Hwy 46 and Hwy 41" VB #</Process><Process ToolSource="c:\program files (x86)\arcgis\desktop10.1\ArcToolbox\Toolboxes\Data Management Tools.tbx\CalculateField" Date="20130307" Time="141521">CalculateField SLO_onlyStudyArea LocationNo "Between Hwy 41 and Hwy 58" VB #</Process><Process ToolSource="c:\program files (x86)\arcgis\desktop10.1\ArcToolbox\Toolboxes\Data Management Tools.tbx\CalculateField" Date="20130307" Time="141626">CalculateField SLO_onlyStudyArea LocationNo "Between Hwy 58 and Hwy 166" VB #</Process><Process ToolSource="c:\program files (x86)\arcgis\desktop10.1\ArcToolbox\Toolboxes\Data Management Tools.tbx\CalculateField" Date="20130307" Time="141649">CalculateField SLO_onlyStudyArea LocationNo "South of Hwy 166" VB #</Process><Process ToolSource="c:\program files (x86)\arcgis\desktop10.1\ArcToolbox\Toolboxes\Data Management Tools.tbx\CalculateField" Date="20130307" Time="143404">CalculateField SLO_onlyStudyArea SiteID "PL_HV" VB #</Process><Process ToolSource="c:\program files (x86)\arcgis\desktop10.1\ArcToolbox\Toolboxes\Data Management Tools.tbx\CalculateField" Date="20130307" Time="143605">CalculateField SLO_onlyStudyArea LocationNo "Between Hwy 58 and Hwy 166, Husana Valley" VB #</Process><Process ToolSource="c:\program files (x86)\arcgis\desktop10.1\ArcToolbox\Toolboxes\Data Management Tools.tbx\CalculateField" Date="20130307" Time="143820">CalculateField SLO_onlyStudyArea LocationNo "Between Hwy 58 and Hwy 166, East of LPNF" VB #</Process><Process ToolSource="c:\program files (x86)\arcgis\desktop10.1\ArcToolbox\Toolboxes\Data Management Tools.tbx\CalculateField" Date="20130307" Time="144051">CalculateField SLO_onlyStudyArea LocationNo "Between Hwy 58 and Hwy 166, Santa Margarita Lake area" VB #</Process><Process ToolSource="c:\program files (x86)\arcgis\desktop10.1\ArcToolbox\Toolboxes\Data Management Tools.tbx\CalculateField" Date="20130307" Time="144119">CalculateField SLO_onlyStudyArea SiteID "PL_SML" VB #</Process><Process ToolSource="c:\program files (x86)\arcgis\desktop10.1\ArcToolbox\Toolboxes\Data Management Tools.tbx\CalculateField" Date="20130307" Time="144619">CalculateField SLO_onlyStudyArea LocationNo "Between Hwy 58 and Hwy 166, close to Hwy 58" VB #</Process><Process ToolSource="c:\program files (x86)\arcgis\desktop10.1\ArcToolbox\Toolboxes\Data Management Tools.tbx\CalculateField" Date="20130307" Time="144639">CalculateField SLO_onlyStudyArea SiteID "PL_HWY58" VB #</Process><Process ToolSource="c:\program files (x86)\arcgis\desktop10.1\ArcToolbox\Toolboxes\Data Management Tools.tbx\CalculateField" Date="20130307" Time="150352">CalculateField SLO_onlyStudyArea SiteID "PL_S4" VB #</Process><Process ToolSource="c:\program files (x86)\arcgis\desktop10.1\ArcToolbox\Toolboxes\Data Management Tools.tbx\CalculateField" Date="20130307" Time="150411">CalculateField SLO_onlyStudyArea SiteID "PL_S5" VB #</Process><Process ToolSource="c:\program files (x86)\arcgis\desktop10.1\ArcToolbox\Toolboxes\Data Management Tools.tbx\CalculateField" Date="20130328" Time="070952">CalculateField SLO_onlyStudyArea OwnerCode "Private" VB #</Process><Process ToolSource="c:\program files (x86)\arcgis\desktop10.1\ArcToolbox\Toolboxes\Data Management Tools.tbx\CalculateField" Date="20130328" Time="071021">CalculateField SLO_onlyStudyArea OwnerCode "Public or NGO" VB #</Process></lineage><itemProps><itemName Sync="TRUE">CentroidShifttoPotentialSite</itemName><imsContentType Sync="TRUE">002</imsContentType><nativeExtBox><westBL Sync="TRUE">-171449.126105</westBL><eastBL Sync="TRUE">3492.099700</eastBL><southBL Sync="TRUE">-341119.041200</southBL><northBL Sync="TRUE">-156064.952213</northBL><exTypeCode Sync="TRUE">1</exTypeCode></nativeExtBox><itemSize Sync="TRUE">0.009</itemSize><itemLocation><linkage Sync="TRUE">file://\\WBD24CD8P1\C$\WPB\Bear\Mont_SLO_BearHairSnarePrj\KFData\CentroidShifttoPotentialSite.shp</linkage><protocol Sync="TRUE">Local Area Network</protocol></itemLocation></itemProps><coordRef><type Sync="TRUE">Projected</type><geogcsn Sync="TRUE">GCS_North_American_1983</geogcsn><csUnits Sync="TRUE">Linear Unit: Meter (1.000000)</csUnits><projcsn Sync="TRUE">NAD_1983_California_Teale_Albers</projcsn><peXml Sync="TRUE">&lt;ProjectedCoordinateSystem xsi:type='typens:ProjectedCoordinateSystem' xmlns:xsi='http://www.w3.org/2001/XMLSchema-instance' xmlns:xs='http://www.w3.org/2001/XMLSchema' xmlns:typens='http://www.esri.com/schemas/ArcGIS/10.1'&gt;&lt;WKT&gt;PROJCS[&amp;quot;NAD_1983_California_Teale_Albers&amp;quot;,GEOGCS[&amp;quot;GCS_North_American_1983&amp;quot;,DATUM[&amp;quot;D_North_American_1983&amp;quot;,SPHEROID[&amp;quot;GRS_1980&amp;quot;,6378137.0,298.257222101]],PRIMEM[&amp;quot;Greenwich&amp;quot;,0.0],UNIT[&amp;quot;Degree&amp;quot;,0.0174532925199433]],PROJECTION[&amp;quot;Albers&amp;quot;],PARAMETER[&amp;quot;False_Easting&amp;quot;,0.0],PARAMETER[&amp;quot;False_Northing&amp;quot;,-4000000.0],PARAMETER[&amp;quot;Central_Meridian&amp;quot;,-120.0],PARAMETER[&amp;quot;Standard_Parallel_1&amp;quot;,34.0],PARAMETER[&amp;quot;Standard_Parallel_2&amp;quot;,40.5],PARAMETER[&amp;quot;Latitude_Of_Origin&amp;quot;,0.0],UNIT[&amp;quot;Meter&amp;quot;,1.0],AUTHORITY[&amp;quot;EPSG&amp;quot;,3310]]&lt;/WKT&gt;&lt;XOrigin&gt;-16909700&lt;/XOrigin&gt;&lt;YOrigin&gt;-8597000&lt;/YOrigin&gt;&lt;XYScale&gt;266332319.7555542&lt;/XYScale&gt;&lt;ZOrigin&gt;-100000&lt;/ZOrigin&gt;&lt;ZScale&gt;10000&lt;/ZScale&gt;&lt;MOrigin&gt;-100000&lt;/MOrigin&gt;&lt;MScale&gt;10000&lt;/MScale&gt;&lt;XYTolerance&gt;0.001&lt;/XYTolerance&gt;&lt;ZTolerance&gt;0.001&lt;/ZTolerance&gt;&lt;MTolerance&gt;0.001&lt;/MTolerance&gt;&lt;HighPrecision&gt;true&lt;/HighPrecision&gt;&lt;WKID&gt;3310&lt;/WKID&gt;&lt;LatestWKID&gt;3310&lt;/LatestWKID&gt;&lt;/ProjectedCoordinateSystem&gt;</peXml></coordRef></DataProperties><SyncDate>20121227</SyncDate><SyncTime>10003700</SyncTime><ModDate>20121227</ModDate><ModTime>10003700</ModTime><ArcGISstyle>XTools Pro Metadata</ArcGISstyle></Esri><dataIdInfo><envirDesc Sync="TRUE">Microsoft Windows 7 Version 6.1 (Build 7601) Service Pack 1; Esri ArcGIS 10.1.1.3143</envirDesc><dataLang><languageCode value="eng" Sync="TRUE"></languageCode><countryCode value="USA" Sync="TRUE"></countryCode></dataLang><idCitation><resTitle Sync="TRUE">CentroidShifttoPotentialSite</resTitle><presForm><PresFormCd value="005" Sync="TRUE"></PresFormCd></presForm></idCitation><spatRpType><SpatRepTypCd value="001" Sync="TRUE"></SpatRepTypCd></spatRpType><dataExt><geoEle><GeoBndBox esriExtentType="search"><exTypeCode Sync="TRUE">1</exTypeCode><westBL Sync="TRUE">-121.919125</westBL><eastBL Sync="TRUE">-119.960906</eastBL><northBL Sync="TRUE">36.612384</northBL><southBL Sync="TRUE">34.931285</southBL></GeoBndBox></geoEle></dataExt></dataIdInfo><mdLang><languageCode value="eng" Sync="TRUE"></languageCode><countryCode value="USA" Sync="TRUE"></countryCode></mdLang><mdChar><CharSetCd value="004" Sync="TRUE"></CharSetCd></mdChar><distInfo><distFormat><formatName Sync="TRUE">Shapefile</formatName></distFormat><distTranOps><transSize Sync="TRUE">0.009</transSize></distTranOps></distInfo><mdHrLv><ScopeCd value="005" Sync="TRUE"></ScopeCd></mdHrLv><mdHrLvName Sync="TRUE">dataset</mdHrLvName><refSysInfo><RefSystem><refSysID><identCode code="3310" Sync="TRUE"></identCode><idCodeSpace Sync="TRUE">EPSG</idCodeSpace><idVersion Sync="TRUE">7.11.2</idVersion></refSysID></RefSystem></refSysInfo><spatRepInfo><VectSpatRep><geometObjs Name="CentroidShifttoPotentialSite"><geoObjTyp><GeoObjTypCd value="004" Sync="TRUE"></GeoObjTypCd></geoObjTyp><geoObjCnt Sync="TRUE">320</geoObjCnt></geometObjs><topLvl><TopoLevCd value="001" Sync="TRUE"></TopoLevCd></topLvl></VectSpatRep></spatRepInfo><spdoinfo><ptvctinf><esriterm Name="CentroidShifttoPotentialSite"><efeatyp Sync="TRUE">Simple</efeatyp><efeageom code="1" Sync="TRUE"></efeageom><esritopo Sync="TRUE">FALSE</esritopo><efeacnt Sync="TRUE">320</efeacnt><spindex Sync="TRUE">FALSE</spindex><linrefer Sync="TRUE">FALSE</linrefer></esriterm></ptvctinf></spdoinfo><eainfo><detailed Name="CentroidShifttoPotentialSite"><enttyp><enttypl Sync="TRUE">CentroidShifttoPotentialSite</enttypl><enttypt Sync="TRUE">Feature Class</enttypt><enttypc Sync="TRUE">320</enttypc></enttyp><attr><attrlabl Sync="TRUE">FID</attrlabl><attalias Sync="TRUE">FID</attalias><attrtype Sync="TRUE">OID</attrtype><attwidth Sync="TRUE">4</attwidth><atprecis Sync="TRUE">0</atprecis><attscale Sync="TRUE">0</attscale><attrdef Sync="TRUE">Internal feature number.</attrdef><attrdefs Sync="TRUE">Esri</attrdefs><attrdomv><udom Sync="TRUE">Sequential unique whole numbers that are automatically generated.</udom></attrdomv></attr><attr><attrlabl Sync="TRUE">Shape</attrlabl><attalias Sync="TRUE">Shape</attalias><attrtype Sync="TRUE">Geometry</attrtype><attwidth Sync="TRUE">0</attwidth><atprecis Sync="TRUE">0</atprecis><attscale Sync="TRUE">0</attscale><attrdef Sync="TRUE">Feature geometry.</attrdef><attrdefs Sync="TRUE">Esri</attrdefs><attrdomv><udom Sync="TRUE">Coordinates defining the features.</udom></attrdomv></attr><attr><attrlabl Sync="TRUE">KM_sq</attrlabl><attalias Sync="TRUE">KM_sq</attalias><attrtype Sync="TRUE">Double</attrtype><attwidth Sync="TRUE">19</attwidth><atprecis Sync="TRUE">0</atprecis><attscale Sync="TRUE">0</attscale></attr><attr><attrlabl Sync="TRUE">HexID</attrlabl><attalias Sync="TRUE">HexID</attalias><attrtype Sync="TRUE">SmallInteger</attrtype><attwidth Sync="TRUE">4</attwidth><atprecis Sync="TRUE">4</atprecis><attscale Sync="TRUE">0</attscale></attr><attr><attrlabl Sync="TRUE">Survey</attrlabl><attalias Sync="TRUE">Survey</attalias><attrtype Sync="TRUE">String</attrtype><attwidth Sync="TRUE">50</attwidth><atprecis Sync="TRUE">0</atprecis><attscale Sync="TRUE">0</attscale></attr><attr><attrlabl Sync="TRUE">BearRange</attrlabl><attalias Sync="TRUE">BearRange</attalias><attrtype Sync="TRUE">String</attrtype><attwidth Sync="TRUE">50</attwidth><atprecis Sync="TRUE">0</atprecis><attscale Sync="TRUE">0</attscale></attr><attr><attrlabl Sync="TRUE">POINT_X</attrlabl><attalias Sync="TRUE">POINT_X</attalias><attrtype Sync="TRUE">Double</attrtype><attwidth Sync="TRUE">19</attwidth><atprecis Sync="TRUE">0</atprecis><attscale Sync="TRUE">0</attscale></attr><attr><attrlabl Sync="TRUE">POINT_Y</attrlabl><attalias Sync="TRUE">POINT_Y</attalias><attrtype Sync="TRUE">Double</attrtype><attwidth Sync="TRUE">19</attwidth><atprecis Sync="TRUE">0</atprecis><attscale Sync="TRUE">0</attscale></attr><attr><attrlabl Sync="TRUE">NEAR_DIST</attrlabl><attalias Sync="TRUE">NEAR_DIST</attalias><attrtype Sync="TRUE">Double</attrtype><attwidth Sync="TRUE">19</attwidth><atprecis Sync="TRUE">0</atprecis><attscale Sync="TRUE">0</attscale></attr><attr><attrlabl Sync="TRUE">NEAR_X</attrlabl><attalias Sync="TRUE">NEAR_X</attalias><attrtype Sync="TRUE">Double</attrtype><attwidth Sync="TRUE">19</attwidth><atprecis Sync="TRUE">0</atprecis><attscale Sync="TRUE">0</attscale></attr><attr><attrlabl Sync="TRUE">NEAR_Y</attrlabl><attalias Sync="TRUE">NEAR_Y</attalias><attrtype Sync="TRUE">Double</attrtype><attwidth Sync="TRUE">19</attwidth><atprecis Sync="TRUE">0</atprecis><attscale Sync="TRUE">0</attscale></attr><attr><attrlabl Sync="TRUE">kfnote</attrlabl><attalias Sync="TRUE">kfnote</attalias><attrtype Sync="TRUE">String</attrtype><attwidth Sync="TRUE">50</attwidth><atprecis Sync="TRUE">0</atprecis><attscale Sync="TRUE">0</attscale></attr><attr><attrlabl Sync="TRUE">Ownership</attrlabl><attalias Sync="TRUE">Ownership</attalias><attrtype Sync="TRUE">String</attrtype><attwidth Sync="TRUE">50</attwidth><atprecis Sync="TRUE">0</atprecis><attscale Sync="TRUE">0</attscale></attr></detailed></eainfo><mdDateSt Sync="TRUE">20121227</mdDateSt></metadata>
