"uniqueGroup","rowType","uniqueIndex","matchIndex","nUniqueGroup","alleleMismatch","matchThreshold","cutHeight","Psib","score","ADCYC","ADCYC.1","BM6506","BM6506.1","CELB9","CELB9.1","CERVID1","CERVID1.1","ETH152","ETH152.1","SBTD04..3.","SBTD04..3..1","SBTD05..4.","SBTD05..4..1","SBTD06..2.","SBTD06..2..1","SBTD07..5.","SBTD07..5..1","TGLA94","TGLA94.1"
"","UNCLASSIFIED","S15-3055","","","5","0.75","0.25","","","-99","-99","196","200","233","233","181","181","-666","-666","-99","-99","128","134","182","194","-99","-99","121","141"
"1","UNIQUE","S15-2261","S15-2261","3","5","0.75","0.25","8.07242528955528e-05","","239","239","198","198","233","235","179","181","219","219","245","273","122","134","190","190","170","182","121","121"
"1","MATCH","S15-2261","S15-2269","3","5","0.75","0.25","8.07242528955528e-05","1","239","239","198","198","233","235","179","181","219","219","245","273","122","134","190","190","170","182","121","121"
"1","MATCH","S15-2261","S15-2263","3","5","0.75","0.25","","0.8","239","239","198","198","-666","-666","-666","-666","219","219","245","273","122","134","190","190","170","182","121","121"
"2","UNIQUE","S15-2262","S15-2262","2","5","0.75","0.25","8.92541005501851e-05","","239","239","194","198","231","231","175","177","225","227","269","273","126","130","190","190","186","186","121","129"
"2","MATCH","S15-2262","S15-2266","2","5","0.75","0.25","8.92541005501851e-05","1","239","239","194","198","231","231","175","177","225","227","269","273","126","130","190","190","186","186","121","129"
"3","UNIQUE","S15-2267","S15-2267","1","5","0.75","0.25","8.5246053588059e-05","","239","239","196","200","235","235","175","177","225","231","273","277","130","130","190","190","186","198","121","141"
"4","UNIQUE","S15-2270","S15-2270","3","5","0.75","0.25","0.000105916461471791","","239","239","194","196","227","227","-666","-666","217","221","269","285","134","134","182","190","186","190","121","141"
"4","MATCH","S15-2270","S15-2291","3","5","0.75","0.25","","0.9","239","239","194","196","227","227","173","181","217","221","269","285","134","134","182","190","186","190","121","141"
"4","MATCH","S15-2270","S15-2292","3","5","0.75","0.25","","0.85","-99","-99","194","196","227","227","173","181","217","221","269","285","134","134","182","190","186","190","121","141"
"5","UNIQUE","S15-2271","S15-2271","1","5","0.75","0.25","0.000792640914765408","","-99","-99","200","200","-99","-99","171","175","213","213","-99","-99","134","134","190","190","170","186","119","141"
"6","UNIQUE","S15-2272","S15-2272","1","5","0.75","0.25","4.49203152449514e-05","","239","239","196","198","237","239","171","181","217","227","261","277","122","134","194","204","164","178","121","141"
"7","UNIQUE","S15-2278","S15-2278","1","5","0.75","0.25","0.000124890284331077","","-99","-99","194","196","233","233","175","181","213","235","273","273","110","134","182","190","182","186","121","141"
"8","UNIQUE","S15-2284","S15-2284","1","5","0.75","0.25","0.000291697364818563","","239","239","198","198","227","227","177","179","223","223","-99","-99","134","134","194","194","182","182","119","121"
"9","UNIQUE","S15-2289","S15-2289","1","5","0.75","0.25","0.000113085314567316","","239","239","196","196","227","227","181","181","221","227","273","285","128","134","190","190","162","190","119","121"
"10","UNIQUE","S15-2290","S15-2290","1","5","0.75","0.25","9.72206733157563e-05","","239","241","196","200","233","233","179","181","-666","-666","245","285","126","134","190","194","182","186","121","121"
"11","UNIQUE","S15-2295","S15-2295","1","5","0.75","0.25","0.00012148796675472","","239","239","194","196","227","227","177","181","225","231","255","267","134","134","190","194","164","194","121","141"
"12","UNIQUE","S15-2298","S15-2298","1","5","0.75","0.25","8.49069290379497e-05","","239","239","196","196","227","227","-666","-666","-666","-666","273","285","128","134","190","190","-666","-666","119","121"
"13","UNIQUE","S15-2300","S15-2300","1","5","0.75","0.25","0.000115912875787702","","-99","-99","194","200","227","227","171","183","221","221","237","289","134","134","190","190","186","198","121","141"
"14","UNIQUE","S15-2301","S15-2301","3","5","0.75","0.25","4.4291167004535e-05","","239","241","194","200","241","241","173","177","217","231","281","285","126","130","198","198","190","190","121","121"
"14","MATCH","S15-2301","S15-2351","3","5","0.75","0.25","4.4291167004535e-05","1","239","241","194","200","241","241","173","177","217","231","281","285","126","130","198","198","190","190","121","121"
"14","MATCH","S15-2301","S15-2355","3","5","0.75","0.25","","0.95","239","241","194","200","241","241","173","177","217","231","281","285","126","130","194","198","190","190","121","121"
"15","UNIQUE","S15-2302","S15-2302","1","5","0.75","0.25","5.33201451648909e-05","","239","239","200","200","231","237","175","175","227","231","255","269","130","134","182","194","186","190","121","141"
"16","UNIQUE","S15-2304","S15-2304","2","5","0.75","0.25","0.000115035588673205","","241","241","194","200","-99","-99","-666","-666","213","231","263","263","130","134","190","190","182","186","121","129"
"16","MATCH","S15-2304","S15-3036","2","5","0.75","0.25","","0.75","-99","-99","194","200","-99","-99","173","177","213","231","-99","-99","130","134","190","190","-99","-99","121","129"
"17","UNIQUE","S15-2306","S15-2306","2","5","0.75","0.25","7.73274555976392e-05","","-99","-99","194","200","239","241","173","177","213","231","233","233","134","134","194","198","186","190","121","141"
"17","MATCH","S15-2306","S15-2331","2","5","0.75","0.25","","0.85","239","241","194","200","239","241","173","177","213","231","233","263","110","134","194","198","186","190","121","141"
"18","UNIQUE","S15-2312","S15-2312","2","5","0.75","0.25","0.000135432285669829","","-99","-99","194","200","227","227","175","175","215","217","273","277","122","126","182","190","170","186","121","121"
"18","MATCH","S15-2312","S15-2338","2","5","0.75","0.25","0.000135432285669829","0.95","241","241","194","200","227","227","175","175","215","217","273","277","122","126","182","190","170","186","121","121"
"19","UNIQUE","S15-2313","S15-2313","1","5","0.75","0.25","6.19260205259895e-05","","239","241","196","200","227","227","179","179","213","221","267","281","126","126","182","190","178","194","119","121"
"20","CHECK_UNIQUE","S15-2314","S15-2314","7","5","0.75","0.25","6.81849794605404e-05","","241","241","198","200","227","227","183","183","223","227","261","269","134","138","190","194","194","202","121","121"
"20","MATCH","S15-2314","S15-2321","7","5","0.75","0.25","6.81849794605404e-05","1","241","241","198","200","227","227","183","183","223","227","261","269","134","138","190","194","194","202","121","121"
"20","MATCH","S15-2314","S15-2328","7","5","0.75","0.25","6.81849794605404e-05","1","241","241","198","200","227","227","183","183","223","227","261","269","134","138","190","194","194","202","121","121"
"20","MATCH","S15-2314","S15-2344","7","5","0.75","0.25","6.81849794605404e-05","1","241","241","198","200","227","227","183","183","223","227","261","269","134","138","190","194","194","202","121","121"
"20","MATCH","S15-2314","S15-2332","7","5","0.75","0.25","","0.95","241","241","198","200","227","227","171","183","223","227","261","269","134","138","190","194","194","202","121","121"
"20","MATCH","S15-2314","S15-2334","7","5","0.75","0.25","","0.95","241","241","198","200","227","227","181","183","223","227","261","269","134","138","190","194","194","202","121","121"
"20","MULTIPLE_MATCH","S15-2314","S15-2327","7","5","0.75","0.25","","0.9","241","241","198","200","227","227","171","183","223","227","-99","-99","134","138","190","194","194","202","121","121"
"21","UNIQUE","S15-2316","S15-2316","1","5","0.75","0.25","7.75418018711538e-05","","241","241","194","194","229","241","173","177","213","217","281","285","128","134","190","190","190","194","121","121"
"22","UNIQUE","S15-2317","S15-2317","5","5","0.75","0.25","5.97924183425201e-05","","241","241","194","194","227","241","173","175","213","217","285","285","130","134","190","198","186","190","121","121"
"22","MATCH","S15-2317","S15-2319","5","5","0.75","0.25","","0.95","241","241","194","204","227","241","173","175","213","217","285","285","130","134","190","198","186","190","121","121"
"22","MATCH","S15-2317","S15-2326","5","5","0.75","0.25","","0.95","241","241","194","194","227","241","173","175","213","217","263","285","130","134","190","198","186","190","121","121"
"22","MATCH","S15-2317","S15-2348","5","5","0.75","0.25","","0.85","239","241","194","194","227","241","173","175","213","217","263","285","130","134","190","198","186","186","121","121"
"22","MATCH","S15-2317","S15-2352","5","5","0.75","0.25","","0.85","241","241","194","194","227","241","173","175","213","217","263","285","130","134","190","198","164","186","121","121"
"23","UNIQUE","S15-2320","S15-2320","2","5","0.75","0.25","0.000135819793938999","","239","239","196","196","227","233","175","175","213","219","269","281","134","138","190","194","186","190","121","141"
"23","MATCH","S15-2320","S15-2354","2","5","0.75","0.25","","0.95","239","239","196","196","227","233","175","175","213","219","269","269","134","138","190","194","186","190","121","141"
"24","UNIQUE","S15-2323","S15-2323","7","5","0.75","0.25","6.58696823662585e-05","","241","241","194","198","227","227","177","183","213","223","269","285","134","138","190","190","182","202","121","129"
"24","MATCH","S15-2323","S15-2341","7","5","0.75","0.25","6.58696823662585e-05","1","241","241","194","198","227","227","177","183","213","223","269","285","134","138","190","190","182","202","121","129"
"24","MATCH","S15-2323","S15-2342","7","5","0.75","0.25","6.58696823662585e-05","1","241","241","194","198","227","227","177","183","213","223","269","285","134","138","190","190","182","202","121","129"
"24","MATCH","S15-2323","S15-2343","7","5","0.75","0.25","6.58696823662585e-05","1","241","241","194","198","227","227","177","183","213","223","269","285","134","138","190","190","182","202","121","129"
"24","MATCH","S15-2323","S15-2356","7","5","0.75","0.25","6.58696823662585e-05","1","241","241","194","198","227","227","177","183","213","223","269","285","134","138","190","190","182","202","121","129"
"24","MATCH","S15-2323","S15-2329","7","5","0.75","0.25","","0.8","-99","-99","194","198","227","227","177","183","213","213","-99","-99","134","138","190","190","182","182","121","129"
"24","MATCH","S15-2323","S15-2346","7","5","0.75","0.25","","0.75","-99","-99","194","198","227","227","-666","-666","213","223","269","269","134","138","190","190","182","182","121","129"
"25","UNIQUE","S15-2324","S15-2324","1","5","0.75","0.25","3.13784914448343e-05","","239","239","200","202","231","233","161","161","213","217","255","277","126","138","190","194","160","182","119","141"
"26","UNIQUE","S15-2330","S15-2330","1","5","0.75","0.25","0.000162127970479588","","-99","-99","198","198","227","233","183","183","219","227","269","277","126","134","190","194","194","202","121","121"
"27","CHECK_UNIQUE","S15-2335","S15-2335","2","5","0.75","0.25","0.00337685797498283","","241","241","198","200","227","227","171","177","-99","-99","-99","-99","126","138","190","190","-99","-99","121","121"
"27","MULTIPLE_MATCH","S15-2335","S15-2327","2","5","0.75","0.25","","0.75","241","241","198","200","227","227","171","183","223","227","-99","-99","134","138","190","194","194","202","121","121"
"28","UNIQUE","S15-2336","S15-2336","1","5","0.75","0.25","0.000431059919365527","","239","239","198","198","227","227","177","177","217","227","-99","-99","126","138","190","194","178","202","121","121"
"29","UNIQUE","S15-2337","S15-2337","1","5","0.75","0.25","0.000695009269164451","","-99","-99","196","198","233","233","177","177","219","227","-99","-99","126","130","190","194","178","202","121","121"
"30","UNIQUE","S15-2345","S15-2345","2","5","0.75","0.25","0.000166864839571952","","-99","-99","198","200","227","227","177","183","223","227","269","289","126","138","190","190","202","202","121","121"
"30","MATCH","S15-2345","S15-3037","2","5","0.75","0.25","0.000166864839571952","0.95","239","241","198","200","227","227","177","183","223","227","269","289","126","138","190","190","202","202","121","121"
"31","UNIQUE","S15-2353","S15-2353","1","5","0.75","0.25","5.79539051873528e-05","","241","241","194","194","-99","-99","171","175","-666","-666","261","285","110","130","-666","-666","174","190","121","141"
"32","UNIQUE","S15-2358","S15-2358","1","5","0.75","0.25","5.55792969508247e-05","","241","241","198","200","227","231","171","181","219","223","269","269","126","138","194","198","178","190","121","121"
"33","UNIQUE","S15-2363","S15-2363","1","5","0.75","0.25","8.55667875585675e-05","","239","241","196","200","227","227","173","175","225","227","245","265","126","128","190","194","194","194","119","121"
"34","UNIQUE","S15-2364","S15-2364","1","5","0.75","0.25","0.000148340697984351","","-99","-99","198","200","231","233","161","161","219","221","261","261","134","138","190","190","182","190","121","121"
"35","UNIQUE","S15-2367","S15-2367","1","5","0.75","0.25","5.78100046108369e-05","","239","241","194","196","231","231","171","177","219","225","261","263","128","128","190","198","190","194","141","141"
"36","UNIQUE","S15-2377","S15-2377","2","5","0.75","0.25","0.000130176815292656","","239","239","196","200","227","227","171","175","225","229","269","277","128","130","190","190","186","190","121","141"
"36","MATCH","S15-2377","S15-3041","2","5","0.75","0.25","","0.9","239","239","196","200","227","227","175","175","225","229","269","277","128","130","190","190","186","186","121","141"
"37","UNIQUE","S15-2381","S15-2381","3","5","0.75","0.25","7.85348230960062e-05","","-99","-99","196","198","231","231","161","161","225","231","255","281","122","126","190","194","178","186","121","129"
"37","MATCH","S15-2381","S15-2382","3","5","0.75","0.25","7.85348230960062e-05","0.95","239","241","196","198","231","231","161","161","225","231","255","281","122","126","190","194","178","186","121","129"
"37","MATCH","S15-2381","S15-2383","3","5","0.75","0.25","7.85348230960062e-05","0.95","239","241","196","198","231","231","161","161","225","231","255","281","122","126","190","194","178","186","121","129"
"38","UNIQUE","S15-2385","S15-2385","1","5","0.75","0.25","0.000107299176912093","","239","241","194","200","227","231","175","175","213","225","273","277","110","126","190","194","190","190","121","121"
"39","UNIQUE","S15-2386","S15-2386","2","5","0.75","0.25","7.07547822036693e-05","","239","239","198","200","231","233","-666","-666","219","231","269","277","134","134","190","194","182","182","119","121"
"39","MATCH","S15-2386","S15-2387","2","5","0.75","0.25","","0.9","239","239","198","200","231","233","181","183","219","231","269","277","134","134","190","194","182","182","119","121"
"40","UNIQUE","S15-2388","S15-2388","1","5","0.75","0.25","3.62877144732867e-05","","239","241","196","198","231","231","-666","-666","223","231","255","281","122","126","194","198","186","190","121","129"
"41","UNIQUE","S15-2398","S15-2398","1","5","0.75","0.25","0.000744123593107947","","239","239","194","194","-99","-99","173","179","225","225","-99","-99","128","134","190","190","178","186","119","121"
"42","UNIQUE","S15-2404","S15-2404","2","5","0.75","0.25","0.000189145147839202","","-99","-99","196","200","233","233","173","177","225","227","249","249","128","134","190","194","164","190","121","121"
"42","MATCH","S15-2404","S15-2409","2","5","0.75","0.25","","0.8","239","239","196","200","233","233","-666","-666","225","227","249","255","128","134","190","194","164","190","121","121"
"43","UNIQUE","S15-2412","S15-2412","1","5","0.75","0.25","7.35931878880309e-05","","239","239","196","200","235","235","181","183","225","225","269","277","122","126","190","194","178","186","121","121"
"44","UNIQUE","S15-2418","S15-2418","1","5","0.75","0.25","0.000329127749481983","","241","241","196","198","-99","-99","173","181","-666","-666","261","261","134","134","190","190","190","194","121","121"
"45","UNIQUE","S15-2422","S15-2422","1","5","0.75","0.25","1.67249932684425e-05","","241","241","196","198","231","237","171","171","217","221","269","269","122","126","198","198","170","202","119","141"
"46","UNIQUE","S15-2423","S15-2423","1","5","0.75","0.25","3.38189579472439e-05","","241","241","198","204","227","231","171","177","-666","-666","263","269","126","126","190","198","-666","-666","141","141"
"47","UNIQUE","S15-2426","S15-2426","1","5","0.75","0.25","2.60025741565701e-05","","241","241","198","200","-666","-666","171","171","215","219","253","265","128","134","182","194","182","182","121","141"
"48","UNIQUE","S15-2428","S15-2428","2","5","0.75","0.25","9.39328979040658e-05","","239","241","194","196","227","227","167","173","223","227","265","269","138","138","182","190","182","182","121","121"
"48","MATCH","S15-2428","S15-2435","2","5","0.75","0.25","","0.95","239","241","194","196","227","227","167","173","223","227","265","269","134","138","182","190","182","182","121","121"
"49","UNIQUE","S15-2431","S15-2431","7","5","0.75","0.25","7.24729543612541e-05","","239","241","196","200","227","233","171","181","219","223","253","265","128","134","182","194","182","182","121","141"
"49","MATCH","S15-2431","S15-2619","7","5","0.75","0.25","","0.95","239","241","196","200","227","233","181","181","219","223","253","265","128","134","182","194","182","182","121","141"
"49","MATCH","S15-2431","S15-3046","7","5","0.75","0.25","","0.95","239","241","196","200","227","233","181","181","219","223","253","265","128","134","182","194","182","182","121","141"
"49","MATCH","S15-2431","S15-2433","7","5","0.75","0.25","","0.9","239","241","196","200","227","233","-666","-666","219","223","253","265","128","134","182","194","182","182","121","141"
"49","MATCH","S15-2431","S15-3047","7","5","0.75","0.25","","0.8","-99","-99","196","200","227","233","181","181","219","223","-99","-99","128","134","182","194","-99","-99","121","141"
"49","MATCH","S15-2431","S15-2432","7","5","0.75","0.25","","0.75","241","241","-666","-666","227","233","-666","-666","219","223","253","265","128","134","182","194","182","182","121","141"
"49","MATCH","S15-2431","S15-3049","7","5","0.75","0.25","","0.75","-99","-99","200","200","227","233","-99","-99","219","223","253","253","128","134","182","194","-99","-99","121","141"
"50","UNIQUE","S15-2462","S15-2462","3","5","0.75","0.25","0.000138464203751708","","239","241","196","196","227","227","161","177","223","231","273","273","128","134","182","190","174","190","121","141"
"50","MATCH","S15-2462","S15-2501","3","5","0.75","0.25","0.000138464203751708","1","239","241","196","196","227","227","161","177","223","231","273","273","128","134","182","190","174","190","121","141"
"50","MATCH","S15-2462","S15-2756","3","5","0.75","0.25","","0.85","241","241","196","196","227","227","161","177","-99","-99","273","273","128","134","182","190","174","174","121","141"
"51","UNIQUE","S15-2483","S15-2483","2","5","0.75","0.25","8.035927415386e-05","","239","239","194","196","-666","-666","177","177","225","225","237","237","126","134","190","198","186","190","121","141"
"51","MATCH","S15-2483","S15-2502","2","5","0.75","0.25","","0.8","239","239","194","196","227","231","177","177","225","227","237","269","126","134","190","198","186","190","121","141"
"52","UNIQUE","S15-2485","S15-2485","1","5","0.75","0.25","1.02493542381475e-05","","239","239","-666","-666","227","233","161","171","-666","-666","277","285","-666","-666","-666","-666","182","186","-666","-666"
"53","UNIQUE","S15-2486","S15-2486","3","5","0.75","0.25","0.000139396986800563","","239","241","196","196","227","241","177","181","223","223","273","277","134","134","182","190","174","178","121","121"
"53","MATCH","S15-2486","S15-3068","3","5","0.75","0.25","0.000139396986800563","1","239","241","196","196","227","241","177","181","223","223","273","277","134","134","182","190","174","178","121","121"
"53","MATCH","S15-2486","S15-2757","3","5","0.75","0.25","","0.8","239","239","196","196","227","241","-666","-666","223","223","-99","-99","134","134","182","190","174","178","121","121"
"54","UNIQUE","S15-2498","S15-2498","2","5","0.75","0.25","7.56111052564844e-05","","241","241","196","196","227","233","173","175","221","223","253","277","126","134","182","194","178","190","119","121"
"54","MATCH","S15-2498","S15-2500","2","5","0.75","0.25","7.56111052564844e-05","1","241","241","196","196","227","233","173","175","221","223","253","277","126","134","182","194","178","190","119","121"
"55","UNIQUE","S15-2499","S15-2499","1","5","0.75","0.25","6.37868103586116e-05","","241","241","198","200","235","235","171","171","219","223","277","277","126","128","190","194","178","182","121","121"
"56","UNIQUE","S15-2503","S15-2503","1","5","0.75","0.25","7.73116530425665e-05","","239","239","196","196","227","231","159","173","227","231","253","253","122","138","190","190","178","182","119","121"
"57","UNIQUE","S15-2504","S15-2504","1","5","0.75","0.25","0.000112343277083712","","241","241","196","196","227","231","173","173","213","219","277","289","134","134","190","194","182","198","121","121"
"58","UNIQUE","S15-2505","S15-2505","1","5","0.75","0.25","2.65031976708718e-05","","239","239","196","198","227","231","-666","-666","221","227","261","261","-666","-666","190","198","182","182","-666","-666"
"59","UNIQUE","S15-2507","S15-2507","3","5","0.75","0.25","5.07779207283754e-05","","239","239","200","200","227","233","159","161","219","231","253","255","122","134","190","194","178","178","119","121"
"59","MATCH","S15-2507","S15-2509","3","5","0.75","0.25","5.07779207283754e-05","1","239","239","200","200","227","233","159","161","219","231","253","255","122","134","190","194","178","178","119","121"
"59","MATCH","S15-2507","S15-2510","3","5","0.75","0.25","5.07779207283754e-05","1","239","239","200","200","227","233","159","161","219","231","253","255","122","134","190","194","178","178","119","121"
"60","UNIQUE","S15-2511","S15-2511","1","5","0.75","0.25","4.82219948638145e-05","","241","241","198","198","233","241","177","177","213","219","265","273","126","130","182","194","164","178","121","121"
"61","CHECK_UNIQUE","S15-2512","S15-2512","12","5","0.75","0.25","0.000207284275413743","","239","239","196","200","227","235","175","177","221","227","269","273","126","134","190","190","190","190","121","121"
"61","MATCH","S15-2512","S15-2516","12","5","0.75","0.25","0.000207284275413743","1","239","239","196","200","227","235","175","177","221","227","269","273","126","134","190","190","190","190","121","121"
"61","MATCH","S15-2512","S15-2521","12","5","0.75","0.25","0.000207284275413743","1","239","239","196","200","227","235","175","177","221","227","269","273","126","134","190","190","190","190","121","121"
"61","MATCH","S15-2512","S15-2554","12","5","0.75","0.25","0.000207284275413743","1","239","239","196","200","227","235","175","177","221","227","269","273","126","134","190","190","190","190","121","121"
"61","MATCH","S15-2512","S15-2561","12","5","0.75","0.25","0.000207284275413743","1","239","239","196","200","227","235","175","177","221","227","269","273","126","134","190","190","190","190","121","121"
"61","MATCH","S15-2512","S15-2604","12","5","0.75","0.25","0.000207284275413743","1","239","239","196","200","227","235","175","177","221","227","269","273","126","134","190","190","190","190","121","121"
"61","MATCH","S15-2512","S15-2790","12","5","0.75","0.25","0.000207284275413743","1","239","239","196","200","227","235","175","177","221","227","269","273","126","134","190","190","190","190","121","121"
"61","MATCH","S15-2512","S15-2551","12","5","0.75","0.25","","0.95","239","239","196","200","227","235","175","177","221","227","269","269","126","134","190","190","190","190","121","121"
"61","MATCH","S15-2512","S15-2605","12","5","0.75","0.25","","0.95","239","239","196","200","227","235","175","177","221","221","269","273","126","134","190","190","190","190","121","121"
"61","MATCH","S15-2512","S15-2795","12","5","0.75","0.25","","0.9","239","239","196","200","227","235","175","175","221","227","-99","-99","126","134","190","190","190","190","121","121"
"61","MULTIPLE_MATCH","S15-2512","S15-2517","12","5","0.75","0.25","","0.85","239","239","196","196","227","235","175","177","227","227","-99","-99","126","134","190","190","190","190","121","121"
"61","MATCH","S15-2512","S15-2791","12","5","0.75","0.25","","0.75","239","239","196","200","227","227","175","177","-666","-666","273","273","126","134","190","204","190","190","121","121"
"62","UNIQUE","S15-2513","S15-2513","1","5","0.75","0.25","0.00010510784821776","","239","239","196","200","235","235","173","177","219","227","245","273","126","134","190","198","182","190","121","141"
"63","UNIQUE","S15-2514","S15-2514","4","5","0.75","0.25","5.15783070196408e-05","","239","241","196","198","227","239","179","179","219","231","269","269","130","130","190","198","178","194","119","121"
"63","MATCH","S15-2514","S15-2553","4","5","0.75","0.25","5.15783070196408e-05","1","239","241","196","198","227","239","179","179","219","231","269","269","130","130","190","198","178","194","119","121"
"63","MATCH","S15-2514","S15-2555","4","5","0.75","0.25","5.15783070196408e-05","1","239","241","196","198","227","239","179","179","219","231","269","269","130","130","190","198","178","194","119","121"
"63","MATCH","S15-2514","S15-2794","4","5","0.75","0.25","","0.9","239","241","196","198","239","239","179","179","219","231","269","269","130","130","190","198","178","194","121","121"
"64","UNIQUE","S15-2515","S15-2515","3","5","0.75","0.25","5.69002397259357e-05","","239","241","196","198","233","233","177","179","213","231","273","273","128","130","182","194","164","198","121","141"
"64","MATCH","S15-2515","S15-2592","3","5","0.75","0.25","","0.9","239","241","196","198","233","233","177","179","213","231","261","273","128","130","182","194","164","164","121","141"
"64","MATCH","S15-2515","S15-2600","3","5","0.75","0.25","","0.75","241","241","196","198","233","233","177","179","213","231","261","261","128","128","182","194","164","164","121","141"
"65","UNIQUE","S15-2522","S15-2522","1","5","0.75","0.25","7.0296656752776e-05","","239","239","196","200","227","231","175","179","213","217","269","277","130","138","190","194","164","190","119","121"
"66","UNIQUE","S15-2524","S15-2524","6","5","0.75","0.25","7.39974632646867e-05","","239","239","194","198","227","229","173","175","225","227","277","277","122","128","190","198","164","182","121","141"
"66","MATCH","S15-2524","S15-2531","6","5","0.75","0.25","","0.95","239","239","194","198","227","229","173","175","225","227","273","277","122","128","190","198","164","182","121","141"
"66","MATCH","S15-2524","S15-2537","6","5","0.75","0.25","","0.95","239","239","194","198","227","229","173","175","225","227","273","277","122","128","190","198","164","182","121","141"
"66","MATCH","S15-2524","S15-2702","6","5","0.75","0.25","0.000221084863729984","0.95","239","239","194","198","227","229","173","175","225","227","-99","-99","122","128","190","198","164","182","121","141"
"66","MATCH","S15-2524","S15-3084","6","5","0.75","0.25","","0.9","239","239","194","198","227","229","173","175","225","227","273","277","122","128","190","198","164","164","121","141"
"66","MATCH","S15-2524","S15-2534","6","5","0.75","0.25","","0.85","239","239","194","198","227","229","173","175","225","225","273","273","122","128","190","198","164","182","121","141"
"67","UNIQUE","S15-2525","S15-2525","5","5","0.75","0.25","0.000136632342482524","","239","239","194","204","227","227","175","175","225","227","255","269","134","134","190","190","178","194","121","121"
"67","MATCH","S15-2525","S15-2526","5","5","0.75","0.25","","0.95","239","239","194","204","227","227","175","175","225","225","255","269","134","134","190","190","178","194","121","121"
"67","MATCH","S15-2525","S15-2802","5","5","0.75","0.25","","0.95","239","239","194","204","227","227","175","175","225","225","255","269","134","134","190","190","178","194","121","121"
"67","MATCH","S15-2525","S15-2539","5","5","0.75","0.25","","0.9","239","239","194","204","227","227","175","175","225","225","255","255","134","134","190","190","178","194","121","121"
"67","MATCH","S15-2525","S15-3071","5","5","0.75","0.25","","0.8","239","239","194","204","227","227","175","175","225","225","255","255","134","134","190","190","-666","-666","121","121"
"68","UNIQUE","S15-2527","S15-2527","7","5","0.75","0.25","0.000112344924433706","","239","239","194","200","227","227","175","175","225","231","277","277","134","134","182","190","178","178","121","141"
"68","MATCH","S15-2527","S15-2546","7","5","0.75","0.25","","0.95","239","239","194","200","227","227","175","175","225","231","255","277","134","134","182","190","178","178","121","141"
"68","MATCH","S15-2527","S15-2557","7","5","0.75","0.25","","0.95","239","239","194","200","227","227","175","175","225","231","255","277","134","134","182","190","178","178","121","141"
"68","MATCH","S15-2527","S15-2778","7","5","0.75","0.25","","0.9","239","239","194","200","227","227","175","175","225","231","255","255","134","134","182","190","178","178","121","141"
"68","MATCH","S15-2527","S15-2780","7","5","0.75","0.25","","0.9","239","239","194","200","227","227","175","175","225","231","255","277","130","134","182","190","178","178","121","141"
"68","MATCH","S15-2527","S15-2538","7","5","0.75","0.25","","0.75","239","241","194","200","227","227","175","187","225","227","247","255","134","134","182","190","178","178","121","141"
"68","MATCH","S15-2527","S15-3079","7","5","0.75","0.25","","0.75","239","241","194","200","227","227","175","187","225","227","247","255","134","134","182","190","178","178","121","141"
"69","UNIQUE","S15-2533","S15-2533","2","5","0.75","0.25","9.86432012468194e-05","","239","241","196","200","227","227","177","177","227","231","253","255","126","134","186","186","178","190","121","121"
"69","MATCH","S15-2533","S15-2800","2","5","0.75","0.25","9.86432012468194e-05","1","239","241","196","200","227","227","177","177","227","231","253","255","126","134","186","186","178","190","121","121"
"70","UNIQUE","S15-2540","S15-2540","4","5","0.75","0.25","9.48261934585166e-05","","239","241","196","200","231","239","177","179","227","227","269","273","134","134","186","190","164","182","121","121"
"70","MATCH","S15-2540","S15-3082","4","5","0.75","0.25","9.48261934585166e-05","1","239","241","196","200","231","239","177","179","227","227","269","273","134","134","186","190","164","182","121","121"
"70","MATCH","S15-2540","S15-2787","4","5","0.75","0.25","","0.9","239","241","196","200","231","231","177","179","227","227","-99","-99","134","134","186","190","164","182","121","121"
"70","MATCH","S15-2540","S15-2804","4","5","0.75","0.25","","0.9","239","241","196","200","231","239","177","179","227","229","-99","-99","134","134","186","190","164","182","121","121"
"71","UNIQUE","S15-2543","S15-2543","3","5","0.75","0.25","0.000103499317368552","","239","241","194","196","233","239","173","177","227","227","273","273","126","134","186","190","164","186","121","141"
"71","MATCH","S15-2543","S15-3074","3","5","0.75","0.25","0.000312046165034889","0.95","239","241","194","196","233","239","173","177","227","227","-99","-99","126","134","186","190","164","186","121","141"
"71","MATCH","S15-2543","S15-2809","3","5","0.75","0.25","","0.8","239","241","194","196","233","239","173","177","227","227","273","273","-666","-666","186","190","164","186","-666","-666"
"72","UNIQUE","S15-2545","S15-2545","1","5","0.75","0.25","8.72707884527927e-05","","239","239","194","196","227","233","-666","-666","-666","-666","269","269","126","134","182","190","-666","-666","121","121"
"73","UNIQUE","S15-2547","S15-2547","2","5","0.75","0.25","0.000105473592112795","","239","241","198","204","227","227","175","187","219","225","269","269","128","134","190","190","182","194","121","141"
"73","MATCH","S15-2547","S15-2805","2","5","0.75","0.25","","0.9","241","241","198","204","227","227","175","187","219","225","-99","-99","128","134","190","190","182","194","121","141"
"74","UNIQUE","S15-2548","S15-2548","1","5","0.75","0.25","0.000316108010711566","","239","239","196","196","231","233","175","179","223","223","-99","-99","122","138","190","190","202","202","121","121"
"75","UNIQUE","S15-2549","S15-2549","2","5","0.75","0.25","8.43171561846851e-05","","239","239","198","202","227","233","161","175","213","225","277","277","126","134","190","198","190","194","121","141"
"75","MATCH","S15-2549","S15-2550","2","5","0.75","0.25","8.43171561846851e-05","1","239","239","198","202","227","233","161","175","213","225","277","277","126","134","190","198","190","194","121","141"
"76","UNIQUE","S15-2556","S15-2556","2","5","0.75","0.25","7.92796462748365e-05","","239","241","196","200","227","229","173","175","219","225","245","273","126","128","190","198","182","190","141","141"
"76","MATCH","S15-2556","S15-2723","2","5","0.75","0.25","","0.75","239","241","196","200","-666","-666","173","175","219","225","245","273","-666","-666","190","198","182","190","121","141"
"77","UNIQUE","S15-2568","S15-2568","1","5","0.75","0.25","0.000118517097180265","","241","241","-666","-666","227","233","179","181","-666","-666","-99","-99","134","134","190","198","-666","-666","121","141"
"78","UNIQUE","S15-2570","S15-2570","1","5","0.75","0.25","0.00042467626241027","","239","241","194","194","227","231","175","177","213","225","-99","-99","134","134","190","194","190","194","121","121"
"79","UNIQUE","S15-2586","S15-2586","1","5","0.75","0.25","0.000139843605628946","","239","241","196","198","227","231","173","179","225","231","261","277","130","134","190","190","178","182","121","141"
"80","UNIQUE","S15-2591","S15-2591","2","5","0.75","0.25","7.96771395072133e-05","","241","241","198","198","233","233","171","181","213","223","269","269","134","134","190","194","190","194","121","141"
"80","MATCH","S15-2591","S15-2601","2","5","0.75","0.25","","0.85","239","241","198","198","233","233","171","181","213","223","273","273","134","134","190","194","190","194","121","141"
"81","UNIQUE","S15-2595","S15-2595","1","5","0.75","0.25","9.39909960686432e-05","","239","241","196","200","233","239","175","177","219","231","261","261","130","134","190","194","164","178","121","141"
"82","CHECK_UNIQUE","S15-2603","S15-2603","2","5","0.75","0.25","0.00010913833921461","","239","241","194","200","227","227","175","177","219","223","281","281","134","134","190","190","182","190","119","141"
"82","MULTIPLE_MATCH","S15-2603","S15-2609","2","5","0.75","0.25","","0.95","239","241","194","200","227","227","175","177","219","223","273","281","134","134","190","190","182","190","119","141"
"83","CHECK_UNIQUE","S15-2610","S15-2610","2","5","0.75","0.25","7.30278567428001e-05","","239","241","-666","-666","227","239","175","175","-666","-666","255","273","126","134","190","190","190","190","119","121"
"83","MULTIPLE_MATCH","S15-2610","S15-2768","2","5","0.75","0.25","","0.75","239","241","196","198","227","239","175","175","219","231","255","273","126","134","190","190","190","190","119","119"
"84","UNIQUE","S15-2611","S15-2611","1","5","0.75","0.25","6.75266466761529e-05","","239","239","200","204","227","227","177","177","217","225","255","269","134","144","182","190","178","182","121","129"
"85","UNIQUE","S15-2620","S15-2620","1","5","0.75","0.25","0.00018703935271819","","239","241","196","196","227","227","161","177","-666","-666","-99","-99","128","134","-666","-666","-666","-666","121","141"
"86","UNIQUE","S15-2621","S15-2621","1","5","0.75","0.25","0.000140566421183518","","239","239","196","200","227","227","177","181","213","227","261","261","126","128","190","194","190","194","121","141"
"87","UNIQUE","S15-2623","S15-2623","1","5","0.75","0.25","0.000130342723308479","","239","239","196","198","227","227","173","181","223","223","245","255","122","126","190","194","178","190","121","141"
"88","UNIQUE","S15-2628","S15-2628","3","5","0.75","0.25","0.000103594451833726","","239","239","194","198","227","227","177","181","227","227","253","273","126","134","182","190","182","186","119","121"
"88","MATCH","S15-2628","S15-2637","3","5","0.75","0.25","0.000103594451833726","1","239","239","194","198","227","227","177","181","227","227","253","273","126","134","182","190","182","186","119","121"
"88","MATCH","S15-2628","S15-2638","3","5","0.75","0.25","0.000103594451833726","1","239","239","194","198","227","227","177","181","227","227","253","273","126","134","182","190","182","186","119","121"
"89","UNIQUE","S15-2649","S15-2649","1","5","0.75","0.25","8.55391490522169e-05","","239","241","198","198","227","235","173","177","223","231","255","265","122","126","190","194","178","194","121","141"
"90","UNIQUE","S15-2658","S15-2658","2","5","0.75","0.25","0.000100018780049983","","239","241","196","198","227","227","-666","-666","219","231","273","273","134","134","190","194","182","194","119","121"
"90","MATCH","S15-2658","S15-2667","2","5","0.75","0.25","0.000100018780049983","1","239","241","196","198","227","227","-666","-666","219","231","273","273","134","134","190","194","182","194","119","121"
"91","UNIQUE","S15-2661","S15-2661","1","5","0.75","0.25","6.98250807350412e-05","","239","241","194","196","235","235","161","171","227","231","263","269","128","128","190","194","182","186","121","121"
"92","UNIQUE","S15-2662","S15-2662","4","5","0.75","0.25","0.000116011857930994","","239","241","196","196","235","235","161","177","227","231","269","269","126","134","190","194","182","186","121","141"
"92","MATCH","S15-2662","S15-2984","4","5","0.75","0.25","","0.8","239","241","196","196","235","239","175","179","213","231","269","269","126","134","190","194","182","186","121","141"
"92","MATCH","S15-2662","S15-3014","4","5","0.75","0.25","","0.8","239","241","196","196","235","235","175","179","213","231","269","269","126","134","190","194","-99","-99","121","141"
"92","MATCH","S15-2662","S15-3028","4","5","0.75","0.25","","0.75","239","241","196","196","235","239","175","179","213","231","269","277","126","134","190","194","182","186","121","141"
"93","UNIQUE","S15-2663","S15-2663","1","5","0.75","0.25","0.000208975064251498","","241","241","196","198","227","227","185","187","-666","-666","-99","-99","134","134","190","194","182","194","119","121"
"94","UNIQUE","S15-2664","S15-2664","1","5","0.75","0.25","8.25422489668263e-05","","239","239","194","198","233","233","171","171","219","229","277","277","126","134","190","190","186","186","141","141"
"95","UNIQUE","S15-2669","S15-2669","2","5","0.75","0.25","0.000129115479802945","","239","239","198","198","231","233","177","177","217","225","261","277","126","130","190","190","178","194","121","141"
"95","MATCH","S15-2669","S15-3059","2","5","0.75","0.25","","0.95","239","239","198","198","231","233","177","177","217","225","261","277","126","130","190","190","178","178","121","141"
"96","UNIQUE","S15-2672","S15-2672","2","5","0.75","0.25","2.51300474589772e-05","","239","241","196","196","-666","-666","173","175","-666","-666","253","277","-666","-666","-666","-666","178","190","119","121"
"96","MATCH","S15-2672","S15-2674","2","5","0.75","0.25","","0.85","239","241","196","200","-666","-666","-666","-666","-666","-666","253","277","-666","-666","-666","-666","178","190","119","121"
"97","UNIQUE","S15-2673","S15-2673","1","5","0.75","0.25","2.04263381123063e-05","","241","241","198","200","229","235","171","171","-666","-666","277","277","-666","-666","-666","-666","178","182","121","121"
"98","UNIQUE","S15-2678","S15-2678","2","5","0.75","0.25","0.000154034225029667","","241","241","196","198","237","239","179","179","221","227","-99","-99","128","134","190","198","190","198","121","141"
"98","MATCH","S15-2678","S15-2679","2","5","0.75","0.25","","0.9","241","241","196","198","237","239","177","179","221","227","261","261","128","134","190","198","190","198","121","141"
"99","UNIQUE","S15-2695","S15-2695","1","5","0.75","0.25","7.99271067839664e-05","","239","241","196","198","233","233","177","177","227","227","255","255","134","134","182","190","182","202","119","141"
"100","UNIQUE","S15-2696","S15-2696","1","5","0.75","0.25","4.72598279637304e-05","","241","241","194","196","227","239","171","177","223","227","261","261","128","134","182","190","182","182","119","129"
"101","UNIQUE","S15-2697","S15-2697","2","5","0.75","0.25","8.76862845126203e-05","","239","241","194","198","239","239","173","177","223","223","261","273","128","134","190","190","182","190","119","141"
"101","MATCH","S15-2697","S15-2698","2","5","0.75","0.25","8.76862845126203e-05","1","239","241","194","198","239","239","173","177","223","223","261","273","128","134","190","190","182","190","119","141"
"102","UNIQUE","S15-2699","S15-2699","1","5","0.75","0.25","4.34543938700973e-05","","239","241","194","198","231","239","171","177","223","225","245","261","126","134","182","190","182","182","119","129"
"103","UNIQUE","S15-2701","S15-2701","2","5","0.75","0.25","4.94630206689197e-05","","239","241","196","200","233","237","173","177","227","229","269","269","138","138","194","194","178","186","119","121"
"103","MATCH","S15-2701","S15-2704","2","5","0.75","0.25","","0.95","239","241","196","200","233","237","173","177","227","229","269","269","138","138","190","194","178","186","119","121"
"104","UNIQUE","S15-2705","S15-2705","1","5","0.75","0.25","0.000103587163951821","","239","241","196","196","231","233","175","179","223","227","269","281","128","130","190","190","160","178","121","141"
"105","UNIQUE","S15-2706","S15-2706","1","5","0.75","0.25","0.000417905106255241","","-99","-99","194","204","227","227","-666","-666","225","225","-99","-99","128","134","190","194","178","194","121","121"
"106","UNIQUE","S15-2707","S15-2707","1","5","0.75","0.25","0.000123276796219882","","239","241","194","196","233","233","175","179","221","227","253","273","126","134","190","190","160","178","121","121"
"107","UNIQUE","S15-2708","S15-2708","3","5","0.75","0.25","0.000112436095994577","","239","239","196","196","233","233","161","161","225","229","269","277","126","134","190","198","186","190","121","121"
"107","MATCH","S15-2708","S15-2710","3","5","0.75","0.25","0.000112436095994577","1","239","239","196","196","233","233","161","161","225","229","269","277","126","134","190","198","186","190","121","121"
"107","MATCH","S15-2708","S15-2712","3","5","0.75","0.25","0.000112436095994577","1","239","239","196","196","233","233","161","161","225","229","269","277","126","134","190","198","186","190","121","121"
"108","UNIQUE","S15-2709","S15-2709","3","5","0.75","0.25","7.0236983817697e-05","","239","239","196","198","233","235","175","179","213","223","233","281","126","138","190","198","182","190","121","141"
"108","MATCH","S15-2709","S15-2714","3","5","0.75","0.25","7.0236983817697e-05","1","239","239","196","198","233","235","175","179","213","223","233","281","126","138","190","198","182","190","121","141"
"108","MATCH","S15-2709","S15-2713","3","5","0.75","0.25","","0.75","239","239","196","198","233","239","175","177","213","231","281","281","126","138","190","190","182","190","121","141"
"109","UNIQUE","S15-2711","S15-2711","1","5","0.75","0.25","0.0001309596496459","","239","239","196","196","233","233","161","175","219","229","269","269","126","134","182","190","178","190","121","121"
"110","UNIQUE","S15-2717","S15-2717","2","5","0.75","0.25","5.0829647967862e-05","","239","239","194","200","231","233","179","179","223","227","245","277","128","134","194","194","178","182","119","121"
"110","MATCH","S15-2717","S15-2731","2","5","0.75","0.25","","0.85","239","241","194","200","231","233","179","179","223","227","245","245","128","128","194","194","178","182","119","121"
"111","UNIQUE","S15-2718","S15-2718","5","5","0.75","0.25","4.83761278077958e-05","","241","241","194","198","227","233","179","179","225","229","265","281","134","134","190","198","164","198","121","121"
"111","MATCH","S15-2718","S15-2721","5","5","0.75","0.25","","0.95","241","241","194","198","227","233","179","181","225","229","265","281","134","134","190","198","164","198","121","121"
"111","MATCH","S15-2718","S15-2728","5","5","0.75","0.25","","0.95","241","241","194","198","227","233","179","181","225","229","265","281","134","134","190","198","164","198","121","121"
"111","MATCH","S15-2718","S15-2719","5","5","0.75","0.25","","0.9","241","241","194","198","227","233","179","179","225","229","265","265","134","134","190","198","164","164","121","121"
"111","MATCH","S15-2718","S15-2725","5","5","0.75","0.25","","0.85","241","241","194","198","227","233","179","179","229","229","265","265","134","134","190","198","164","164","121","121"
"112","UNIQUE","S15-2722","S15-2722","1","5","0.75","0.25","6.59836925551969e-05","","239","241","194","200","227","231","179","179","225","227","261","277","128","134","190","194","182","198","119","121"
"113","UNIQUE","S15-2729","S15-2729","1","5","0.75","0.25","6.05486498301412e-05","","239","239","200","200","233","233","177","177","223","227","249","249","130","130","182","190","182","190","119","121"
"114","UNIQUE","S15-2730","S15-2730","1","5","0.75","0.25","4.99552242304526e-05","","239","239","196","202","227","231","171","173","223","223","253","265","122","138","190","194","186","194","141","141"
"115","UNIQUE","S15-2746","S15-2746","2","5","0.75","0.25","9.55854295023598e-05","","239","239","196","198","227","227","173","175","215","223","245","253","122","138","190","194","190","194","121","141"
"115","MATCH","S15-2746","S15-2752","2","5","0.75","0.25","9.55854295023598e-05","1","239","239","196","198","227","227","173","175","215","223","245","253","122","138","190","194","190","194","121","141"
"116","UNIQUE","S15-2753","S15-2753","1","5","0.75","0.25","4.97843066440748e-05","","239","241","-666","-666","231","231","175","175","215","223","245","245","122","128","190","190","162","190","121","121"
"117","UNIQUE","S15-2754","S15-2754","1","5","0.75","0.25","0.000114318781298235","","239","241","194","200","227","233","175","175","223","227","247","263","130","134","190","194","190","190","121","121"
"118","UNIQUE","S15-2758","S15-2758","1","5","0.75","0.25","7.87694012721665e-05","","241","241","196","198","239","239","175","177","225","231","273","273","128","128","190","190","190","190","119","121"
"119","UNIQUE","S15-2760","S15-2760","1","5","0.75","0.25","4.06750233748315e-05","","239","241","-666","-666","227","235","175","177","-666","-666","-666","-666","-666","-666","190","190","190","190","119","121"
"120","CHECK_UNIQUE","S15-2761","S15-2761","2","5","0.75","0.25","8.34386699755435e-05","","239","241","196","198","227","239","175","175","219","231","255","255","126","134","190","190","190","190","119","119"
"120","MULTIPLE_MATCH","S15-2761","S15-2768","2","5","0.75","0.25","","0.95","239","241","196","198","227","239","175","175","219","231","255","273","126","134","190","190","190","190","119","119"
"121","UNIQUE","S15-2763","S15-2763","2","5","0.75","0.25","6.67905118906036e-05","","241","241","196","196","227","237","171","177","225","227","237","273","110","134","186","190","182","198","121","121"
"121","MATCH","S15-2763","S15-2770","2","5","0.75","0.25","0.000228559269675194","0.95","241","241","196","196","227","237","171","177","225","227","-99","-99","110","134","186","190","182","198","121","121"
"122","UNIQUE","S15-2779","S15-2779","1","5","0.75","0.25","0.00145217870893089","","239","239","204","204","-99","-99","-99","-99","215","225","-99","-99","134","134","190","190","178","194","121","123"
"123","CHECK_UNIQUE","S15-2793","S15-2793","4","5","0.75","0.25","0.000500190454533719","","239","239","196","196","227","235","175","177","213","227","-99","-99","126","126","182","190","178","190","121","121"
"123","MULTIPLE_MATCH","S15-2793","S15-2517","4","5","0.75","0.25","","0.8","239","239","196","196","227","235","175","177","227","227","-99","-99","126","134","190","190","190","190","121","121"
"123","MULTIPLE_MATCH","S15-2793","S15-2988","4","5","0.75","0.25","","0.75","239","239","196","196","227","231","175","177","223","227","281","281","130","134","182","190","178","190","121","121"
"123","MULTIPLE_MATCH","S15-2793","S15-2994","4","5","0.75","0.25","","0.75","239","239","196","196","227","231","175","177","223","227","281","281","130","134","182","190","178","190","121","121"
"124","UNIQUE","S15-2799","S15-2799","1","5","0.75","0.25","8.59747699148284e-05","","239","239","200","202","227","227","161","177","225","227","273","277","126","134","190","198","190","190","141","141"
"125","UNIQUE","S15-2803","S15-2803","1","5","0.75","0.25","6.40109831773348e-05","","239","239","200","200","227","237","175","175","223","225","253","277","126","134","190","194","178","182","129","141"
"126","UNIQUE","S15-2808","S15-2808","1","5","0.75","0.25","0.000183877738182514","","239","239","194","198","233","233","173","177","227","227","273","273","126","134","190","190","164","190","121","121"
"127","UNIQUE","S15-2810","S15-2810","4","5","0.75","0.25","6.31533810798349e-05","","239","239","196","200","233","239","173","175","213","231","269","269","128","134","182","194","-666","-666","121","121"
"127","MATCH","S15-2810","S15-2875","4","5","0.75","0.25","","0.95","239","239","196","200","233","233","173","175","213","231","269","269","128","134","182","194","-666","-666","121","121"
"127","MATCH","S15-2810","S15-2850","4","5","0.75","0.25","","0.85","239","239","196","200","-99","-99","171","173","213","231","269","269","128","134","182","194","-666","-666","121","121"
"127","MATCH","S15-2810","S15-2851","4","5","0.75","0.25","","0.75","239","239","196","200","-99","-99","173","173","213","231","-99","-99","128","134","182","194","182","190","121","121"
"128","UNIQUE","S15-2813","S15-2813","9","5","0.75","0.25","0.000534946466673583","","241","241","196","196","227","233","175","177","223","223","-99","-99","122","126","190","190","190","190","121","141"
"128","MATCH","S15-2813","S15-2815","9","5","0.75","0.25","","0.9","241","241","194","196","227","233","175","177","223","227","-99","-99","122","126","190","190","190","190","121","141"
"128","MATCH","S15-2813","S15-2844","9","5","0.75","0.25","","0.9","241","241","194","196","227","233","175","177","223","227","-99","-99","122","126","190","190","190","190","121","141"
"128","MATCH","S15-2813","S15-2873","9","5","0.75","0.25","","0.9","241","241","194","196","227","233","175","177","223","227","-99","-99","122","126","190","190","190","190","121","141"
"128","MATCH","S15-2813","S15-2817","9","5","0.75","0.25","","0.85","241","241","194","196","227","233","175","177","223","227","273","285","122","126","190","190","190","190","121","141"
"128","MATCH","S15-2813","S15-2818","9","5","0.75","0.25","","0.85","241","241","194","196","227","233","175","177","223","227","273","285","122","126","190","190","190","190","121","141"
"128","MATCH","S15-2813","S15-2824","9","5","0.75","0.25","","0.85","241","241","194","196","227","233","175","177","-666","-666","-99","-99","122","126","190","190","190","190","121","141"
"128","MATCH","S15-2813","S15-2843","9","5","0.75","0.25","","0.85","241","241","-99","-99","-99","-99","175","177","223","227","-99","-99","122","126","190","190","190","190","121","141"
"128","MATCH","S15-2813","S15-2872","9","5","0.75","0.25","","0.8","-99","-99","194","196","227","227","175","177","223","227","-99","-99","122","126","190","190","190","190","121","141"
"129","UNIQUE","S15-2814","S15-2814","3","5","0.75","0.25","0.00178634795745546","","239","239","196","196","231","231","173","177","-99","-99","-99","-99","128","128","190","190","190","190","121","121"
"129","MATCH","S15-2814","S15-2828","3","5","0.75","0.25","","0.9","239","239","196","196","231","231","173","177","213","217","-99","-99","126","128","190","190","190","190","121","121"
"129","MATCH","S15-2814","S15-2825","3","5","0.75","0.25","","0.8","239","239","196","196","231","239","173","177","213","217","261","277","126","128","190","190","190","190","121","121"
"130","UNIQUE","S15-2816","S15-2816","5","5","0.75","0.25","0.000268856272941688","","239","239","194","198","227","227","171","171","223","225","-99","-99","110","110","190","194","182","186","121","121"
"130","MATCH","S15-2816","S15-3085","5","5","0.75","0.25","","0.95","239","239","194","198","227","227","171","177","223","225","-99","-99","110","110","190","194","182","186","121","121"
"130","MATCH","S15-2816","S15-2819","5","5","0.75","0.25","","0.9","239","239","194","198","227","227","171","177","223","225","265","265","110","110","190","194","182","186","121","121"
"130","MATCH","S15-2816","S15-2830","5","5","0.75","0.25","","0.8","-99","-99","-666","-666","227","227","171","177","223","225","-99","-99","110","110","190","194","182","186","121","121"
"130","MATCH","S15-2816","S15-2862","5","5","0.75","0.25","","0.8","-99","-99","198","198","227","227","-666","-666","223","225","-99","-99","110","110","190","194","182","186","121","121"
"131","UNIQUE","S15-2821","S15-2821","6","5","0.75","0.25","9.59653523062563e-05","","239","239","196","200","227","227","175","177","213","231","269","269","128","128","190","194","186","186","121","129"
"131","MATCH","S15-2821","S15-2822","6","5","0.75","0.25","9.59653523062563e-05","1","239","239","196","200","227","227","175","177","213","231","269","269","128","128","190","194","186","186","121","129"
"131","MATCH","S15-2821","S15-2880","6","5","0.75","0.25","9.59653523062563e-05","1","239","239","196","200","227","227","175","177","213","231","269","269","128","128","190","194","186","186","121","129"
"131","MATCH","S15-2821","S15-2837","6","5","0.75","0.25","","0.95","239","239","196","200","227","227","175","177","213","231","269","269","126","128","190","194","186","186","121","129"
"131","MATCH","S15-2821","S15-2876","6","5","0.75","0.25","","0.95","239","239","196","200","227","227","175","177","213","231","269","269","128","128","190","194","170","186","121","129"
"131","MATCH","S15-2821","S15-2864","6","5","0.75","0.25","","0.9","239","239","200","200","227","227","175","177","213","231","269","269","126","128","190","194","186","186","121","129"
"132","UNIQUE","S15-2826","S15-2826","2","5","0.75","0.25","0.000302539129971232","","241","241","194","194","227","235","177","177","227","231","-99","-99","126","128","190","194","182","190","121","141"
"132","MATCH","S15-2826","S15-2848","2","5","0.75","0.25","","0.85","241","241","194","196","227","227","177","177","227","231","-99","-99","128","128","190","194","182","190","121","141"
"133","UNIQUE","S15-2836","S15-2836","7","5","0.75","0.25","8.43345153141026e-05","","241","241","194","198","227","231","161","187","223","227","261","273","126","134","190","194","182","186","121","141"
"133","MATCH","S15-2836","S15-2840","7","5","0.75","0.25","8.43345153141026e-05","1","241","241","194","198","227","231","161","187","223","227","261","273","126","134","190","194","182","186","121","141"
"133","MATCH","S15-2836","S15-2847","7","5","0.75","0.25","8.43345153141026e-05","1","241","241","194","198","227","231","161","187","223","227","261","273","126","134","190","194","182","186","121","141"
"133","MATCH","S15-2836","S15-2883","7","5","0.75","0.25","8.43345153141026e-05","1","241","241","194","198","227","231","161","187","223","227","261","273","126","134","190","194","182","186","121","141"
"133","MATCH","S15-2836","S15-2871","7","5","0.75","0.25","0.000259774553551988","0.95","241","241","194","198","227","231","161","187","223","227","-99","-99","126","134","190","194","182","186","121","141"
"133","MATCH","S15-2836","S15-2870","7","5","0.75","0.25","","0.85","241","241","194","198","-99","-99","161","161","223","227","-99","-99","126","134","190","194","182","186","121","141"
"133","MATCH","S15-2836","S15-2879","7","5","0.75","0.25","","0.8","241","241","194","198","227","231","161","161","-666","-666","-99","-99","126","134","190","194","182","186","121","141"
"134","UNIQUE","S15-2838","S15-2838","2","5","0.75","0.25","0.000129353982406886","","241","241","-666","-666","227","231","187","187","223","227","-99","-99","122","134","190","190","186","190","121","125"
"134","MATCH","S15-2838","S15-2845","2","5","0.75","0.25","","0.8","241","241","194","208","227","231","187","187","223","227","261","269","122","134","190","190","186","190","121","121"
"135","UNIQUE","S15-2842","S15-2842","5","5","0.75","0.25","0.000649494329540715","","241","241","196","196","227","227","175","177","219","219","-99","-99","126","134","190","190","182","190","121","141"
"135","MATCH","S15-2842","S15-2846","5","5","0.75","0.25","","0.9","241","241","196","196","225","227","175","177","219","227","-99","-99","126","134","190","190","182","190","121","141"
"135","MATCH","S15-2842","S15-2920","5","5","0.75","0.25","","0.75","241","241","196","200","227","227","173","173","219","223","-99","-99","126","134","190","194","182","190","121","141"
"135","MATCH","S15-2842","S15-2921","5","5","0.75","0.25","","0.75","241","241","196","200","227","227","173","173","219","223","-99","-99","126","134","190","194","182","190","121","141"
"135","MATCH","S15-2842","S15-2938","5","5","0.75","0.25","","0.75","241","241","196","196","227","227","173","173","223","223","-99","-99","126","134","190","194","182","190","121","141"
"136","UNIQUE","S15-2866","S15-2866","3","5","0.75","0.25","0.000315822653040413","","239","241","194","194","233","233","161","175","213","227","-99","-99","126","134","190","194","178","190","121","141"
"136","MATCH","S15-2866","S15-2877","3","5","0.75","0.25","0.000315822653040413","1","239","241","194","194","233","233","161","175","213","227","-99","-99","126","134","190","194","178","190","121","141"
"136","MATCH","S15-2866","S15-2874","3","5","0.75","0.25","","0.8","241","241","194","194","233","233","161","161","-99","-99","-99","-99","126","134","190","194","178","178","121","141"
"137","UNIQUE","S15-2867","S15-2867","2","5","0.75","0.25","0.000588370208496807","","239","239","196","196","227","233","-99","-99","213","213","277","277","128","128","182","194","-99","-99","121","129"
"137","MATCH","S15-2867","S15-3086","2","5","0.75","0.25","","0.8","239","239","196","196","227","233","175","179","213","231","-99","-99","128","128","182","194","182","186","121","129"
"138","UNIQUE","S15-2869","S15-2869","1","5","0.75","0.25","0.000185417125206179","","239","241","196","196","233","233","177","181","227","231","245","277","126","134","190","190","178","178","121","121"
"139","UNIQUE","S15-2898","S15-2898","2","5","0.75","0.25","0.000245747118138699","","239","239","194","198","233","237","179","179","223","241","-99","-99","134","134","190","190","164","164","121","141"
"139","MATCH","S15-2898","S15-2903","2","5","0.75","0.25","","0.9","239","239","194","198","233","237","179","179","223","241","269","289","134","134","190","190","164","198","121","141"
"140","UNIQUE","S15-2901","S15-2901","2","5","0.75","0.25","0.000120529849318697","","239","239","198","198","229","233","179","181","223","227","263","269","126","134","190","190","164","190","121","121"
"140","MATCH","S15-2901","S15-2915","2","5","0.75","0.25","0.000120529849318697","1","239","239","198","198","229","233","179","181","223","227","263","269","126","134","190","190","164","190","121","121"
"141","UNIQUE","S15-2912","S15-2912","1","5","0.75","0.25","6.68512250252571e-05","","239","241","196","196","227","227","173","173","221","223","267","267","128","138","194","194","-666","-666","121","141"
"142","UNIQUE","S15-2916","S15-2916","1","5","0.75","0.25","6.306422368149e-05","","239","241","196","198","227","239","175","181","217","219","263","269","126","128","190","194","164","186","119","141"
"143","UNIQUE","S15-2917","S15-2917","1","5","0.75","0.25","9.25329317595335e-05","","239","241","196","198","233","239","177","181","217","227","263","289","126","126","190","190","164","190","119","121"
"144","UNIQUE","S15-2919","S15-2919","1","5","0.75","0.25","6.18746349466092e-05","","239","239","194","196","227","239","175","179","213","217","253","269","128","138","190","194","178","178","141","141"
"145","UNIQUE","S15-2922","S15-2922","2","5","0.75","0.25","3.98745083604218e-05","","239","241","198","200","227","235","179","179","217","223","255","277","122","126","190","198","178","186","129","141"
"145","MATCH","S15-2922","S15-2923","2","5","0.75","0.25","3.98745083604218e-05","1","239","241","198","200","227","235","179","179","217","223","255","277","122","126","190","198","178","186","129","141"
"146","UNIQUE","S15-2928","S15-2928","3","5","0.75","0.25","0.000470294769628261","","239","239","196","196","227","227","177","181","227","231","-99","-99","126","126","190","198","190","194","121","141"
"146","MATCH","S15-2928","S15-2933","3","5","0.75","0.25","0.000470294769628261","0.95","239","239","196","196","227","227","177","181","227","231","253","253","126","126","190","198","190","194","121","141"
"146","MATCH","S15-2928","S15-2939","3","5","0.75","0.25","0.000470294769628261","0.95","239","239","196","196","227","227","177","181","227","231","253","253","126","126","190","198","190","194","121","141"
"147","UNIQUE","S15-2929","S15-2929","4","5","0.75","0.25","0.000112454859569738","","239","241","196","198","231","237","177","177","213","231","255","273","126","130","190","190","160","190","121","141"
"147","MATCH","S15-2929","S15-2945","4","5","0.75","0.25","0.000112454859569738","1","239","241","196","198","231","237","177","177","213","231","255","273","126","130","190","190","160","190","121","141"
"147","MATCH","S15-2929","S15-2946","4","5","0.75","0.25","0.000112454859569738","1","239","241","196","198","231","237","177","177","213","231","255","273","126","130","190","190","160","190","121","141"
"147","MATCH","S15-2929","S15-2947","4","5","0.75","0.25","0.000112454859569738","1","239","241","196","198","231","237","177","177","213","231","255","273","126","130","190","190","160","190","121","141"
"148","UNIQUE","S15-2930","S15-2930","3","5","0.75","0.25","7.50830731848996e-05","","239","239","198","198","235","237","161","177","213","223","255","277","130","130","190","194","178","190","121","121"
"148","MATCH","S15-2930","S15-2932","3","5","0.75","0.25","7.50830731848996e-05","1","239","239","198","198","235","237","161","177","213","223","255","277","130","130","190","194","178","190","121","121"
"148","MATCH","S15-2930","S15-2948","3","5","0.75","0.25","7.50830731848996e-05","1","239","239","198","198","235","237","161","177","213","223","255","277","130","130","190","194","178","190","121","121"
"149","UNIQUE","S15-2949","S15-2949","1","5","0.75","0.25","0.000189135985558822","","239","241","194","196","231","231","177","179","219","227","-99","-99","126","128","190","194","162","182","129","141"
"150","UNIQUE","S15-2952","S15-2952","1","5","0.75","0.25","6.97523137526111e-05","","241","241","196","204","227","235","175","177","225","227","241","277","134","138","182","190","186","190","121","141"
"151","UNIQUE","S15-2953","S15-2953","3","5","0.75","0.25","8.81283254076028e-05","","241","241","194","198","227","231","177","179","219","219","277","277","126","128","182","190","186","190","121","141"
"151","MATCH","S15-2953","S15-2966","3","5","0.75","0.25","","0.95","241","241","194","198","227","231","177","177","219","219","277","277","126","128","182","190","186","190","121","141"
"151","MATCH","S15-2953","S15-2955","3","5","0.75","0.25","","0.8","241","241","194","198","-99","-99","177","177","207","219","-99","-99","126","128","182","190","186","190","121","141"
"152","UNIQUE","S15-2956","S15-2956","1","5","0.75","0.25","8.88538588655846e-05","","239","239","196","196","239","239","173","175","231","241","269","277","122","134","190","194","178","178","121","141"
"153","UNIQUE","S15-2959","S15-2959","1","5","0.75","0.25","0.000148437378661535","","239","241","196","196","227","227","173","173","225","231","255","269","128","128","190","194","182","190","121","141"
"154","UNIQUE","S15-2961","S15-2961","1","5","0.75","0.25","0.000330559253155496","","239","239","200","200","227","233","171","181","221","225","-99","-99","110","126","190","190","190","190","121","121"
"155","UNIQUE","S15-2964","S15-2964","2","5","0.75","0.25","7.00248235947609e-05","","241","241","196","200","227","237","177","187","223","223","233","255","130","138","190","194","190","194","121","121"
"155","MATCH","S15-2964","S15-2965","2","5","0.75","0.25","7.00248235947609e-05","1","241","241","196","200","227","237","177","187","223","223","233","255","130","138","190","194","190","194","121","121"
"156","UNIQUE","S15-2972","S15-2972","2","5","0.75","0.25","9.2559170995505e-05","","239","241","194","200","233","233","175","175","219","227","237","261","126","134","182","190","178","190","121","141"
"156","MATCH","S15-2972","S15-3007","2","5","0.75","0.25","","0.95","239","241","194","200","233","233","175","175","219","227","237","261","126","134","182","190","178","178","121","141"
"157","UNIQUE","S15-2976","S15-2976","9","5","0.75","0.25","0.000110454357868038","","239","241","196","196","231","231","173","173","217","223","269","277","138","138","190","190","164","178","121","141"
"157","MATCH","S15-2976","S15-2982","9","5","0.75","0.25","0.000110454357868038","1","239","241","196","196","231","231","173","173","217","223","269","277","138","138","190","190","164","178","121","141"
"157","MATCH","S15-2976","S15-2989","9","5","0.75","0.25","0.000110454357868038","1","239","241","196","196","231","231","173","173","217","223","269","277","138","138","190","190","164","178","121","141"
"157","MATCH","S15-2976","S15-3025","9","5","0.75","0.25","","0.95","239","241","196","196","231","231","173","173","217","223","269","277","138","138","190","190","164","164","121","141"
"157","MATCH","S15-2976","S15-3026","9","5","0.75","0.25","","0.95","239","241","196","196","231","231","173","173","217","223","269","277","138","138","190","190","164","164","121","141"
"157","MATCH","S15-2976","S15-2981","9","5","0.75","0.25","0.00101313552521325","0.9","239","241","196","196","-99","-99","173","173","217","223","-99","-99","138","138","190","190","164","178","121","141"
"157","MATCH","S15-2976","S15-3002","9","5","0.75","0.25","","0.9","239","239","196","196","231","231","173","173","217","223","-99","-99","138","138","190","190","164","178","121","141"
"157","MATCH","S15-2976","S15-3003","9","5","0.75","0.25","","0.9","239","241","196","196","-99","-99","173","173","217","223","277","277","138","138","190","190","164","178","121","141"
"157","MATCH","S15-2976","S15-3001","9","5","0.75","0.25","","0.8","239","239","196","196","-99","-99","173","173","223","223","-99","-99","138","138","190","190","164","178","121","141"
"158","UNIQUE","S15-2977","S15-2977","2","5","0.75","0.25","0.000240235413732407","","239","241","196","198","227","229","173","175","219","219","-99","-99","128","130","182","190","178","182","141","141"
"158","MATCH","S15-2977","S15-3024","2","5","0.75","0.25","","0.85","239","241","196","198","227","227","173","175","219","219","269","289","128","130","182","190","178","178","141","141"
"159","UNIQUE","S15-2980","S15-2980","2","5","0.75","0.25","5.28114883712199e-05","","241","241","194","200","227","237","177","177","219","231","267","273","122","122","190","198","178","182","121","141"
"159","MATCH","S15-2980","S15-3093","2","5","0.75","0.25","5.28114883712199e-05","1","241","241","194","200","227","237","177","177","219","231","267","273","122","122","190","198","178","182","121","141"
"160","UNIQUE","S15-2983","S15-2983","2","5","0.75","0.25","6.08551715671803e-05","","239","239","198","200","231","233","175","177","219","227","255","261","126","138","182","190","178","190","119","141"
"160","MATCH","S15-2983","S15-2997","2","5","0.75","0.25","6.08551715671803e-05","1","239","239","198","200","231","233","175","177","219","227","255","261","126","138","182","190","178","190","119","141"
"161","CHECK_UNIQUE","S15-2986","S15-2986","3","5","0.75","0.25","0.00105732343916592","","-99","-99","196","196","227","227","177","177","223","223","-99","-99","130","134","182","190","178","190","121","121"
"161","MULTIPLE_MATCH","S15-2986","S15-2988","3","5","0.75","0.25","","0.75","239","239","196","196","227","231","175","177","223","227","281","281","130","134","182","190","178","190","121","121"
"161","MULTIPLE_MATCH","S15-2986","S15-2994","3","5","0.75","0.25","","0.75","239","239","196","196","227","231","175","177","223","227","281","281","130","134","182","190","178","190","121","121"
"162","UNIQUE","S15-2987","S15-2987","3","5","0.75","0.25","0.000101104027370998","","239","241","196","196","227","239","175","175","223","231","277","281","134","134","182","194","186","190","121","141"
"162","MATCH","S15-2987","S15-2993","3","5","0.75","0.25","0.000101104027370998","1","239","241","196","196","227","239","175","175","223","231","277","281","134","134","182","194","186","190","121","141"
"162","MATCH","S15-2987","S15-3006","3","5","0.75","0.25","0.000333646262694441","0.95","239","241","196","196","227","239","175","175","223","231","-99","-99","134","134","182","194","186","190","121","141"
"163","UNIQUE","S15-2990","S15-2990","2","5","0.75","0.25","8.7954898947535e-05","","239","239","194","198","227","231","177","177","223","235","253","253","126","138","190","198","178","178","121","121"
"163","MATCH","S15-2990","S15-3020","2","5","0.75","0.25","","0.95","239","239","194","198","227","231","177","177","223","235","253","273","126","138","190","198","178","178","121","121"
"164","UNIQUE","S15-2991","S15-2991","3","5","0.75","0.25","0.000134117924526385","","239","241","196","200","237","239","175","177","217","231","267","281","126","134","190","190","182","190","121","121"
"164","MATCH","S15-2991","S15-3089","3","5","0.75","0.25","","0.95","239","241","196","200","237","239","175","177","217","231","267","281","126","134","190","190","182","182","121","121"
"164","MATCH","S15-2991","S15-2999","3","5","0.75","0.25","","0.85","239","241","196","200","237","239","171","181","217","231","267","281","126","134","190","190","182","182","121","121"
"165","CHECK_UNIQUE","S15-3004","S15-3004","4","5","0.75","0.25","0.000150486630971437","","239","241","194","196","227","237","175","175","219","223","273","281","134","134","190","190","182","186","121","141"
"165","MATCH","S15-3004","S15-3005","4","5","0.75","0.25","0.000498945995134873","0.95","239","241","194","196","227","237","175","175","219","223","-99","-99","134","134","190","190","182","186","121","141"
"165","MATCH","S15-3004","S15-3017","4","5","0.75","0.25","","0.95","239","241","194","196","227","237","175","175","219","223","273","281","134","134","190","190","182","182","121","141"
"165","MULTIPLE_MATCH","S15-3004","S15-2609","4","5","0.75","0.25","","0.75","239","241","194","200","227","227","175","177","219","223","273","281","134","134","190","190","182","190","119","141"
"166","UNIQUE","S15-3016","S15-3016","1","5","0.75","0.25","0.000316419798740868","","239","239","194","198","231","233","177","181","219","227","273","281","126","126","190","194","-99","-99","121","141"
"167","UNIQUE","S15-3022","S15-3022","1","5","0.75","0.25","8.21055941610187e-05","","241","241","194","200","231","231","175","175","213","219","273","277","126","128","190","190","178","182","121","141"
"168","UNIQUE","S15-3029","S15-3029","1","5","0.75","0.25","0.000109190684992556","","239","239","194","198","227","231","173","177","227","241","263","263","126","134","190","190","182","182","119","121"
"169","UNIQUE","S15-3031","S15-3031","1","5","0.75","0.25","0.000965385055053764","","239","239","196","200","-99","-99","177","177","223","225","277","285","122","138","190","194","-99","-99","121","121"
"170","UNIQUE","S15-3032","S15-3032","1","5","0.75","0.25","0.000105555006563948","","239","239","198","200","227","231","175","177","227","231","255","269","134","134","194","194","182","190","121","141"
"171","UNIQUE","S15-3035","S15-3035","1","5","0.75","0.25","7.77117149686945e-05","","239","239","194","198","235","235","173","177","223","227","269","273","110","126","182","190","186","186","121","141"
"172","UNIQUE","S15-3042","S15-3042","2","5","0.75","0.25","0.00127940932072019","","-99","-99","194","200","-99","-99","177","181","213","225","-99","-99","134","134","190","198","186","194","121","121"
"172","MATCH","S15-3042","S15-3043","2","5","0.75","0.25","0.00127940932072019","0.85","239","239","194","200","233","233","177","181","213","225","273","277","134","134","190","198","186","194","121","121"
"173","UNIQUE","S15-3044","S15-3044","1","5","0.75","0.25","9.02621017853428e-05","","239","241","196","198","231","231","173","173","223","225","269","281","126","138","190","198","186","186","121","121"
"174","UNIQUE","S15-3045","S15-3045","1","5","0.75","0.25","0.000215379199656174","","239","241","198","200","231","231","173","173","223","231","-99","-99","126","138","190","198","178","198","121","121"
"175","UNIQUE","S15-3056","S15-3056","1","5","0.75","0.25","8.70462923262633e-05","","239","241","196","196","227","233","173","181","219","227","265","265","128","138","194","194","178","182","121","121"
"176","UNIQUE","S15-3057","S15-3057","1","5","0.75","0.25","0.000115189971559847","","239","239","196","200","227","233","173","173","207","219","253","277","128","128","190","194","178","186","121","121"
"177","UNIQUE","S15-3060","S15-3060","1","5","0.75","0.25","0.000155458936459615","","239","239","198","200","233","233","177","177","217","227","245","277","126","130","190","190","178","190","121","121"
"178","UNIQUE","S15-3061","S15-3061","1","5","0.75","0.25","0.00432983706524924","","-99","-99","194","198","-99","-99","173","177","-666","-666","-99","-99","126","134","182","190","-99","-99","121","141"
"179","UNIQUE","S15-3066","S15-3066","1","5","0.75","0.25","8.26696052246494e-05","","239","241","194","198","227","227","171","171","227","227","-99","-99","126","128","182","182","170","170","119","129"
"180","UNIQUE","S15-3080","S15-3080","1","5","0.75","0.25","6.71606787886308e-05","","239","241","196","196","227","231","181","181","227","227","245","269","110","138","190","194","186","186","119","121"
"181","UNIQUE","S15-3164","S15-3164","1","5","0.75","0.25","0.00040772173569369","","239","239","196","196","229","239","173","177","217","223","255","277","126","126","190","194","-99","-99","121","141"
"182","UNIQUE","S15-3176","S15-3176","1","5","0.75","0.25","0.00104933644305688","","239","241","194","196","229","233","173","173","223","223","-99","-99","126","130","190","194","-99","-99","121","141"
"183","UNIQUE","S15-3177","S15-3177","2","5","0.75","0.25","0.000294307704287176","","239","239","194","196","239","239","173","177","217","217","255","273","126","126","182","190","-99","-99","121","141"
"183","MATCH","S15-3177","S15-3285","2","5","0.75","0.25","0.000294307704287176","1","239","239","194","196","239","239","173","177","217","217","255","273","126","126","182","190","-99","-99","121","141"
"184","UNIQUE","S15-3185","S15-3185","1","5","0.75","0.25","0.000372737271934516","","239","241","196","196","233","233","173","173","217","223","277","285","126","128","190","190","-99","-99","141","141"
"185","UNIQUE","S15-3186","S15-3186","1","5","0.75","0.25","0.00022310135249834","","239","239","198","198","233","233","177","177","223","225","255","277","110","126","182","190","-99","-99","141","141"
"186","UNIQUE","S15-3187","S15-3187","1","5","0.75","0.25","5.12137572157361e-05","","239","241","194","200","241","241","173","173","217","217","267","267","126","128","194","194","190","194","121","121"
"187","UNIQUE","S15-3188","S15-3188","1","5","0.75","0.25","0.000103146293460918","","239","241","194","196","233","239","177","177","217","219","261","273","122","126","190","190","186","186","141","141"
"188","UNIQUE","S15-3189","S15-3189","1","5","0.75","0.25","0.000141171740003459","","239","241","194","196","233","233","177","177","217","219","263","273","110","126","190","190","182","182","121","141"
"189","UNIQUE","S15-3192","S15-3192","3","5","0.75","0.25","0.000104858738332651","","239","241","196","196","229","237","177","177","217","219","261","273","126","134","190","198","174","174","121","121"
"189","MATCH","S15-3192","S15-3199","3","5","0.75","0.25","","0.9","241","241","196","196","229","237","177","177","217","219","261","273","126","134","190","198","-99","-99","121","121"
"189","MATCH","S15-3192","S15-3207","3","5","0.75","0.25","","0.9","239","241","196","196","229","237","177","177","217","219","261","273","126","134","190","198","182","186","121","121"
"190","UNIQUE","S15-3193","S15-3193","1","5","0.75","0.25","0.000278352825280015","","239","241","196","198","229","237","177","177","219","219","261","273","126","134","182","194","-99","-99","121","141"
"191","UNIQUE","S15-3194","S15-3194","2","5","0.75","0.25","0.000113526550210427","","239","241","196","198","233","237","173","177","217","219","261","261","128","134","182","190","182","186","121","141"
"191","MATCH","S15-3194","S15-3205","2","5","0.75","0.25","0.000330738142618649","0.95","239","241","196","198","233","237","173","177","217","219","261","261","128","134","182","190","-99","-99","121","141"
"192","UNIQUE","S15-3196","S15-3196","2","5","0.75","0.25","0.000106802057698641","","239","241","196","196","229","233","177","177","217","223","261","261","128","128","182","190","164","186","121","141"
"192","MATCH","S15-3196","S15-3209","2","5","0.75","0.25","","0.95","239","241","196","196","229","233","177","177","217","223","261","261","128","128","182","190","164","164","121","141"
"193","UNIQUE","S15-3197","S15-3197","2","5","0.75","0.25","0.000103128974050882","","239","239","196","200","229","229","177","177","217","219","261","261","126","128","190","198","186","186","121","121"
"193","MATCH","S15-3197","S15-3202","2","5","0.75","0.25","","0.75","239","239","196","200","229","229","177","177","219","219","-99","-99","126","134","194","198","-99","-99","121","121"
"194","UNIQUE","S15-3198","S15-3198","2","5","0.75","0.25","0.000121048333009711","","239","239","196","196","229","233","173","177","217","217","261","267","126","134","190","202","186","194","121","121"
"194","MATCH","S15-3198","S15-3204","2","5","0.75","0.25","","0.9","239","239","196","196","229","233","173","177","217","219","261","267","126","134","190","202","-99","-99","121","121"
"195","UNIQUE","S15-3200","S15-3200","1","5","0.75","0.25","0.000115391044484407","","239","239","196","198","229","233","177","177","219","219","261","263","128","128","190","194","182","186","121","141"
"196","UNIQUE","S15-3201","S15-3201","2","5","0.75","0.25","0.000561274048482346","","239","239","194","198","229","231","-99","-99","221","223","261","263","122","128","182","190","-99","-99","121","121"
"196","MATCH","S15-3201","S15-3206","2","5","0.75","0.25","0.000561274048482346","1","239","239","194","198","229","231","-99","-99","221","223","261","263","122","128","182","190","-99","-99","121","121"
"197","UNIQUE","S15-3208","S15-3208","1","5","0.75","0.25","8.15967862286764e-05","","239","241","194","196","233","233","173","173","217","235","263","267","126","134","190","194","170","170","121","141"
"198","UNIQUE","S15-3210","S15-3210","2","5","0.75","0.25","6.26196761440355e-05","","239","241","196","198","229","229","173","173","215","223","261","277","126","126","182","194","190","190","141","141"
"198","MATCH","S15-3210","S15-3234","2","5","0.75","0.25","","0.95","239","241","196","198","229","229","173","173","215","223","261","277","126","126","182","194","190","194","141","141"
"199","UNIQUE","S15-3211","S15-3211","5","5","0.75","0.25","9.06961632899545e-05","","239","241","196","196","231","241","177","177","217","223","261","285","126","130","182","194","190","190","121","141"
"199","MATCH","S15-3211","S15-3220","5","5","0.75","0.25","0.000241310048538396","0.95","239","241","196","196","231","241","177","177","217","223","261","285","126","130","182","194","-99","-99","121","141"
"199","MATCH","S15-3211","S15-3227","5","5","0.75","0.25","0.000241310048538396","0.95","239","241","196","196","231","241","177","177","217","223","261","285","126","130","182","194","-99","-99","121","141"
"199","MATCH","S15-3211","S15-3229","5","5","0.75","0.25","0.000241310048538396","0.95","239","241","196","196","231","241","177","177","217","223","261","285","126","130","182","194","-99","-99","121","141"
"199","MATCH","S15-3211","S15-3241","5","5","0.75","0.25","","0.9","239","241","196","196","231","241","177","177","217","223","261","285","130","130","182","194","-99","-99","121","141"
"200","UNIQUE","S15-3213","S15-3213","6","5","0.75","0.25","0.000324961662352783","","239","241","194","196","231","239","173","177","223","223","273","285","126","130","182","190","-99","-99","121","121"
"200","MATCH","S15-3213","S15-3223","6","5","0.75","0.25","0.000324961662352783","1","239","241","194","196","231","239","173","177","223","223","273","285","126","130","182","190","-99","-99","121","121"
"200","MATCH","S15-3213","S15-3228","6","5","0.75","0.25","0.000324961662352783","1","239","241","194","196","231","239","173","177","223","223","273","285","126","130","182","190","-99","-99","121","121"
"200","MATCH","S15-3213","S15-3236","6","5","0.75","0.25","0.000324961662352783","1","239","241","194","196","231","239","173","177","223","223","273","285","126","130","182","190","-99","-99","121","121"
"200","MATCH","S15-3213","S15-3233","6","5","0.75","0.25","0.000523584971624718","0.95","-99","-99","194","196","231","239","173","177","223","223","273","285","126","130","182","190","-99","-99","121","121"
"200","MATCH","S15-3213","S15-3291","6","5","0.75","0.25","0.000324961662352783","0.95","239","241","194","196","231","239","173","177","223","223","273","285","126","130","182","190","190","194","121","121"
"201","UNIQUE","S15-3214","S15-3214","3","5","0.75","0.25","0.00015809394460291","","239","241","196","198","229","229","173","173","215","217","273","285","126","134","182","194","-99","-99","121","129"
"201","MATCH","S15-3214","S15-3239","3","5","0.75","0.25","0.00015809394460291","0.95","239","241","196","198","229","229","173","173","215","217","273","285","126","134","182","194","194","198","121","129"
"201","MATCH","S15-3214","S15-3240","3","5","0.75","0.25","0.00015809394460291","0.95","239","241","196","198","229","229","173","173","215","217","273","285","126","134","182","194","194","198","121","129"
"202","UNIQUE","S15-3216","S15-3216","3","5","0.75","0.25","5.11051033625799e-05","","239","241","196","196","237","237","181","181","223","239","273","285","128","130","190","190","164","164","141","141"
"202","MATCH","S15-3216","S15-3250","3","5","0.75","0.25","5.11051033625799e-05","1","239","241","196","196","237","237","181","181","223","239","273","285","128","130","190","190","164","164","141","141"
"202","MATCH","S15-3216","S15-3245","3","5","0.75","0.25","","0.95","239","241","196","196","237","237","181","181","223","239","273","285","128","130","190","190","164","194","141","141"
"203","UNIQUE","S15-3218","S15-3218","1","5","0.75","0.25","0.000133287581069842","","239","241","196","196","229","229","181","181","223","225","267","273","130","130","190","202","-99","-99","141","141"
"204","UNIQUE","S15-3219","S15-3219","1","5","0.75","0.25","4.25244882561386e-05","","239","241","196","196","229","237","173","173","225","239","267","273","126","126","194","194","178","194","129","141"
"205","UNIQUE","S15-3221","S15-3221","2","5","0.75","0.25","3.56029805345443e-05","","239","241","194","194","239","241","173","177","215","223","261","285","126","130","182","194","206","206","121","141"
"205","MATCH","S15-3221","S15-3238","2","5","0.75","0.25","","0.9","239","241","194","194","239","241","173","177","215","223","261","261","126","130","182","194","-99","-99","121","141"
"206","UNIQUE","S15-3225","S15-3225","2","5","0.75","0.25","9.07685536568831e-05","","239","239","196","196","229","239","177","177","217","223","277","285","130","134","190","202","194","194","121","141"
"206","MATCH","S15-3225","S15-3226","2","5","0.75","0.25","0.00029842315001406","0.95","239","239","196","196","229","239","177","177","217","223","277","285","130","134","190","202","-99","-99","121","141"
"207","UNIQUE","S15-3230","S15-3230","1","5","0.75","0.25","0.000361098253098787","","239","241","198","202","229","229","173","177","217","239","-99","-99","126","130","194","194","-99","-99","141","141"
"208","UNIQUE","S15-3231","S15-3231","1","5","0.75","0.25","6.46269994893721e-05","","241","241","194","198","229","229","177","177","217","217","263","273","126","130","190","194","194","194","121","141"
"209","UNIQUE","S15-3235","S15-3235","3","5","0.75","0.25","7.13008200171993e-05","","239","241","194","196","231","231","173","173","217","239","273","285","134","138","190","190","182","198","141","141"
"209","MATCH","S15-3235","S15-3237","3","5","0.75","0.25","7.13008200171993e-05","1","239","241","194","196","231","231","173","173","217","239","273","285","134","138","190","190","182","198","141","141"
"209","MATCH","S15-3235","S15-3249","3","5","0.75","0.25","","0.9","239","241","194","196","231","231","173","173","217","239","273","285","138","138","190","190","-99","-99","141","141"
"210","UNIQUE","S15-3246","S15-3246","1","5","0.75","0.25","7.82826161111712e-05","","239","241","196","198","229","233","173","173","217","223","261","277","128","128","190","202","194","194","121","141"
"211","UNIQUE","S15-3251","S15-3251","1","5","0.75","0.25","5.9815546368947e-05","","239","241","196","198","231","231","173","185","217","223","273","277","130","134","182","194","170","194","121","141"
"212","UNIQUE","S15-3253","S15-3253","1","5","0.75","0.25","0.000152745418740429","","239","241","198","198","229","229","179","179","217","219","255","277","126","130","190","194","-99","-99","141","141"
"213","UNIQUE","S15-3254","S15-3254","1","5","0.75","0.25","4.98935450218448e-05","","239","239","196","196","229","233","173","181","217","225","267","267","126","130","182","190","186","194","129","141"
"214","UNIQUE","S15-3256","S15-3256","2","5","0.75","0.25","0.000168784081975591","","239","239","196","198","229","233","177","177","217","217","273","273","126","130","190","190","186","190","121","141"
"214","MATCH","S15-3256","S15-3265","2","5","0.75","0.25","0.000168784081975591","1","239","239","196","198","229","233","177","177","217","217","273","273","126","130","190","190","186","190","121","141"
"215","UNIQUE","S15-3258","S15-3258","1","5","0.75","0.25","0.000167927969776015","","241","241","196","198","227","227","177","181","217","219","255","285","128","128","194","194","-99","-99","141","141"
"216","UNIQUE","S15-3259","S15-3259","1","5","0.75","0.25","7.7148003704232e-05","","239","241","194","196","233","237","173","173","217","217","255","267","122","126","182","190","190","194","121","141"
"217","UNIQUE","S15-3260","S15-3260","1","5","0.75","0.25","0.000232167977093656","","239","241","196","196","229","229","173","181","219","219","255","263","122","134","190","190","-99","-99","141","141"
"218","UNIQUE","S15-3261","S15-3261","2","5","0.75","0.25","0.000112526836423785","","241","241","196","200","229","229","173","173","217","217","261","267","110","126","190","194","-99","-99","129","141"
"218","MATCH","S15-3261","S15-3262","2","5","0.75","0.25","0.000112526836423785","1","241","241","196","200","229","229","173","173","217","217","261","267","110","126","190","194","-99","-99","129","141"
"219","UNIQUE","S15-3263","S15-3263","1","5","0.75","0.25","4.06874396842639e-05","","241","241","196","198","237","237","173","177","217","219","263","273","126","130","194","194","194","194","141","141"
"220","UNIQUE","S15-3271","S15-3271","1","5","0.75","0.25","0.000155161510808502","","239","241","194","194","229","237","181","181","217","221","263","273","126","128","182","190","-99","-99","121","141"
"221","UNIQUE","S15-3273","S15-3273","1","5","0.75","0.25","9.79608047105867e-05","","241","241","196","198","229","237","181","181","219","221","263","267","128","128","182","190","-99","-99","141","141"
"222","UNIQUE","S15-3274","S15-3274","2","5","0.75","0.25","0.000204771433615133","","239","239","194","200","229","229","177","181","217","217","261","273","126","126","182","194","-99","-99","121","121"
"222","MATCH","S15-3274","S15-3275","2","5","0.75","0.25","0.000204771433615133","1","239","239","194","200","229","229","177","181","217","217","261","273","126","126","182","194","-99","-99","121","121"
"223","UNIQUE","S15-3277","S15-3277","1","5","0.75","0.25","0.000193429832631735","","241","241","194","196","229","237","173","173","223","225","277","285","128","138","190","194","-99","-99","121","141"
"224","UNIQUE","S15-3278","S15-3278","1","5","0.75","0.25","0.00033966879264177","","-99","-99","194","196","233","237","173","173","219","223","261","277","128","128","194","202","-99","-99","121","121"
"225","UNIQUE","S15-3279","S15-3279","2","5","0.75","0.25","0.000262256970386352","","241","241","196","196","233","235","173","177","215","225","277","285","130","130","190","190","-99","-99","121","141"
"225","MATCH","S15-3279","S15-3281","2","5","0.75","0.25","0.000262256970386352","1","241","241","196","196","233","235","173","177","215","225","277","285","130","130","190","190","-99","-99","121","141"
