"uniqueGroup","rowType","uniqueIndex","matchIndex","nUniqueGroup","alleleMismatch","matchThreshold","cutHeight","Psib","score","ADCYC","ADCYC.1","BM6506","BM6506.1","CELB9","CELB9.1","CERVID1","CERVID1.1","ETH152","ETH152.1","SBTD04","SBTD04.1","SBTD05","SBTD05.1","SBTD06","SBTD06.1","TGLA94","TGLA94.1"
"","UNCLASSIFIED","S16-0243","","","3","0.833333333333333","0.166666666666667","","","241","241","196","198","-99","-99","177","177","219","225","-99","-99","126","126","190","190","141","141"
"","UNCLASSIFIED","S16-0438","","","3","0.833333333333333","0.166666666666667","","","-99","-99","196","196","-99","-99","175","175","219","219","-99","-99","128","128","190","194","129","141"
"1","UNIQUE","Marin1","Marin1","1","3","0.833333333333333","0.166666666666667","0.00120268693949716","","239","239","196","196","229","239","173","177","217","223","255","277","126","126","190","194","121","141"
"2","UNIQUE","Marin10","Marin10","2","3","0.833333333333333","0.166666666666667","0.000680852028631018","","239","241","196","198","233","237","173","177","217","219","261","261","128","134","182","190","121","141"
"2","MATCH","Marin10","S15-3205","2","3","0.833333333333333","0.166666666666667","0.000680852028631018","1","239","241","196","198","233","237","173","177","217","219","261","261","128","134","182","190","121","141"
"3","UNIQUE","Marin100","Marin100","1","3","0.833333333333333","0.166666666666667","0.00107048300493045","","241","241","194","198","229","229","173","177","217","217","267","285","126","126","190","190","141","141"
"4","UNIQUE","Marin101","Marin101","1","3","0.833333333333333","0.166666666666667","0.000665855321179191","","239","239","194","196","235","235","177","181","217","219","261","273","122","126","190","194","121","141"
"5","UNIQUE","Marin102","Marin102","1","3","0.833333333333333","0.166666666666667","0.000531288308293871","","239","241","196","196","231","237","177","179","217","219","273","285","126","130","182","198","121","141"
"6","UNIQUE","Marin103","Marin103","1","3","0.833333333333333","0.166666666666667","0.000322028358748505","","241","241","196","196","229","231","179","179","223","225","273","273","126","130","190","198","141","141"
"7","UNIQUE","Marin104","Marin104","1","3","0.833333333333333","0.166666666666667","0.00150209623627442","","241","241","194","196","233","237","-99","-99","217","235","255","267","126","126","194","194","141","141"
"8","UNIQUE","Marin105","Marin105","1","3","0.833333333333333","0.166666666666667","0.000349231714821806","","239","241","194","202","231","231","177","177","219","223","269","273","128","130","190","194","121","141"
"9","UNIQUE","Marin106","Marin106","1","3","0.833333333333333","0.166666666666667","0.000626090929812555","","239","239","194","196","237","237","177","177","217","223","285","285","126","134","190","190","121","121"
"10","UNIQUE","Marin107","Marin107","1","3","0.833333333333333","0.166666666666667","0.000848257950902846","","239","241","194","196","237","239","173","173","217","219","267","273","128","134","194","194","121","141"
"11","UNIQUE","Marin108","Marin108","1","3","0.833333333333333","0.166666666666667","0.000621214732869648","","239","239","196","196","237","237","171","171","217","217","267","273","128","128","194","194","121","141"
"12","UNIQUE","Marin109","Marin109","1","3","0.833333333333333","0.166666666666667","0.00318261778620159","","239","241","194","196","229","229","-99","-99","217","219","277","277","126","128","194","194","121","141"
"13","UNIQUE","Marin11","Marin11","1","3","0.833333333333333","0.166666666666667","0.000812771115736919","","239","241","196","196","229","233","177","177","217","223","261","261","128","128","182","190","121","141"
"14","CHECK_UNIQUE","Marin110","Marin110","2","3","0.833333333333333","0.166666666666667","0.000504017318705656","","241","241","194","194","237","237","177","177","217","223","261","273","126","134","182","194","141","141"
"14","MULTIPLE_MATCH","Marin110","S16-0399","2","3","0.833333333333333","0.166666666666667","","0.89","241","241","194","194","237","237","177","177","217","223","-99","-99","126","126","182","194","141","141"
"15","UNIQUE","Marin111","Marin111","2","3","0.833333333333333","0.166666666666667","0.000495546161341749","","239","239","194","200","229","229","173","175","219","223","273","285","128","138","190","190","121","141"
"15","MATCH","Marin111","S16-0388","2","3","0.833333333333333","0.166666666666667","","0.89","239","239","200","200","229","229","173","175","219","223","-99","-99","128","138","190","190","121","141"
"16","UNIQUE","Marin112","Marin112","1","3","0.833333333333333","0.166666666666667","0.000669739135176356","","239","241","196","198","229","229","173","173","217","221","261","263","122","126","182","194","121","141"
"17","UNIQUE","Marin113","Marin113","2","3","0.833333333333333","0.166666666666667","0.000369721464540324","","241","241","194","198","237","237","173","177","217","219","255","285","128","128","182","182","121","141"
"17","MATCH","Marin113","S16-0395","2","3","0.833333333333333","0.166666666666667","","0.94","241","241","194","198","237","237","173","177","217","219","255","255","128","128","182","182","121","141"
"18","UNIQUE","Marin114","Marin114","2","3","0.833333333333333","0.166666666666667","0.000866585090594969","","239","241","196","196","235","241","173","173","217","219","263","273","126","134","194","194","141","141"
"18","MATCH","Marin114","S16-0441","2","3","0.833333333333333","0.166666666666667","","0.94","239","241","196","196","235","241","173","173","217","219","263","263","126","134","194","194","141","141"
"19","UNIQUE","Marin115","Marin115","1","3","0.833333333333333","0.166666666666667","0.0010525346098133","","241","241","196","196","229","237","173","181","219","219","263","267","126","126","190","194","141","141"
"20","UNIQUE","Marin116","Marin116","1","3","0.833333333333333","0.166666666666667","0.000801274509076037","","239","239","194","196","229","229","173","177","219","235","267","277","122","122","190","194","121","141"
"21","UNIQUE","Marin117","Marin117","1","3","0.833333333333333","0.166666666666667","0.000497019775542956","","239","239","196","196","229","235","177","179","219","235","261","267","122","126","182","194","121","141"
"22","UNIQUE","Marin118","Marin118","1","3","0.833333333333333","0.166666666666667","0.000671286420942474","","239","241","196","198","229","237","173","177","219","221","267","277","130","138","190","194","121","141"
"23","UNIQUE","Marin119","Marin119","2","3","0.833333333333333","0.166666666666667","0.00111553581706957","","239","239","194","196","229","229","173","173","217","225","255","263","126","126","194","194","121","141"
"23","MATCH","Marin119","S16-0462","2","3","0.833333333333333","0.166666666666667","","0.83","239","239","194","194","-99","-99","173","173","217","225","255","263","-99","-99","194","194","121","141"
"24","UNIQUE","Marin12","Marin12","1","3","0.833333333333333","0.166666666666667","0.000701234169578676","","239","239","196","200","229","229","177","177","217","219","261","261","126","128","190","198","121","121"
"25","UNIQUE","Marin120","Marin120","1","3","0.833333333333333","0.166666666666667","0.000401807530453312","","241","241","196","198","235","235","173","173","219","219","273","273","130","130","182","194","121","141"
"26","UNIQUE","Marin121","Marin121","2","3","0.833333333333333","0.166666666666667","0.000879536285687157","","239","241","194","196","229","229","173","173","219","235","267","285","126","126","190","194","129","141"
"26","MATCH","Marin121","Marin46","2","3","0.833333333333333","0.166666666666667","","0.89","239","241","194","196","229","229","173","173","219","223","267","285","126","126","190","194","121","141"
"27","UNIQUE","Marin122","Marin122","1","3","0.833333333333333","0.166666666666667","0.000679953083735818","","239","239","196","196","229","229","173","173","221","235","277","277","126","138","182","194","121","141"
"28","UNIQUE","Marin123","Marin123","1","3","0.833333333333333","0.166666666666667","0.00229931889799306","","239","239","194","196","229","235","-99","-99","217","219","273","273","128","134","190","190","121","141"
"29","UNIQUE","Marin124","Marin124","1","3","0.833333333333333","0.166666666666667","0.000719328459081385","","239","239","196","196","235","241","173","177","217","223","267","285","126","134","194","194","141","141"
"30","UNIQUE","Marin125","Marin125","1","3","0.833333333333333","0.166666666666667","0.000965476315448065","","239","241","196","196","229","229","173","181","217","219","261","261","122","126","182","194","121","141"
"31","UNIQUE","Marin126","Marin126","1","3","0.833333333333333","0.166666666666667","0.000560241176628315","","239","239","194","196","237","237","173","173","219","219","273","285","130","138","190","198","121","141"
"32","UNIQUE","Marin127","Marin127","1","3","0.833333333333333","0.166666666666667","0.000962684749631896","","241","241","196","196","229","229","173","173","219","219","263","267","128","130","190","190","121","141"
"33","UNIQUE","Marin128","Marin128","4","3","0.833333333333333","0.166666666666667","0.000327057212461265","","241","241","196","196","237","237","175","175","219","219","273","285","128","134","190","194","129","141"
"33","MATCH","Marin128","S16-0456","4","3","0.833333333333333","0.166666666666667","0.000327057212461265","1","241","241","196","196","237","237","175","175","219","219","273","285","128","134","190","194","129","141"
"33","MATCH","Marin128","S16-0471","4","3","0.833333333333333","0.166666666666667","","0.94","241","241","196","196","237","237","175","175","219","219","273","273","128","134","190","194","129","141"
"33","MATCH","Marin128","S16-0429","4","3","0.833333333333333","0.166666666666667","","0.83","239","241","196","196","237","237","175","175","219","219","-99","-99","128","128","190","194","129","141"
"34","UNIQUE","Marin129","Marin129","1","3","0.833333333333333","0.166666666666667","0.000404862760309246","","239","239","194","196","231","241","173","175","219","219","267","285","126","130","190","194","129","141"
"35","UNIQUE","Marin13","Marin13","2","3","0.833333333333333","0.166666666666667","0.00086690120463865","","239","239","196","196","229","233","173","177","217","217","261","267","126","134","190","202","121","121"
"35","MATCH","Marin13","S15-3204","2","3","0.833333333333333","0.166666666666667","","0.94","239","239","196","196","229","233","173","177","217","219","261","267","126","134","190","202","121","121"
"36","UNIQUE","Marin130","Marin130","2","3","0.833333333333333","0.166666666666667","0.00103383456403591","","239","241","196","198","229","229","173","181","217","219","267","273","128","128","194","194","141","141"
"36","MATCH","Marin130","S16-0376","2","3","0.833333333333333","0.166666666666667","","0.89","239","239","196","198","229","229","173","181","217","219","-99","-99","128","128","194","194","141","141"
"37","UNIQUE","Marin131","Marin131","1","3","0.833333333333333","0.166666666666667","0.00249627100079574","","239","239","-99","-99","229","229","173","173","217","217","255","267","126","128","182","190","121","141"
"38","UNIQUE","Marin132","Marin132","1","3","0.833333333333333","0.166666666666667","0.000711340125291082","","241","241","196","196","229","229","175","175","217","219","273","285","128","128","194","194","121","141"
"39","UNIQUE","Marin133","Marin133","1","3","0.833333333333333","0.166666666666667","0.000288362951768546","","239","239","194","198","237","239","173","173","217","235","263","277","126","126","190","198","129","141"
"40","UNIQUE","Marin134","Marin134","2","3","0.833333333333333","0.166666666666667","0.000731223661817196","","239","239","196","198","229","235","173","177","223","235","267","277","126","126","194","194","141","141"
"40","MATCH","Marin134","S16-0416","2","3","0.833333333333333","0.166666666666667","0.00569546708784843","0.89","239","239","196","198","-99","-99","173","177","223","235","-99","-99","126","126","194","194","141","141"
"41","UNIQUE","Marin135","Marin135","1","3","0.833333333333333","0.166666666666667","0.00147597211419783","","239","239","196","196","235","237","-99","-99","217","235","255","267","126","130","194","194","141","141"
"42","UNIQUE","Marin136","Marin136","2","3","0.833333333333333","0.166666666666667","0.000465899445789558","","239","241","196","198","229","229","173","173","217","235","255","267","130","134","190","194","121","129"
"42","MATCH","Marin136","S16-0449","2","3","0.833333333333333","0.166666666666667","0.000465899445789558","1","239","241","196","198","229","229","173","173","217","235","255","267","130","134","190","194","121","129"
"43","UNIQUE","Marin137","Marin137","3","3","0.833333333333333","0.166666666666667","0.000763069528747916","","239","239","194","196","229","237","175","175","217","219","277","285","126","126","182","194","121","141"
"43","MATCH","Marin137","S16-0586","3","3","0.833333333333333","0.166666666666667","0.000763069528747916","1","239","239","194","196","229","237","175","175","217","219","277","285","126","126","182","194","121","141"
"43","MATCH","Marin137","S16-0508","3","3","0.833333333333333","0.166666666666667","0.00237295486286453","0.94","239","239","194","196","229","237","175","175","217","219","-99","-99","126","126","182","194","121","141"
"44","UNIQUE","Marin138","Marin138","2","3","0.833333333333333","0.166666666666667","0.000719696350958361","","241","241","194","196","229","237","177","177","219","239","267","277","128","128","190","194","141","141"
"44","MATCH","Marin138","Marin147","2","3","0.833333333333333","0.166666666666667","","0.83","239","241","194","196","237","237","177","177","219","239","267","267","128","128","190","194","141","141"
"45","UNIQUE","Marin139","Marin139","5","3","0.833333333333333","0.166666666666667","0.00242297319579262","","239","239","196","196","229","237","-99","-99","217","217","277","285","126","130","182","194","121","141"
"45","MATCH","Marin139","S16-0483","5","3","0.833333333333333","0.166666666666667","0.00242297319579262","1","239","239","196","196","229","237","-99","-99","217","217","277","285","126","130","182","194","121","141"
"45","MATCH","Marin139","S16-0491","5","3","0.833333333333333","0.166666666666667","0.00753483897723023","0.94","239","239","196","196","229","237","-99","-99","217","217","-99","-99","126","130","182","194","121","141"
"45","MATCH","Marin139","S16-0529","5","3","0.833333333333333","0.166666666666667","","0.89","239","239","194","196","229","237","-99","-99","217","217","-99","-99","126","130","182","194","121","141"
"45","MATCH","Marin139","S16-0555","5","3","0.833333333333333","0.166666666666667","0.0170358942225316","0.83","239","239","196","196","-99","-99","171","171","217","217","-99","-99","126","130","182","194","121","141"
"46","UNIQUE","Marin14","Marin14","1","3","0.833333333333333","0.166666666666667","0.00100644854681403","","239","239","196","198","229","233","177","177","219","219","261","263","126","128","190","194","121","141"
"47","UNIQUE","Marin140","Marin140","1","3","0.833333333333333","0.166666666666667","0.000784913885643834","","239","241","196","196","229","237","173","177","217","219","277","285","126","138","194","194","121","129"
"48","CHECK_UNIQUE","Marin141","Marin141","2","3","0.833333333333333","0.166666666666667","0.000820437463113316","","239","239","196","198","229","229","177","177","217","217","263","267","126","130","182","182","121","141"
"48","MULTIPLE_MATCH","Marin141","S16-0080","2","3","0.833333333333333","0.166666666666667","","0.83","239","239","196","198","229","229","177","177","217","217","273","273","126","130","-99","-99","121","141"
"49","UNIQUE","Marin142","Marin142","1","3","0.833333333333333","0.166666666666667","0.000867092731805588","","239","239","196","198","229","237","177","177","217","219","267","277","128","128","182","194","141","141"
"50","UNIQUE","Marin143","Marin143","1","3","0.833333333333333","0.166666666666667","0.00133448875938365","","239","241","196","196","237","237","177","177","217","217","277","285","126","126","190","194","121","141"
"51","UNIQUE","Marin144","Marin144","1","3","0.833333333333333","0.166666666666667","0.000585152242385926","","239","241","194","196","231","235","177","181","219","219","273","277","122","126","194","194","121","141"
"52","UNIQUE","Marin145","Marin145","1","3","0.833333333333333","0.166666666666667","0.00126475301043198","","239","239","196","196","229","229","173","173","217","219","267","267","126","130","190","198","121","141"
"53","UNIQUE","Marin146","Marin146","1","3","0.833333333333333","0.166666666666667","0.000988508542124712","","241","241","196","196","229","229","-99","-99","219","219","263","285","128","134","182","198","121","121"
"54","UNIQUE","Marin148","Marin148","1","3","0.833333333333333","0.166666666666667","0.000459728746366647","","239","241","196","200","229","237","175","175","217","219","263","267","128","128","182","190","141","141"
"55","UNIQUE","Marin149","Marin149","1","3","0.833333333333333","0.166666666666667","0.000682906909613036","","239","241","196","196","231","231","177","177","217","219","267","277","128","128","190","190","121","121"
"56","UNIQUE","Marin15","Marin15","1","3","0.833333333333333","0.166666666666667","0.00076980940230973","","239","241","194","196","233","233","173","173","217","235","263","267","126","134","190","194","121","141"
"57","UNIQUE","Marin150","Marin150","1","3","0.833333333333333","0.166666666666667","0.00114204171206415","","239","241","196","196","229","229","173","173","217","219","261","267","126","130","182","190","121","121"
"58","UNIQUE","Marin151","Marin151","1","3","0.833333333333333","0.166666666666667","0.000955621670675815","","239","239","194","196","229","229","173","181","217","219","267","273","128","128","194","194","121","121"
"59","UNIQUE","Marin152","Marin152","2","3","0.833333333333333","0.166666666666667","0.000609712192701494","","239","239","196","198","231","231","177","177","219","219","273","277","126","126","182","190","121","121"
"59","MATCH","Marin152","S16-0827","2","3","0.833333333333333","0.166666666666667","0.00165024551638034","0.94","239","239","196","198","231","231","177","177","219","219","-99","-99","126","126","182","190","121","121"
"60","UNIQUE","Marin153","Marin153","1","3","0.833333333333333","0.166666666666667","0.000493117128749238","","239","241","196","200","235","235","177","177","219","219","255","277","126","134","194","194","141","141"
"61","UNIQUE","Marin154","Marin154","1","3","0.833333333333333","0.166666666666667","0.000659898695003959","","241","241","194","196","237","237","173","173","219","225","267","273","128","128","190","194","121","141"
"62","UNIQUE","Marin155","Marin155","2","3","0.833333333333333","0.166666666666667","0.00040622403639842","","239","241","194","194","233","233","173","173","219","219","273","281","134","138","190","190","121","121"
"62","MATCH","Marin155","S16-0557","2","3","0.833333333333333","0.166666666666667","","0.83","239","239","194","194","-99","-99","173","173","219","219","273","281","138","138","190","190","121","121"
"63","UNIQUE","Marin156","Marin156","1","3","0.833333333333333","0.166666666666667","0.00107455715223843","","239","241","194","196","229","229","173","177","217","219","277","277","126","130","182","182","141","141"
"64","UNIQUE","Marin157","Marin157","2","3","0.833333333333333","0.166666666666667","0.00072047888209301","","239","241","196","196","237","237","175","177","219","219","273","277","126","134","190","190","121","121"
"64","MATCH","Marin157","S16-0489","2","3","0.833333333333333","0.166666666666667","","0.89","239","241","196","196","237","237","175","177","219","219","277","277","126","126","190","190","121","121"
"65","UNIQUE","Marin158","Marin158","2","3","0.833333333333333","0.166666666666667","0.00114042559003848","","239","239","196","198","229","235","177","177","217","219","261","277","126","126","190","194","121","141"
"65","MATCH","Marin158","S16-0590","2","3","0.833333333333333","0.166666666666667","0.00233189872568348","0.94","239","239","196","198","229","235","177","177","217","219","261","277","-99","-99","190","194","121","141"
"66","UNIQUE","Marin159","Marin159","1","3","0.833333333333333","0.166666666666667","0.00142239505242803","","241","241","196","196","233","233","-99","-99","219","235","267","277","126","126","182","194","121","141"
"67","UNIQUE","Marin16","Marin16","1","3","0.833333333333333","0.166666666666667","0.000771119522317229","","239","241","196","198","229","229","173","173","215","223","261","277","126","126","182","194","141","141"
"68","UNIQUE","Marin160","Marin160","1","3","0.833333333333333","0.166666666666667","0.000257010234614166","","239","241","194","200","229","235","175","175","217","219","263","277","128","128","182","182","141","141"
"69","UNIQUE","Marin161","Marin161","1","3","0.833333333333333","0.166666666666667","0.0013281984590634","","239","239","194","196","229","229","177","177","217","217","267","285","126","138","190","194","121","141"
"70","CHECK_UNIQUE","Marin162","Marin162","3","3","0.833333333333333","0.166666666666667","0.00149146610497739","","239","239","196","196","229","229","177","177","217","217","263","277","126","126","182","190","121","141"
"70","MATCH","Marin162","S16-0523","3","3","0.833333333333333","0.166666666666667","","0.83","-99","-99","196","196","229","229","177","177","213","217","-99","-99","126","126","182","190","121","141"
"70","MULTIPLE_MATCH","Marin162","S16-0746","3","3","0.833333333333333","0.166666666666667","","0.83","239","241","196","196","229","229","177","177","217","219","273","277","126","126","182","190","121","141"
"71","UNIQUE","Marin163","Marin163","1","3","0.833333333333333","0.166666666666667","0.000663697685938477","","239","241","196","198","235","237","177","177","217","219","261","277","128","128","194","194","141","141"
"72","UNIQUE","Marin164","Marin164","1","3","0.833333333333333","0.166666666666667","0.000349934057820537","","239","241","196","196","233","237","175","175","219","219","267","267","126","138","182","190","129","141"
"73","UNIQUE","Marin165","Marin165","1","3","0.833333333333333","0.166666666666667","0.000923670746388514","","241","241","196","196","229","237","177","177","219","219","263","267","128","128","190","194","141","141"
"74","UNIQUE","Marin166","Marin166","3","3","0.833333333333333","0.166666666666667","0.000499868571822876","","239","241","194","196","237","237","173","173","219","239","261","277","128","138","182","194","121","141"
"74","MATCH","Marin166","S16-0514","3","3","0.833333333333333","0.166666666666667","0.00152786588509652","0.94","239","241","194","196","237","237","173","173","219","239","-99","-99","128","138","182","194","121","141"
"74","MATCH","Marin166","S16-0507","3","3","0.833333333333333","0.166666666666667","0.0042640675027109","0.89","239","241","194","196","-99","-99","173","173","219","239","-99","-99","128","138","182","194","121","141"
"75","UNIQUE","Marin167","Marin167","1","3","0.833333333333333","0.166666666666667","0.000255163599544241","","239","239","194","200","235","235","173","177","215","219","267","267","128","128","182","190","121","121"
"76","UNIQUE","Marin168","Marin168","1","3","0.833333333333333","0.166666666666667","0.000531193172866493","","239","239","194","202","237","237","177","177","217","219","263","263","126","128","182","190","141","141"
"77","UNIQUE","Marin17","Marin17","3","3","0.833333333333333","0.166666666666667","0.000571210077881025","","239","241","196","196","231","241","177","177","217","223","261","285","126","130","182","194","121","141"
"77","MATCH","Marin17","S15-3229","3","3","0.833333333333333","0.166666666666667","0.000571210077881025","1","239","241","196","196","231","241","177","177","217","223","261","285","126","130","182","194","121","141"
"77","MATCH","Marin17","S16-0072","3","3","0.833333333333333","0.166666666666667","","0.89","239","241","196","196","231","241","177","177","223","223","261","261","126","130","182","194","121","141"
"78","UNIQUE","Marin170","Marin170","1","3","0.833333333333333","0.166666666666667","0.000297889102430809","","239","239","196","198","227","237","177","181","223","239","261","277","126","128","182","190","121","121"
"79","UNIQUE","Marin171","Marin171","1","3","0.833333333333333","0.166666666666667","0.00089257304909497","","239","239","196","198","229","229","173","173","217","219","267","289","126","138","182","194","141","141"
"80","UNIQUE","Marin172","Marin172","1","3","0.833333333333333","0.166666666666667","0.000456615463967601","","239","241","194","194","229","237","177","177","217","217","255","277","110","130","182","190","121","121"
"81","UNIQUE","Marin173","Marin173","2","3","0.833333333333333","0.166666666666667","0.000530888136429718","","239","241","194","196","225","237","177","177","235","235","261","273","126","128","194","194","121","141"
"81","MATCH","Marin173","S16-0621","2","3","0.833333333333333","0.166666666666667","","0.83","-99","-99","194","196","237","237","177","177","235","235","261","273","128","128","194","194","121","141"
"82","UNIQUE","Marin174","Marin174","1","3","0.833333333333333","0.166666666666667","0.000501146792551032","","239","241","194","196","237","237","177","177","217","223","263","273","128","128","190","194","121","129"
"83","UNIQUE","Marin175","Marin175","1","3","0.833333333333333","0.166666666666667","0.000275020648108143","","241","241","196","198","237","237","173","177","223","239","263","273","128","130","190","194","121","129"
"84","UNIQUE","Marin176","Marin176","1","3","0.833333333333333","0.166666666666667","0.000434744577236099","","239","239","194","196","227","237","177","177","217","219","263","277","128","130","190","190","121","129"
"85","UNIQUE","Marin177","Marin177","2","3","0.833333333333333","0.166666666666667","0.00117202840289347","","241","241","194","194","229","233","-99","-99","223","235","273","285","126","134","190","194","141","141"
"85","MATCH","Marin177","S16-0682","2","3","0.833333333333333","0.166666666666667","0.00117202840289347","0.94","241","241","194","194","229","233","171","171","223","235","273","285","126","134","190","194","141","141"
"86","UNIQUE","Marin178","Marin178","1","3","0.833333333333333","0.166666666666667","0.000949131934661314","","241","241","194","196","229","229","177","177","223","223","267","285","126","126","190","194","141","141"
"87","UNIQUE","Marin179","Marin179","1","3","0.833333333333333","0.166666666666667","0.0012119559654016","","239","241","194","196","237","237","173","173","217","217","261","267","126","126","194","194","141","141"
"88","CHECK_UNIQUE","Marin18","Marin18","4","3","0.833333333333333","0.166666666666667","0.000423366902408274","","239","241","194","196","231","239","173","177","223","223","273","285","126","130","182","190","121","121"
"88","MATCH","Marin18","S16-0122","4","3","0.833333333333333","0.166666666666667","0.000423366902408274","1","239","241","194","196","231","239","173","177","223","223","273","285","126","130","182","190","121","121"
"88","MULTIPLE_MATCH","Marin18","S15-3233","4","3","0.833333333333333","0.166666666666667","0.000680507103450242","0.94","-99","-99","194","196","231","239","173","177","223","223","273","285","126","130","182","190","121","121"
"88","MATCH","Marin18","S16-0078","4","3","0.833333333333333","0.166666666666667","","0.94","239","241","194","196","231","239","173","177","223","223","285","285","126","130","182","190","121","121"
"89","UNIQUE","Marin180","Marin180","1","3","0.833333333333333","0.166666666666667","0.000764830566949819","","241","241","194","196","229","237","177","177","217","239","267","285","126","130","190","190","141","141"
"90","UNIQUE","Marin181","Marin181","2","3","0.833333333333333","0.166666666666667","0.000343948698420216","","239","239","198","200","237","237","175","177","219","221","277","277","126","126","182","190","121","141"
"90","MATCH","Marin181","S16-0678","2","3","0.833333333333333","0.166666666666667","0.00290623684370272","0.89","239","239","198","200","-99","-99","175","177","219","221","-99","-99","126","126","182","190","121","141"
"91","UNIQUE","Marin182","Marin182","3","3","0.833333333333333","0.166666666666667","0.000897769005548865","","241","241","194","196","229","229","173","173","217","219","273","273","122","134","182","190","141","141"
"91","MATCH","Marin182","S16-0743","3","3","0.833333333333333","0.166666666666667","0.000897769005548865","1","241","241","194","196","229","229","173","173","217","219","273","273","122","134","182","190","141","141"
"91","MATCH","Marin182","S16-0692","3","3","0.833333333333333","0.166666666666667","","0.94","241","241","194","196","229","229","173","183","217","219","273","273","122","134","182","190","141","141"
"92","UNIQUE","Marin183","Marin183","5","3","0.833333333333333","0.166666666666667","0.00142413481748775","","239","239","194","196","229","229","173","173","217","219","261","273","122","126","190","190","121","141"
"92","MATCH","Marin183","S16-0703","5","3","0.833333333333333","0.166666666666667","0.00142413481748775","1","239","239","194","196","229","229","173","173","217","219","261","273","122","126","190","190","121","141"
"92","MATCH","Marin183","S16-0708","5","3","0.833333333333333","0.166666666666667","0.00797074711545705","0.89","239","239","194","196","-99","-99","173","173","217","219","-99","-99","122","126","190","190","121","141"
"92","MATCH","Marin183","S16-0715","5","3","0.833333333333333","0.166666666666667","","0.89","-99","-99","194","196","229","229","173","173","217","219","261","261","122","126","190","190","121","141"
"92","MATCH","Marin183","S16-0716","5","3","0.833333333333333","0.166666666666667","0.0128413186473691","0.83","-99","-99","194","196","-99","-99","173","173","217","219","-99","-99","122","126","190","190","121","141"
"93","UNIQUE","Marin184","Marin184","2","3","0.833333333333333","0.166666666666667","0.00118016765913424","","241","241","194","196","229","229","177","177","217","217","273","277","126","126","194","194","121","121"
"93","MATCH","Marin184","S16-0693","2","3","0.833333333333333","0.166666666666667","","0.94","241","241","194","196","229","229","177","177","217","217","277","277","126","126","194","194","121","121"
"94","UNIQUE","Marin185","Marin185","1","3","0.833333333333333","0.166666666666667","0.000962157644005358","","239","241","194","196","233","233","173","179","219","219","273","277","126","126","190","194","121","141"
"95","UNIQUE","Marin186","Marin186","1","3","0.833333333333333","0.166666666666667","0.000701312219522312","","239","239","196","196","229","233","183","183","219","219","267","277","126","134","190","190","141","141"
"96","UNIQUE","Marin187","Marin187","1","3","0.833333333333333","0.166666666666667","0.00032963906587152","","239","239","196","198","231","231","183","183","217","219","261","261","126","134","182","194","121","141"
"97","UNIQUE","Marin188","Marin188","1","3","0.833333333333333","0.166666666666667","0.000397433519838008","","239","241","196","196","233","233","183","183","219","219","267","277","134","138","194","194","121","141"
"98","UNIQUE","Marin189","Marin189","1","3","0.833333333333333","0.166666666666667","0.00124554744999651","","239","239","194","196","229","233","173","173","219","219","267","277","126","134","190","194","141","141"
"99","UNIQUE","Marin19","Marin19","1","3","0.833333333333333","0.166666666666667","0.000409339080891802","","239","241","196","196","237","237","181","181","223","239","273","285","128","130","190","190","141","141"
"100","UNIQUE","Marin190","Marin190","1","3","0.833333333333333","0.166666666666667","0.000716964177413198","","239","239","196","198","237","237","173","173","217","219","277","277","126","134","194","194","121","121"
"101","UNIQUE","Marin191","Marin191","1","3","0.833333333333333","0.166666666666667","0.000765096880215123","","239","241","194","194","229","231","177","177","219","239","277","285","126","126","190","194","121","141"
"102","UNIQUE","Marin192","Marin192","1","3","0.833333333333333","0.166666666666667","0.000677087101340167","","241","241","194","196","229","229","177","177","219","239","273","277","122","126","190","190","121","121"
"103","UNIQUE","Marin193","Marin193","1","3","0.833333333333333","0.166666666666667","0.000464404775912259","","239","239","198","198","231","231","173","173","217","219","261","273","126","138","182","194","121","141"
"104","UNIQUE","Marin194","Marin194","1","3","0.833333333333333","0.166666666666667","0.000629023039777384","","239","239","194","194","245","245","177","177","217","219","273","273","126","126","194","194","121","121"
"105","UNIQUE","Marin195","Marin195","1","3","0.833333333333333","0.166666666666667","0.00108755784601518","","241","241","196","196","233","237","173","173","217","217","273","277","126","134","190","194","121","141"
"106","UNIQUE","Marin196","Marin196","2","3","0.833333333333333","0.166666666666667","0.00127411808686532","","241","241","194","198","233","233","-99","-99","217","219","261","261","126","134","190","194","141","141"
"106","MATCH","Marin196","S16-0737","2","3","0.833333333333333","0.166666666666667","0.0031104676938601","0.94","241","241","194","198","233","233","-99","-99","217","219","261","261","-99","-99","190","194","141","141"
"107","UNIQUE","Marin197","Marin197","1","3","0.833333333333333","0.166666666666667","0.00084237788451351","","239","239","194","194","229","237","173","173","217","219","273","277","128","134","182","190","121","141"
"108","CHECK_UNIQUE","Marin198","Marin198","2","3","0.833333333333333","0.166666666666667","0.00141463829101199","","239","239","194","198","229","229","177","177","217","217","273","277","126","126","190","194","121","141"
"108","MULTIPLE_MATCH","Marin198","S16-0721","2","3","0.833333333333333","0.166666666666667","","0.83","239","241","198","198","229","229","177","177","217","217","273","277","126","126","190","194","141","141"
"109","UNIQUE","Marin199","Marin199","1","3","0.833333333333333","0.166666666666667","0.000354580990786777","","241","241","196","198","229","229","183","183","217","219","273","285","130","130","194","198","141","141"
"110","UNIQUE","Marin2","Marin2","1","3","0.833333333333333","0.166666666666667","0.000847478923341006","","239","239","194","196","239","239","173","177","217","217","255","273","126","126","182","190","121","141"
"111","UNIQUE","Marin20","Marin20","1","3","0.833333333333333","0.166666666666667","0.00041361694776459","","239","241","196","196","229","229","181","181","223","225","267","273","130","130","190","202","141","141"
"112","UNIQUE","Marin200","Marin200","4","3","0.833333333333333","0.166666666666667","0.000472382792800163","","239","241","194","196","233","233","171","171","217","217","255","285","128","128","190","194","141","141"
"112","MATCH","Marin200","S16-0753","4","3","0.833333333333333","0.166666666666667","0.000472382792800163","1","239","241","194","196","233","233","171","171","217","217","255","285","128","128","190","194","141","141"
"112","MATCH","Marin200","S16-0780","4","3","0.833333333333333","0.166666666666667","0.00177674923719878","0.94","239","241","194","196","233","233","-99","-99","217","217","255","285","128","128","190","194","141","141"
"112","MATCH","Marin200","S16-0771","4","3","0.833333333333333","0.166666666666667","","0.89","239","239","194","196","233","233","-99","-99","217","217","255","285","128","128","190","194","141","141"
"113","UNIQUE","Marin201","Marin201","1","3","0.833333333333333","0.166666666666667","0.000718573921363998","","239","239","196","196","245","245","173","173","219","219","273","277","128","128","190","190","121","141"
"114","UNIQUE","Marin202","Marin202","1","3","0.833333333333333","0.166666666666667","0.000692630954244159","","239","241","194","198","229","237","173","173","219","219","263","277","128","128","194","194","121","141"
"115","UNIQUE","Marin203","Marin203","2","3","0.833333333333333","0.166666666666667","0.000417127391808096","","239","241","194","196","237","237","173","181","219","221","277","285","130","138","194","194","141","141"
"115","MATCH","Marin203","S16-0774","2","3","0.833333333333333","0.166666666666667","","0.83","239","239","194","196","-99","-99","173","181","219","221","277","277","130","138","194","194","141","141"
"116","UNIQUE","Marin204","Marin204","1","3","0.833333333333333","0.166666666666667","0.000501105266566794","","239","241","194","196","231","233","177","183","217","219","255","267","126","130","190","198","121","141"
"117","UNIQUE","Marin205","Marin205","1","3","0.833333333333333","0.166666666666667","0.000534085753669312","","241","241","194","194","229","231","177","177","219","219","267","267","126","138","182","190","141","141"
"118","UNIQUE","Marin206","Marin206","1","3","0.833333333333333","0.166666666666667","0.00123149173921817","","239","241","196","196","229","229","173","173","221","223","273","277","126","126","194","194","141","141"
"119","UNIQUE","Marin207","Marin207","1","3","0.833333333333333","0.166666666666667","0.000814388059711115","","239","241","196","196","233","233","173","173","217","223","255","273","128","128","194","194","141","141"
"120","UNIQUE","Marin208","Marin208","1","3","0.833333333333333","0.166666666666667","0.000812044086112382","","241","241","194","196","233","233","173","173","217","217","267","277","126","138","190","194","121","141"
"121","UNIQUE","Marin209","Marin209","1","3","0.833333333333333","0.166666666666667","0.000265906914518277","","241","241","194","200","227","233","171","177","219","223","273","273","126","138","182","190","121","141"
"122","UNIQUE","Marin21","Marin21","1","3","0.833333333333333","0.166666666666667","0.000720841158566235","","239","241","196","196","229","237","173","173","225","239","267","273","126","126","194","194","129","141"
"123","UNIQUE","Marin210","Marin210","1","3","0.833333333333333","0.166666666666667","0.000342861054249906","","239","241","194","196","227","233","177","179","223","231","273","273","122","130","190","190","121","141"
"124","UNIQUE","Marin211","Marin211","1","3","0.833333333333333","0.166666666666667","0.00016446424526305","","239","239","196","196","233","233","175","177","227","239","245","289","128","128","182","198","121","121"
"125","UNIQUE","Marin212","Marin212","1","3","0.833333333333333","0.166666666666667","9.26922959112698e-05","","239","239","196","198","233","233","175","179","219","231","265","273","122","122","182","182","119","121"
"126","UNIQUE","Marin213","Marin213","1","3","0.833333333333333","0.166666666666667","0.000198823361467755","","241","241","196","200","227","233","161","175","219","227","269","273","126","128","190","194","121","121"
"127","UNIQUE","Marin214","Marin214","1","3","0.833333333333333","0.166666666666667","0.000267872052539289","","239","241","196","200","227","233","175","177","219","231","273","273","122","128","190","198","141","141"
"128","UNIQUE","Marin215","Marin215","1","3","0.833333333333333","0.166666666666667","0.000248579155607873","","239","241","196","200","227","233","177","177","221","223","273","273","122","138","190","198","121","141"
"129","UNIQUE","Marin216","Marin216","1","3","0.833333333333333","0.166666666666667","0.000217059476367884","","241","241","196","200","231","235","159","175","213","217","273","277","122","126","190","190","141","141"
"130","UNIQUE","Marin217","Marin217","1","3","0.833333333333333","0.166666666666667","0.000224957174403371","","239","241","196","196","227","233","175","179","231","231","273","285","134","134","182","190","141","141"
"131","UNIQUE","Marin218","Marin218","1","3","0.833333333333333","0.166666666666667","0.000200173934089075","","241","241","196","196","233","233","161","175","213","219","269","273","128","138","190","198","121","141"
"132","UNIQUE","Marin219","Marin219","1","3","0.833333333333333","0.166666666666667","0.000382958106816863","","239","241","194","196","229","233","161","177","219","231","245","245","134","134","190","190","141","141"
"133","UNIQUE","Marin22","Marin22","3","3","0.833333333333333","0.166666666666667","0.000526199379425866","","239","239","196","196","229","239","177","177","217","223","277","285","130","134","190","202","121","141"
"133","MATCH","Marin22","S16-0117","3","3","0.833333333333333","0.166666666666667","0.000526199379425866","1","239","239","196","196","229","239","177","177","217","223","277","285","130","134","190","202","121","141"
"133","MATCH","Marin22","S15-3287","3","3","0.833333333333333","0.166666666666667","","0.89","239","239","196","196","229","239","177","177","217","223","-99","-99","130","130","190","202","121","141"
"134","UNIQUE","Marin23","Marin23","1","3","0.833333333333333","0.166666666666667","0.000904071567255966","","241","241","194","198","229","229","177","177","217","217","263","273","126","130","190","194","121","141"
"135","UNIQUE","Marin24","Marin24","1","3","0.833333333333333","0.166666666666667","0.000509167475292009","","239","241","194","196","231","231","173","173","217","239","273","285","134","138","190","190","141","141"
"136","UNIQUE","Marin25","Marin25","2","3","0.833333333333333","0.166666666666667","0.000518383594453996","","239","241","196","198","229","229","173","173","215","217","273","285","126","134","182","194","121","129"
"136","MATCH","Marin25","S15-3214","2","3","0.833333333333333","0.166666666666667","0.000518383594453996","1","239","241","196","198","229","229","173","173","215","217","273","285","126","134","182","194","121","129"
"137","UNIQUE","Marin26","Marin26","2","3","0.833333333333333","0.166666666666667","0.000255758411565351","","241","241","198","198","229","229","177","179","219","235","273","273","130","134","190","190","129","141"
"137","MATCH","Marin26","S15-3217","2","3","0.833333333333333","0.166666666666667","","0.83","239","241","198","198","229","229","177","179","219","219","-99","-99","130","134","190","190","129","141"
"138","UNIQUE","Marin27","Marin27","1","3","0.833333333333333","0.166666666666667","0.000588411949235312","","239","241","196","198","229","233","173","173","217","223","261","277","128","128","190","202","121","141"
"139","UNIQUE","Marin28","Marin28","1","3","0.833333333333333","0.166666666666667","0.000340535625958536","","239","241","196","198","231","231","173","185","217","223","273","277","130","134","182","194","121","141"
"140","UNIQUE","Marin29","Marin29","1","3","0.833333333333333","0.166666666666667","0.000525955290811554","","239","241","198","198","229","229","179","179","217","219","255","277","126","130","190","194","141","141"
"141","UNIQUE","Marin3","Marin3","1","3","0.833333333333333","0.166666666666667","0.000961739510912229","","239","241","196","196","233","233","173","173","217","223","277","285","126","128","190","190","141","141"
"142","UNIQUE","Marin30","Marin30","2","3","0.833333333333333","0.166666666666667","0.000525268791136268","","239","239","196","196","229","233","173","181","217","225","267","267","126","130","182","190","129","141"
"142","MATCH","Marin30","S16-0134","2","3","0.833333333333333","0.166666666666667","","0.89","239","239","196","196","229","233","173","173","217","217","267","267","126","130","182","190","129","141"
"143","CHECK_UNIQUE","Marin31","Marin31","3","3","0.833333333333333","0.166666666666667","0.00122895606267447","","239","239","196","198","229","233","177","177","217","217","273","273","126","130","190","190","121","141"
"143","MATCH","Marin31","S16-0107","3","3","0.833333333333333","0.166666666666667","0.00197991683537612","0.94","-99","-99","196","198","229","233","177","177","217","217","273","273","126","130","190","190","121","141"
"143","MULTIPLE_MATCH","Marin31","S16-0080","3","3","0.833333333333333","0.166666666666667","","0.89","239","239","196","198","229","229","177","177","217","217","273","273","126","130","-99","-99","121","141"
"144","UNIQUE","Marin32","Marin32","1","3","0.833333333333333","0.166666666666667","0.000354681837119153","","241","241","196","198","227","227","177","181","217","219","255","285","128","128","194","194","141","141"
"145","UNIQUE","Marin33","Marin33","1","3","0.833333333333333","0.166666666666667","0.000786717178977035","","239","241","194","196","233","237","173","173","217","217","255","267","122","126","182","190","121","141"
"146","UNIQUE","Marin34","Marin34","1","3","0.833333333333333","0.166666666666667","0.000761622700855107","","239","241","196","196","229","229","173","181","219","219","255","263","122","134","190","190","141","141"
"147","UNIQUE","Marin35","Marin35","1","3","0.833333333333333","0.166666666666667","0.000579179933064484","","241","241","196","200","229","229","173","173","217","217","261","267","110","126","190","194","129","141"
"148","UNIQUE","Marin36","Marin36","5","3","0.833333333333333","0.166666666666667","0.000796150976323045","","241","241","196","198","237","237","173","177","217","219","263","273","126","130","194","194","141","141"
"148","MATCH","Marin36","Marin169","5","3","0.833333333333333","0.166666666666667","","0.83","241","241","194","198","237","237","-99","-99","217","219","273","273","126","130","194","194","141","141"
"148","MATCH","Marin36","S16-0650","5","3","0.833333333333333","0.166666666666667","","0.83","241","241","194","198","237","237","-99","-99","217","219","273","273","126","130","194","194","141","141"
"148","MATCH","Marin36","S16-0658","5","3","0.833333333333333","0.166666666666667","","0.83","241","241","194","198","237","237","-99","-99","217","219","273","273","126","130","194","194","141","141"
"148","MATCH","Marin36","S16-0660","5","3","0.833333333333333","0.166666666666667","","0.83","241","241","194","198","237","237","-99","-99","217","219","273","273","126","130","194","194","141","141"
"149","UNIQUE","Marin37","Marin37","2","3","0.833333333333333","0.166666666666667","0.000684103168508289","","239","239","194","200","229","229","177","181","217","217","261","273","126","126","182","194","121","121"
"149","MATCH","Marin37","S15-3274","2","3","0.833333333333333","0.166666666666667","0.000684103168508289","1","239","239","194","200","229","229","177","181","217","217","261","273","126","126","182","194","121","121"
"150","UNIQUE","Marin38","Marin38","1","3","0.833333333333333","0.166666666666667","0.000520429695630548","","241","241","194","196","229","237","173","173","223","225","277","285","128","138","190","194","121","141"
"151","UNIQUE","Marin39","Marin39","3","3","0.833333333333333","0.166666666666667","0.00035516972537158","","241","241","196","196","233","235","173","177","215","225","277","285","130","130","190","190","121","141"
"151","MATCH","Marin39","S15-3281","3","3","0.833333333333333","0.166666666666667","0.00035516972537158","1","241","241","196","196","233","235","173","177","215","225","277","285","130","130","190","190","121","141"
"151","MATCH","Marin39","S16-0127","3","3","0.833333333333333","0.166666666666667","","0.94","241","241","196","196","233","235","173","177","215","215","277","285","130","130","190","190","121","141"
"152","UNIQUE","Marin4","Marin4","1","3","0.833333333333333","0.166666666666667","0.000272255432239375","","239","239","198","198","233","233","177","177","223","225","255","277","110","126","182","190","141","141"
"153","UNIQUE","Marin40","Marin40","1","3","0.833333333333333","0.166666666666667","0.000403587954637759","","239","239","196","196","231","231","177","177","217","223","273","277","130","134","190","190","121","129"
"154","UNIQUE","Marin41","Marin41","3","3","0.833333333333333","0.166666666666667","0.000307047807176001","","239","241","194","194","239","241","173","177","215","223","261","285","126","130","182","194","121","141"
"154","MATCH","Marin41","S15-3221","3","3","0.833333333333333","0.166666666666667","0.000307047807176001","1","239","241","194","194","239","241","173","177","215","223","261","285","126","130","182","194","121","141"
"154","MATCH","Marin41","S15-3238","3","3","0.833333333333333","0.166666666666667","","0.94","239","241","194","194","239","241","173","177","215","223","261","261","126","130","182","194","121","141"
"155","CHECK_UNIQUE","Marin42","Marin42","2","3","0.833333333333333","0.166666666666667","0.00124016373949389","","239","241","196","198","229","233","173","177","217","217","261","273","126","130","190","190","141","141"
"155","MULTIPLE_MATCH","Marin42","S15-3270","2","3","0.833333333333333","0.166666666666667","","0.83","239","241","196","198","229","229","173","177","217","219","-99","-99","126","130","190","190","141","141"
"156","UNIQUE","Marin43","Marin43","1","3","0.833333333333333","0.166666666666667","0.0004527669448468","","239","239","196","200","229","229","173","177","217","223","261","273","122","126","198","198","121","121"
"157","UNIQUE","Marin44","Marin44","5","3","0.833333333333333","0.166666666666667","0.000536357965993293","","239","239","194","198","229","231","-99","-99","221","223","261","263","122","128","182","190","121","121"
"157","MATCH","Marin44","S15-3201","5","3","0.833333333333333","0.166666666666667","0.000536357965993293","1","239","239","194","198","229","231","-99","-99","221","223","261","263","122","128","182","190","121","121"
"157","MATCH","Marin44","S15-3206","5","3","0.833333333333333","0.166666666666667","0.000536357965993293","1","239","239","194","198","229","231","-99","-99","221","223","261","263","122","128","182","190","121","121"
"157","MATCH","Marin44","S16-0091","5","3","0.833333333333333","0.166666666666667","0.00186965381627743","0.94","239","239","194","198","229","231","-99","-99","-99","-99","261","263","122","128","182","190","121","121"
"157","MATCH","Marin44","S16-0087","5","3","0.833333333333333","0.166666666666667","","0.89","239","239","194","198","229","229","-99","-99","221","223","261","263","122","128","182","182","121","121"
"158","UNIQUE","Marin45","Marin45","2","3","0.833333333333333","0.166666666666667","0.000300173621554063","","241","241","196","196","227","227","177","181","217","227","273","285","130","134","182","194","141","141"
"158","MATCH","Marin45","S16-0105","2","3","0.833333333333333","0.166666666666667","","0.89","241","241","196","196","227","227","177","181","217","227","261","273","130","134","182","194","141","141"
"159","UNIQUE","Marin47","Marin47","1","3","0.833333333333333","0.166666666666667","0.000335830007819589","","239","241","194","198","233","233","175","181","215","219","261","277","126","130","190","194","141","141"
"160","UNIQUE","Marin48","Marin48","2","3","0.833333333333333","0.166666666666667","0.000443401511839749","","239","239","198","198","227","227","173","177","217","217","267","267","126","134","190","190","121","121"
"160","MATCH","Marin48","S15-3255","2","3","0.833333333333333","0.166666666666667","","0.83","-99","-99","198","198","227","227","173","177","217","217","-99","-99","134","134","190","190","121","121"
"161","UNIQUE","Marin49","Marin49","1","3","0.833333333333333","0.166666666666667","0.00255395096184916","","239","241","194","196","229","231","-99","-99","217","219","267","267","126","126","182","194","121","141"
"162","UNIQUE","Marin5","Marin5","1","3","0.833333333333333","0.166666666666667","0.000438545607762729","","239","241","194","200","241","241","173","173","217","217","267","267","126","128","194","194","121","121"
"163","UNIQUE","Marin50","Marin50","1","3","0.833333333333333","0.166666666666667","0.000386487281721077","","239","241","194","196","237","239","177","177","223","239","273","273","126","134","182","202","121","141"
"164","UNIQUE","Marin51","Marin51","1","3","0.833333333333333","0.166666666666667","0.000147410071016893","","241","241","198","202","229","229","173","173","223","239","261","261","126","130","182","194","129","129"
"165","UNIQUE","Marin52","Marin52","1","3","0.833333333333333","0.166666666666667","0.000434845928085106","","239","241","194","196","235","235","173","173","225","239","277","285","126","130","190","190","121","141"
"166","UNIQUE","Marin53","Marin53","3","3","0.833333333333333","0.166666666666667","0.000520751869312291","","239","241","194","196","233","237","173","173","219","223","261","277","126","128","194","202","121","121"
"166","MATCH","Marin53","S16-0148","3","3","0.833333333333333","0.166666666666667","","0.94","239","241","194","196","233","237","173","173","219","219","261","277","126","128","194","202","121","121"
"166","MATCH","Marin53","S15-3278","3","3","0.833333333333333","0.166666666666667","","0.89","-99","-99","194","196","233","237","173","173","219","223","261","277","128","128","194","202","121","121"
"167","UNIQUE","Marin54","Marin54","1","3","0.833333333333333","0.166666666666667","0.000146672021652131","","241","241","200","200","231","231","173","173","223","225","261","267","134","138","182","194","121","141"
"168","UNIQUE","Marin55","Marin55","1","3","0.833333333333333","0.166666666666667","0.000551243068080234","","239","239","194","196","233","233","173","173","223","223","273","285","126","130","194","194","121","121"
"169","UNIQUE","Marin56","Marin56","1","3","0.833333333333333","0.166666666666667","0.000459376961812058","","239","239","196","196","237","237","173","177","217","239","273","277","134","138","182","202","121","141"
"170","UNIQUE","Marin57","Marin57","1","3","0.833333333333333","0.166666666666667","0.000709078735139402","","239","239","194","194","229","233","173","177","225","235","267","273","126","134","190","194","121","141"
"171","UNIQUE","Marin58","Marin58","1","3","0.833333333333333","0.166666666666667","0.000452071422097186","","239","239","196","196","233","233","173","173","217","217","261","285","130","134","198","202","141","141"
"172","UNIQUE","Marin59","Marin59","1","3","0.833333333333333","0.166666666666667","0.000427494969005522","","239","241","194","198","233","233","173","177","217","239","255","277","128","128","182","190","141","141"
"173","UNIQUE","Marin6","Marin6","1","3","0.833333333333333","0.166666666666667","0.000842217932168869","","239","241","194","196","233","239","177","177","217","219","261","273","122","126","190","190","141","141"
"174","UNIQUE","Marin60","Marin60","1","3","0.833333333333333","0.166666666666667","0.000401351770320907","","239","239","196","200","233","233","173","177","215","217","255","285","122","130","190","190","141","141"
"175","UNIQUE","Marin61","Marin61","1","3","0.833333333333333","0.166666666666667","0.0010415826884444","","239","241","194","196","229","229","173","181","217","217","267","277","126","134","182","194","121","141"
"176","UNIQUE","Marin62","Marin62","1","3","0.833333333333333","0.166666666666667","0.000489501151626073","","239","241","194","196","231","233","173","181","217","217","263","267","126","128","194","198","121","121"
"177","UNIQUE","Marin63","Marin63","1","3","0.833333333333333","0.166666666666667","0.00062392268330314","","239","241","194","196","231","233","179","181","217","219","255","267","126","128","190","194","121","141"
"178","UNIQUE","Marin64","Marin64","1","3","0.833333333333333","0.166666666666667","0.000946157405565933","","239","241","196","196","229","231","177","181","219","219","267","273","126","138","190","190","121","141"
"179","UNIQUE","Marin65","Marin65","1","3","0.833333333333333","0.166666666666667","0.000759263185363835","","239","239","194","196","229","229","177","181","215","217","255","277","126","126","194","194","121","121"
"180","UNIQUE","Marin66","Marin66","1","3","0.833333333333333","0.166666666666667","0.000395626578531838","","239","241","196","200","229","237","177","177","225","225","273","273","130","134","190","198","121","141"
"181","UNIQUE","Marin67","Marin67","1","3","0.833333333333333","0.166666666666667","0.000503552141663452","","239","239","196","198","233","233","173","173","217","225","267","285","128","128","190","194","121","121"
"182","UNIQUE","Marin68","Marin68","1","3","0.833333333333333","0.166666666666667","0.000397486876383877","","239","241","194","202","233","233","173","173","219","223","263","267","130","130","190","194","121","141"
"183","UNIQUE","Marin69","Marin69","1","3","0.833333333333333","0.166666666666667","0.00132814346951777","","239","239","196","196","229","233","173","173","217","219","263","285","126","134","190","194","121","141"
"184","UNIQUE","Marin7","Marin7","1","3","0.833333333333333","0.166666666666667","0.000881067367545288","","239","241","194","196","233","233","177","177","217","219","263","273","110","126","190","190","121","141"
"185","UNIQUE","Marin70","Marin70","2","3","0.833333333333333","0.166666666666667","0.000467544154292728","","239","241","194","196","229","229","181","181","217","225","273","273","110","126","190","194","121","129"
"185","MATCH","Marin70","S16-0199","2","3","0.833333333333333","0.166666666666667","0.000467544154292728","1","239","241","194","196","229","229","181","181","217","225","273","273","110","126","190","194","121","129"
"186","UNIQUE","Marin71","Marin71","1","3","0.833333333333333","0.166666666666667","0.000770365580916562","","239","239","194","194","237","237","177","177","219","219","267","273","126","126","194","194","121","121"
"187","UNIQUE","Marin72","Marin72","4","3","0.833333333333333","0.166666666666667","0.000653798531084733","","239","239","194","194","237","237","173","173","217","223","267","273","134","134","190","194","141","141"
"187","MATCH","Marin72","S16-0212","4","3","0.833333333333333","0.166666666666667","0.00172250073912586","0.94","239","239","194","194","237","237","173","173","217","223","-99","-99","134","134","190","194","141","141"
"187","MATCH","Marin72","S16-0184","4","3","0.833333333333333","0.166666666666667","0.00480726711470366","0.89","239","239","194","194","-99","-99","173","173","217","223","-99","-99","134","134","190","194","141","141"
"187","MATCH","Marin72","S16-0208","4","3","0.833333333333333","0.166666666666667","0.00480726711470366","0.89","239","239","194","194","-99","-99","173","173","217","223","-99","-99","134","134","190","194","141","141"
"188","UNIQUE","Marin73","Marin73","1","3","0.833333333333333","0.166666666666667","0.000394831282287347","","239","239","196","198","229","229","175","181","217","239","267","267","110","126","194","202","141","141"
"189","UNIQUE","Marin74","Marin74","1","3","0.833333333333333","0.166666666666667","0.00105850553062098","","239","241","194","196","229","229","173","173","223","225","263","273","126","128","190","194","121","141"
"190","UNIQUE","Marin75","Marin75","1","3","0.833333333333333","0.166666666666667","0.000601337530060161","","241","241","196","196","229","229","177","177","223","225","267","267","110","128","190","190","121","141"
"191","UNIQUE","Marin76","Marin76","1","3","0.833333333333333","0.166666666666667","0.000801753856360124","","239","239","196","198","233","233","177","181","217","219","255","285","126","126","190","194","121","141"
"192","UNIQUE","Marin77","Marin77","1","3","0.833333333333333","0.166666666666667","0.000809549262550253","","241","241","196","198","229","233","173","175","217","219","267","285","126","126","194","194","121","141"
"193","UNIQUE","Marin78","Marin78","2","3","0.833333333333333","0.166666666666667","0.000642769441322438","","239","241","194","198","229","237","177","181","223","223","261","267","126","126","190","194","141","141"
"193","MATCH","Marin78","S16-0207","2","3","0.833333333333333","0.166666666666667","0.000642769441322438","1","239","241","194","198","229","237","177","181","223","223","261","267","126","126","190","194","141","141"
"194","UNIQUE","Marin79","Marin79","1","3","0.833333333333333","0.166666666666667","0.000221805989643981","","239","239","194","200","241","241","177","181","217","223","255","255","126","134","190","198","121","141"
"195","UNIQUE","Marin8","Marin8","2","3","0.833333333333333","0.166666666666667","0.000924923252698822","","239","241","196","196","229","237","177","177","217","219","261","273","126","134","190","198","121","121"
"195","MATCH","Marin8","S15-3199","2","3","0.833333333333333","0.166666666666667","","0.94","241","241","196","196","229","237","177","177","217","219","261","273","126","134","190","198","121","121"
"196","UNIQUE","Marin80","Marin80","2","3","0.833333333333333","0.166666666666667","0.00075147540019987","","241","241","194","194","229","237","173","177","217","219","261","263","110","126","190","194","121","141"
"196","MATCH","Marin80","S16-0210","2","3","0.833333333333333","0.166666666666667","","0.89","241","241","194","194","229","237","173","173","217","219","263","263","110","126","190","194","121","141"
"197","UNIQUE","Marin81","Marin81","4","3","0.833333333333333","0.166666666666667","0.000698553953204057","","239","239","194","196","233","233","173","175","217","217","277","277","126","126","194","198","141","141"
"197","MATCH","Marin81","S16-0189","4","3","0.833333333333333","0.166666666666667","","0.89","239","239","196","196","233","233","173","175","217","217","277","285","126","126","194","198","141","141"
"197","MATCH","Marin81","S16-0215","4","3","0.833333333333333","0.166666666666667","","0.89","239","239","196","196","233","233","173","175","217","217","277","285","126","126","194","198","141","141"
"197","MATCH","Marin81","S16-0190","4","3","0.833333333333333","0.166666666666667","","0.83","239","239","196","196","233","233","173","175","217","217","285","285","126","126","194","198","141","141"
"198","UNIQUE","Marin82","Marin82","1","3","0.833333333333333","0.166666666666667","0.000744361518694514","","239","241","196","196","229","229","179","179","217","219","277","277","126","128","190","198","121","141"
"199","UNIQUE","Marin83","Marin83","1","3","0.833333333333333","0.166666666666667","0.000495235762845676","","239","239","196","198","229","229","181","181","217","223","273","273","126","134","190","198","121","121"
"200","UNIQUE","Marin84","Marin84","1","3","0.833333333333333","0.166666666666667","0.000559279098871877","","239","239","194","196","229","233","179","181","223","225","263","273","126","126","194","194","121","141"
"201","UNIQUE","Marin85","Marin85","1","3","0.833333333333333","0.166666666666667","0.00098138835014563","","239","239","196","200","229","229","173","173","217","223","261","273","126","130","194","194","121","141"
"202","UNIQUE","Marin86","Marin86","4","3","0.833333333333333","0.166666666666667","0.000427034894390371","","239","241","196","198","231","231","177","177","219","225","255","269","126","134","190","190","141","141"
"202","MATCH","Marin86","S16-0248","4","3","0.833333333333333","0.166666666666667","0.000427034894390371","1","239","241","196","198","231","231","177","177","219","225","255","269","126","134","190","190","141","141"
"202","MATCH","Marin86","S16-0247","4","3","0.833333333333333","0.166666666666667","","0.89","241","241","196","198","231","231","177","177","219","225","255","255","126","134","190","190","141","141"
"202","MATCH","Marin86","S16-0242","4","3","0.833333333333333","0.166666666666667","","0.83","241","241","196","198","-99","-99","177","177","219","225","255","255","126","134","190","190","141","141"
"203","UNIQUE","Marin87","Marin87","1","3","0.833333333333333","0.166666666666667","0.000133423513758821","","241","241","194","200","233","233","181","181","217","227","261","261","128","134","194","194","129","141"
"204","UNIQUE","Marin88","Marin88","4","3","0.833333333333333","0.166666666666667","0.000204869289682769","","241","241","194","194","231","231","173","181","215","219","267","267","134","134","194","194","121","121"
"204","MATCH","Marin88","S16-0249","4","3","0.833333333333333","0.166666666666667","0.000204869289682769","1","241","241","194","194","231","231","173","181","215","219","267","267","134","134","194","194","121","121"
"204","MATCH","Marin88","S16-0254","4","3","0.833333333333333","0.166666666666667","0.000204869289682769","1","241","241","194","194","231","231","173","181","215","219","267","267","134","134","194","194","121","121"
"204","MATCH","Marin88","S16-0226","4","3","0.833333333333333","0.166666666666667","0.00116788676336022","0.89","-99","-99","194","194","231","231","173","181","215","219","-99","-99","134","134","194","194","121","121"
"205","UNIQUE","Marin89","Marin89","1","3","0.833333333333333","0.166666666666667","0.000354187032634565","","239","241","194","198","233","235","173","181","219","239","261","285","126","134","194","194","121","141"
"206","UNIQUE","Marin9","Marin9","1","3","0.833333333333333","0.166666666666667","0.000905018980192689","","239","241","196","198","229","237","177","177","219","219","261","273","126","134","182","194","121","141"
"207","UNIQUE","Marin90","Marin90","1","3","0.833333333333333","0.166666666666667","0.000206321349047677","","241","241","196","200","231","231","173","181","219","239","269","273","128","130","194","194","121","121"
"208","UNIQUE","Marin91","Marin91","1","3","0.833333333333333","0.166666666666667","0.000280986114085996","","239","241","198","198","229","229","171","173","215","219","255","255","126","134","194","194","129","141"
"209","UNIQUE","Marin92","Marin92","2","3","0.833333333333333","0.166666666666667","0.00105931544003715","","241","241","196","196","229","229","177","181","217","217","273","273","126","134","182","190","121","141"
"209","MATCH","Marin92","S16-0311","2","3","0.833333333333333","0.166666666666667","0.00105931544003715","1","241","241","196","196","229","229","177","181","217","217","273","273","126","134","182","190","121","141"
"210","UNIQUE","Marin93","Marin93","1","3","0.833333333333333","0.166666666666667","0.00062177294812529","","239","239","194","196","233","233","173","173","215","219","261","267","126","130","182","190","141","141"
"211","UNIQUE","Marin94","Marin94","1","3","0.833333333333333","0.166666666666667","0.000982240214206554","","241","241","194","194","229","229","177","177","217","219","263","285","126","126","190","190","121","141"
"212","CHECK_UNIQUE","Marin95","Marin95","4","3","0.833333333333333","0.166666666666667","0.00138818975415005","","239","241","194","196","229","237","173","177","217","219","267","281","126","128","190","194","121","141"
"212","MATCH","Marin95","S16-0309","4","3","0.833333333333333","0.166666666666667","0.00138818975415005","1","239","241","194","196","229","237","173","177","217","219","267","281","126","128","190","194","121","141"
"212","MATCH","Marin95","S16-0331","4","3","0.833333333333333","0.166666666666667","0.00138818975415005","1","239","241","194","196","229","237","173","177","217","219","267","281","126","128","190","194","121","141"
"212","MULTIPLE_MATCH","Marin95","S16-0282","4","3","0.833333333333333","0.166666666666667","","0.94","239","241","194","194","229","237","173","177","217","219","267","281","126","128","190","194","121","141"
"213","UNIQUE","Marin96","Marin96","1","3","0.833333333333333","0.166666666666667","0.00112465223761052","","239","239","196","198","229","229","173","173","217","217","261","273","126","128","190","198","141","141"
"214","UNIQUE","Marin97","Marin97","1","3","0.833333333333333","0.166666666666667","0.000451201248339721","","239","239","196","196","237","237","177","181","217","221","263","267","130","130","182","190","141","141"
"215","UNIQUE","Marin98","Marin98","4","3","0.833333333333333","0.166666666666667","0.00163164391305453","","241","241","194","194","229","237","-99","-99","217","217","263","267","126","138","190","194","121","141"
"215","MATCH","Marin98","S16-0290","4","3","0.833333333333333","0.166666666666667","0.00163164391305453","1","241","241","194","194","229","237","-99","-99","217","217","263","267","126","138","190","194","121","141"
"215","MATCH","Marin98","S16-0303","4","3","0.833333333333333","0.166666666666667","0.00163164391305453","1","241","241","194","194","229","237","-99","-99","217","217","263","267","126","138","190","194","121","141"
"215","MATCH","Marin98","S16-0312","4","3","0.833333333333333","0.166666666666667","0.00163164391305453","1","241","241","194","194","229","237","-99","-99","217","217","263","267","126","138","190","194","121","141"
"216","UNIQUE","Marin99","Marin99","2","3","0.833333333333333","0.166666666666667","0.000580281549452219","","239","239","196","198","231","231","177","177","217","219","263","273","122","134","190","194","121","141"
"216","MATCH","Marin99","S16-0263","2","3","0.833333333333333","0.166666666666667","","0.89","239","239","198","198","231","231","177","177","217","219","273","273","122","134","190","194","121","141"
"217","UNIQUE","S15-3175","S15-3175","2","3","0.833333333333333","0.166666666666667","0.00143833019432902","","-99","-99","194","196","229","229","173","173","223","223","263","263","126","130","190","194","121","141"
"217","MATCH","S15-3175","S15-3176","2","3","0.833333333333333","0.166666666666667","","0.83","239","241","194","196","229","233","173","173","223","223","-99","-99","126","130","190","194","121","141"
"218","UNIQUE","S15-3195","S15-3195","1","3","0.833333333333333","0.166666666666667","0.00418509733481375","","-99","-99","196","196","233","233","173","173","217","219","-99","-99","122","126","190","194","121","121"
"219","UNIQUE","S15-3202","S15-3202","1","3","0.833333333333333","0.166666666666667","0.0018140602200239","","239","239","196","200","229","229","177","177","219","219","-99","-99","126","134","194","198","121","121"
"220","UNIQUE","S15-3203","S15-3203","1","3","0.833333333333333","0.166666666666667","0.00223964425529026","","-99","-99","196","198","237","237","-99","-99","217","217","261","261","128","128","182","190","121","141"
"221","UNIQUE","S15-3212","S15-3212","1","3","0.833333333333333","0.166666666666667","0.00439060393190113","","239","241","194","196","231","239","173","177","217","223","-99","-99","126","130","-99","-99","121","141"
"222","UNIQUE","S15-3230","S15-3230","1","3","0.833333333333333","0.166666666666667","0.00189685551496862","","239","241","198","202","229","229","173","177","217","239","-99","-99","126","130","194","194","141","141"
"223","CHECK_UNIQUE","S15-3247","S15-3247","2","3","0.833333333333333","0.166666666666667","0.0054354140855685","","-99","-99","194","196","-99","-99","173","177","223","223","-99","-99","130","130","182","190","121","121"
"223","MULTIPLE_MATCH","S15-3247","S15-3233","2","3","0.833333333333333","0.166666666666667","","0.83","-99","-99","194","196","231","239","173","177","223","223","273","285","126","130","182","190","121","121"
"224","CHECK_UNIQUE","S15-3268","S15-3268","2","3","0.833333333333333","0.166666666666667","0.00650234620141753","","-99","-99","196","198","229","229","173","177","217","219","-99","-99","126","130","190","190","141","141"
"224","MULTIPLE_MATCH","S15-3268","S15-3270","2","3","0.833333333333333","0.166666666666667","0.00650234620141753","0.94","239","241","196","198","229","229","173","177","217","219","-99","-99","126","130","190","190","141","141"
"225","UNIQUE","S15-3271","S15-3271","1","3","0.833333333333333","0.166666666666667","0.00046961707187963","","239","241","194","194","229","237","181","181","217","221","263","273","126","128","182","190","121","141"
"226","UNIQUE","S15-3273","S15-3273","1","3","0.833333333333333","0.166666666666667","0.000312856718752548","","241","241","196","198","229","237","181","181","219","221","263","267","128","128","182","190","141","141"
"227","UNIQUE","S15-3280","S15-3280","1","3","0.833333333333333","0.166666666666667","0.00300581647399654","","-99","-99","196","196","229","233","173","173","217","225","-99","-99","138","138","182","190","121","141"
"228","UNIQUE","S16-0083","S16-0083","2","3","0.833333333333333","0.166666666666667","0.0175150051060217","","239","239","-99","-99","229","229","173","173","-99","-99","-99","-99","126","134","190","190","121","141"
"228","MATCH","S16-0083","S16-0089","2","3","0.833333333333333","0.166666666666667","","0.83","239","239","-99","-99","-99","-99","173","173","-99","-99","261","261","126","134","190","190","121","121"
"229","UNIQUE","S16-0086","S16-0086","1","3","0.833333333333333","0.166666666666667","0.00295142858828298","","241","241","-99","-99","-99","-99","177","181","217","217","273","273","130","134","182","194","141","141"
"230","UNIQUE","S16-0097","S16-0097","1","3","0.833333333333333","0.166666666666667","0.00488097180047849","","-99","-99","196","196","227","227","-99","-99","217","217","-99","-99","130","134","182","182","141","141"
"231","UNIQUE","S16-0098","S16-0098","1","3","0.833333333333333","0.166666666666667","0.00212125203139139","","241","241","196","198","229","229","-99","-99","219","219","261","273","126","130","190","190","141","141"
"232","UNIQUE","S16-0109","S16-0109","1","3","0.833333333333333","0.166666666666667","0.00714640780860967","","-99","-99","196","196","229","229","171","171","217","217","-99","-99","126","134","-99","-99","121","121"
"233","UNIQUE","S16-0111","S16-0111","1","3","0.833333333333333","0.166666666666667","0.00859361716480589","","239","239","-99","-99","229","229","177","177","217","219","-99","-99","126","128","194","194","141","141"
"234","UNIQUE","S16-0120","S16-0120","1","3","0.833333333333333","0.166666666666667","0.00208740048615583","","-99","-99","196","196","227","227","-99","-99","217","217","255","255","128","134","194","194","141","141"
"235","UNIQUE","S16-0139","S16-0139","1","3","0.833333333333333","0.166666666666667","0.000527860747456026","","239","241","194","196","233","237","173","173","223","225","261","277","128","138","190","194","121","141"
"236","UNIQUE","S16-0140","S16-0140","1","3","0.833333333333333","0.166666666666667","0.00278421127290471","","239","239","196","196","239","239","177","177","-99","-99","-99","-99","130","130","182","182","121","141"
"237","UNIQUE","S16-0144","S16-0144","1","3","0.833333333333333","0.166666666666667","0.00791521066734602","","-99","-99","196","196","-99","-99","173","173","223","225","-99","-99","128","138","190","194","121","141"
"238","UNIQUE","S16-0150","S16-0150","1","3","0.833333333333333","0.166666666666667","0.00196003183069282","","-99","-99","196","196","231","231","179","179","-99","-99","255","267","126","128","190","194","121","141"
"239","UNIQUE","S16-0159","S16-0159","1","3","0.833333333333333","0.166666666666667","0.00126751181707219","","-99","-99","194","194","233","233","181","181","-99","-99","255","255","128","134","190","190","141","141"
"240","UNIQUE","S16-0160","S16-0160","1","3","0.833333333333333","0.166666666666667","0.00269524985079328","","241","241","194","198","-99","-99","173","173","-99","-99","255","277","128","138","190","190","141","141"
"241","UNIQUE","S16-0163","S16-0163","1","3","0.833333333333333","0.166666666666667","0.00283618249539035","","239","239","194","194","-99","-99","173","173","217","217","273","273","126","134","190","194","121","141"
"242","UNIQUE","S16-0164","S16-0164","1","3","0.833333333333333","0.166666666666667","0.000448886637659505","","241","241","198","198","229","237","173","173","219","219","273","285","126","130","182","182","121","141"
"243","UNIQUE","S16-0168","S16-0168","1","3","0.833333333333333","0.166666666666667","0.0034290686164426","","-99","-99","194","194","229","229","173","181","215","217","-99","-99","126","126","182","194","121","141"
"244","UNIQUE","S16-0187","S16-0187","1","3","0.833333333333333","0.166666666666667","0.00242134524240615","","239","239","196","198","229","233","181","181","217","219","-99","-99","126","128","190","194","121","141"
"245","UNIQUE","S16-0195","S16-0195","1","3","0.833333333333333","0.166666666666667","0.00152008028438698","","239","239","196","196","233","237","-99","-99","217","223","273","273","126","134","182","198","141","141"
"246","UNIQUE","S16-0204","S16-0204","1","3","0.833333333333333","0.166666666666667","0.000659775493301988","","241","241","194","196","229","229","181","181","217","223","263","267","126","128","190","190","121","141"
"247","UNIQUE","S16-0211","S16-0211","1","3","0.833333333333333","0.166666666666667","0.000284023837821994","","239","241","196","198","229","229","181","181","223","239","263","263","110","126","190","202","121","141"
"248","CHECK_UNIQUE","S16-0218","S16-0218","2","3","0.833333333333333","0.166666666666667","0.00573030734968078","","241","241","194","194","-99","-99","177","177","217","223","-99","-99","126","126","190","194","121","141"
"248","MULTIPLE_MATCH","S16-0218","S16-0399","2","3","0.833333333333333","0.166666666666667","","0.83","241","241","194","194","237","237","177","177","217","223","-99","-99","126","126","182","194","141","141"
"249","UNIQUE","S16-0219","S16-0219","1","3","0.833333333333333","0.166666666666667","0.000852377069914572","","239","239","196","196","229","229","175","177","217","223","267","273","126","126","194","198","121","121"
"250","UNIQUE","S16-0222","S16-0222","1","3","0.833333333333333","0.166666666666667","0.00218472729325938","","241","241","194","194","-99","-99","173","177","219","219","273","273","126","126","182","190","121","141"
"251","UNIQUE","S16-0245","S16-0245","1","3","0.833333333333333","0.166666666666667","0.00667992928376101","","239","239","196","198","-99","-99","177","177","219","219","-99","-99","126","134","190","190","141","141"
"252","UNIQUE","S16-0253","S16-0253","1","3","0.833333333333333","0.166666666666667","0.000374442515146852","","239","241","194","198","237","239","-99","-99","215","235","255","267","130","134","190","194","121","129"
"253","UNIQUE","S16-0255","S16-0255","1","3","0.833333333333333","0.166666666666667","0.00345180856068939","","239","239","194","200","-99","-99","177","177","-99","-99","261","261","128","128","190","194","121","141"
"254","UNIQUE","S16-0257","S16-0257","14","3","0.833333333333333","0.166666666666667","0.00216654456353189","","239","239","194","196","229","229","-99","-99","217","225","267","285","128","128","190","194","141","141"
"254","MATCH","S16-0257","S16-0258","14","3","0.833333333333333","0.166666666666667","0.00216654456353189","1","239","239","194","196","229","229","-99","-99","217","225","267","285","128","128","190","194","141","141"
"254","MATCH","S16-0257","S16-0259","14","3","0.833333333333333","0.166666666666667","0.00216654456353189","1","239","239","194","196","229","229","-99","-99","217","225","267","285","128","128","190","194","141","141"
"254","MATCH","S16-0257","S16-0295","14","3","0.833333333333333","0.166666666666667","0.00216654456353189","1","239","239","194","196","229","229","-99","-99","217","225","267","285","128","128","190","194","141","141"
"254","MATCH","S16-0257","S16-0296","14","3","0.833333333333333","0.166666666666667","0.00216654456353189","1","239","239","194","196","229","229","-99","-99","217","225","267","285","128","128","190","194","141","141"
"254","MATCH","S16-0257","S16-0314","14","3","0.833333333333333","0.166666666666667","0.00216654456353189","1","239","239","194","196","229","229","-99","-99","217","225","267","285","128","128","190","194","141","141"
"254","MATCH","S16-0257","S16-0319","14","3","0.833333333333333","0.166666666666667","0.00216654456353189","1","239","239","194","196","229","229","-99","-99","217","225","267","285","128","128","190","194","141","141"
"254","MATCH","S16-0257","S16-0321","14","3","0.833333333333333","0.166666666666667","0.00216654456353189","1","239","239","194","196","229","229","-99","-99","217","225","267","285","128","128","190","194","141","141"
"254","MATCH","S16-0257","S16-0335","14","3","0.833333333333333","0.166666666666667","0.00216654456353189","1","239","239","194","196","229","229","-99","-99","217","225","267","285","128","128","190","194","141","141"
"254","MATCH","S16-0257","S16-0262","14","3","0.833333333333333","0.166666666666667","","0.94","239","239","194","196","229","229","-99","-99","217","225","267","285","126","128","190","194","141","141"
"254","MATCH","S16-0257","S16-0322","14","3","0.833333333333333","0.166666666666667","","0.94","239","239","194","196","229","229","-99","-99","217","225","267","285","126","128","190","194","141","141"
"254","MATCH","S16-0257","S16-0336","14","3","0.833333333333333","0.166666666666667","","0.94","239","239","194","196","229","229","-99","-99","217","225","267","285","126","128","190","194","141","141"
"254","MATCH","S16-0257","S16-0339","14","3","0.833333333333333","0.166666666666667","0.00597532543004988","0.94","239","239","194","196","229","229","-99","-99","-99","-99","267","285","128","128","190","194","141","141"
"254","MATCH","S16-0257","S16-0320","14","3","0.833333333333333","0.166666666666667","","0.83","-99","-99","194","196","229","229","-99","-99","225","225","285","285","128","128","190","194","141","141"
"255","CHECK_UNIQUE","S16-0310","S16-0310","2","3","0.833333333333333","0.166666666666667","0.000873270261083294","","239","239","194","194","237","237","173","177","217","217","267","281","126","128","190","194","121","141"
"255","MULTIPLE_MATCH","S16-0310","S16-0282","2","3","0.833333333333333","0.166666666666667","","0.83","239","241","194","194","229","237","173","177","217","219","267","281","126","128","190","194","121","141"
"256","UNIQUE","S16-0318","S16-0318","1","3","0.833333333333333","0.166666666666667","0.00119830245218216","","239","241","196","196","229","229","177","177","217","219","261","285","128","134","194","194","121","141"
"257","UNIQUE","S16-0327","S16-0327","2","3","0.833333333333333","0.166666666666667","0.008044403845398","","-99","-99","194","196","229","229","173","173","217","219","-99","-99","126","128","190","194","121","141"
"257","MATCH","S16-0327","S16-0785","2","3","0.833333333333333","0.166666666666667","","0.83","-99","-99","194","198","229","229","173","173","219","219","-99","-99","126","128","194","194","121","141"
"258","UNIQUE","S16-0345","S16-0345","1","3","0.833333333333333","0.166666666666667","0.000621407538729466","","239","241","194","196","229","229","179","179","217","225","273","277","126","126","194","198","121","141"
"259","UNIQUE","S16-0354","S16-0354","1","3","0.833333333333333","0.166666666666667","0.00125445597325772","","241","241","196","196","237","237","173","179","-99","-99","285","285","126","126","190","198","141","141"
"260","UNIQUE","S16-0357","S16-0357","1","3","0.833333333333333","0.166666666666667","0.00341505115554242","","239","239","196","198","231","237","-99","-99","217","217","-99","-99","128","128","190","202","121","141"
"261","UNIQUE","S16-0363","S16-0363","2","3","0.833333333333333","0.166666666666667","0.00250513775477451","","239","239","194","198","229","229","-99","-99","219","219","267","285","126","126","190","194","121","141"
"261","MATCH","S16-0363","S16-0427","2","3","0.833333333333333","0.166666666666667","0.00250513775477451","0.94","239","239","194","198","229","229","171","177","219","219","267","285","126","126","190","194","121","141"
"262","UNIQUE","S16-0370","S16-0370","1","3","0.833333333333333","0.166666666666667","0.00206995702063237","","-99","-99","198","198","237","237","171","173","217","217","-99","-99","128","128","194","194","121","141"
"263","UNIQUE","S16-0430","S16-0430","1","3","0.833333333333333","0.166666666666667","0.00699280528685157","","239","239","196","198","229","237","173","177","217","223","-99","-99","-99","-99","194","194","121","141"
"264","UNIQUE","S16-0451","S16-0451","1","3","0.833333333333333","0.166666666666667","0.00763128507074054","","239","241","196","196","229","229","-99","-99","217","217","-99","-99","128","128","182","194","141","141"
"265","UNIQUE","S16-0468","S16-0468","1","3","0.833333333333333","0.166666666666667","0.000673956699409321","","239","239","194","196","235","237","173","173","219","235","267","273","126","126","194","198","141","141"
"266","UNIQUE","S16-0490","S16-0490","1","3","0.833333333333333","0.166666666666667","0.00746399883999153","","239","241","196","196","229","229","173","173","217","219","-99","-99","-99","-99","182","198","121","141"
"267","UNIQUE","S16-0492","S16-0492","1","3","0.833333333333333","0.166666666666667","0.00162585832432406","","239","239","194","196","-99","-99","171","173","219","219","273","273","126","134","182","194","121","121"
"268","UNIQUE","S16-0500","S16-0500","1","3","0.833333333333333","0.166666666666667","0.00589921333613118","","239","239","194","194","-99","-99","173","177","219","219","-99","-99","128","130","190","194","121","141"
"269","UNIQUE","S16-0503","S16-0503","1","3","0.833333333333333","0.166666666666667","0.00279370719631595","","241","241","194","198","-99","-99","177","177","219","239","-99","-99","128","128","182","194","141","141"
"270","UNIQUE","S16-0519","S16-0519","2","3","0.833333333333333","0.166666666666667","0.0025970604757022","","239","239","194","196","229","229","173","173","217","217","-99","-99","126","138","194","194","129","141"
"270","MATCH","S16-0519","S16-0583","2","3","0.833333333333333","0.166666666666667","0.0025970604757022","0.94","239","239","194","196","229","229","173","173","217","217","277","289","126","138","194","194","129","141"
"271","UNIQUE","S16-0530","S16-0530","1","3","0.833333333333333","0.166666666666667","0.00319273876009089","","239","241","194","194","229","229","173","175","217","217","-99","-99","126","126","190","190","121","141"
"272","UNIQUE","S16-0531","S16-0531","1","3","0.833333333333333","0.166666666666667","0.0116565348060113","","239","241","194","198","-99","-99","-99","-99","217","223","-99","-99","126","126","182","190","121","141"
"273","UNIQUE","S16-0533","S16-0533","1","3","0.833333333333333","0.166666666666667","0.000752883270953199","","239","239","196","196","241","241","173","173","219","219","273","273","126","134","182","194","121","141"
"274","UNIQUE","S16-0554","S16-0554","1","3","0.833333333333333","0.166666666666667","0.00228658705439348","","239","241","196","196","229","229","175","177","217","217","263","263","-99","-99","182","190","121","141"
"275","UNIQUE","S16-0562","S16-0562","2","3","0.833333333333333","0.166666666666667","0.000921917755578618","","239","239","194","200","233","233","171","171","217","217","273","273","-99","-99","182","190","141","141"
"275","MATCH","S16-0562","S16-0572","2","3","0.833333333333333","0.166666666666667","0.00346756209995411","0.94","239","239","194","200","233","233","-99","-99","217","217","273","273","-99","-99","182","190","141","141"
"276","UNIQUE","S16-0569","S16-0569","1","3","0.833333333333333","0.166666666666667","0.00239144101125447","","239","239","196","196","229","229","173","181","217","217","255","255","-99","-99","182","190","141","141"
"277","UNIQUE","S16-0570","S16-0570","1","3","0.833333333333333","0.166666666666667","0.0015958932959304","","239","239","194","194","237","237","171","173","219","219","-99","-99","128","128","190","194","141","141"
"278","UNIQUE","S16-0573","S16-0573","1","3","0.833333333333333","0.166666666666667","0.000352847831867038","","241","241","194","196","231","235","177","181","219","219","273","273","110","110","194","194","121","141"
"279","UNIQUE","S16-0617","S16-0617","1","3","0.833333333333333","0.166666666666667","0.00257169894717898","","239","239","-99","-99","229","229","173","177","223","235","-99","-99","138","138","182","194","121","121"
"280","UNIQUE","S16-0620","S16-0620","1","3","0.833333333333333","0.166666666666667","0.00085995138279849","","239","239","196","196","237","237","173","177","217","217","261","273","130","130","182","194","121","141"
"281","UNIQUE","S16-0626","S16-0626","1","3","0.833333333333333","0.166666666666667","0.00211988587684064","","239","241","196","196","229","229","175","177","223","223","-99","-99","126","134","182","190","121","141"
"282","UNIQUE","S16-0662","S16-0662","1","3","0.833333333333333","0.166666666666667","0.001241907684787","","241","241","194","198","229","233","-99","-99","219","223","261","285","126","134","190","194","121","141"
"283","UNIQUE","S16-0663","S16-0663","1","3","0.833333333333333","0.166666666666667","0.000497830175399849","","239","239","196","196","237","237","175","175","219","219","267","277","128","128","182","190","141","141"
"284","UNIQUE","S16-0670","S16-0670","1","3","0.833333333333333","0.166666666666667","0.00106273811056805","","239","241","194","196","229","237","177","177","217","217","255","267","128","130","190","194","121","141"
"285","UNIQUE","S16-0673","S16-0673","1","3","0.833333333333333","0.166666666666667","0.0134076545382078","","-99","-99","196","196","-99","-99","171","173","217","217","-99","-99","126","126","194","194","141","141"
"286","UNIQUE","S16-0686","S16-0686","1","3","0.833333333333333","0.166666666666667","0.00278889894754734","","239","241","194","200","-99","-99","-99","-99","217","219","261","261","138","138","190","194","121","141"
"287","UNIQUE","S16-0690","S16-0690","1","3","0.833333333333333","0.166666666666667","0.0151043555725561","","-99","-99","194","194","-99","-99","-99","-99","217","219","-99","-99","122","134","182","190","141","141"
"288","CHECK_UNIQUE","S16-0694","S16-0694","2","3","0.833333333333333","0.166666666666667","0.00283079838483324","","239","241","198","198","229","229","177","177","217","217","-99","-99","126","134","190","194","141","141"
"288","MULTIPLE_MATCH","S16-0694","S16-0721","2","3","0.833333333333333","0.166666666666667","","0.89","239","241","198","198","229","229","177","177","217","217","273","277","126","126","190","194","141","141"
"289","UNIQUE","S16-0699","S16-0699","1","3","0.833333333333333","0.166666666666667","0.00135540977687961","","239","239","194","194","237","237","171","171","217","219","-99","-99","126","130","194","194","141","141"
"290","UNIQUE","S16-0701","S16-0701","1","3","0.833333333333333","0.166666666666667","0.00267530421019232","","239","241","194","194","229","229","-99","-99","219","223","273","277","126","126","190","194","121","141"
"291","UNIQUE","S16-0709","S16-0709","1","3","0.833333333333333","0.166666666666667","0.00395980146769519","","239","239","196","196","229","229","177","177","219","239","-99","-99","126","126","190","190","121","141"
"292","CHECK_UNIQUE","S16-0719","S16-0719","3","3","0.833333333333333","0.166666666666667","0.00743532300165868","","239","241","196","196","-99","-99","171","177","217","219","-99","-99","126","126","182","190","121","141"
"292","MATCH","S16-0719","S16-0747","3","3","0.833333333333333","0.166666666666667","","0.89","241","241","196","196","-99","-99","177","177","217","219","-99","-99","126","126","182","190","121","141"
"292","MULTIPLE_MATCH","S16-0719","S16-0746","3","3","0.833333333333333","0.166666666666667","","0.83","239","241","196","196","229","229","177","177","217","219","273","277","126","126","182","190","121","141"
"293","UNIQUE","S16-0725","S16-0725","1","3","0.833333333333333","0.166666666666667","0.00639686233183651","","239","241","196","198","-99","-99","177","177","217","219","-99","-99","126","130","190","194","121","121"
"294","UNIQUE","S16-0733","S16-0733","1","3","0.833333333333333","0.166666666666667","0.00318632097695164","","239","241","196","198","237","237","-99","-99","239","239","-99","-99","126","126","190","190","121","121"
"295","UNIQUE","S16-0739","S16-0739","2","3","0.833333333333333","0.166666666666667","0.00187673424848277","","241","241","194","198","229","229","-99","-99","217","219","273","273","126","126","194","202","141","141"
"295","MATCH","S16-0739","S16-0751","2","3","0.833333333333333","0.166666666666667","0.00187673424848277","1","241","241","194","198","229","229","-99","-99","217","219","273","273","126","126","194","202","141","141"
"296","UNIQUE","S16-0742","S16-0742","1","3","0.833333333333333","0.166666666666667","0.000856422576197974","","239","239","194","198","233","237","173","173","219","219","273","273","126","130","190","194","121","141"
"297","UNIQUE","S16-0779","S16-0779","1","3","0.833333333333333","0.166666666666667","0.00277917120982396","","241","241","196","196","229","229","177","177","219","223","273","273","-99","-99","194","194","141","141"
"298","UNIQUE","S16-0800","S16-0800","1","3","0.833333333333333","0.166666666666667","0.00210643736194158","","-99","-99","200","200","229","229","175","177","219","223","-99","-99","122","126","190","190","141","141"
"299","UNIQUE","S16-0802","S16-0802","1","3","0.833333333333333","0.166666666666667","0.000362357732921656","","241","241","196","200","227","227","161","175","227","231","-99","-99","122","126","182","190","121","141"
"300","UNIQUE","S16-0815","S16-0815","1","3","0.833333333333333","0.166666666666667","0.003679102968062","","239","241","196","200","227","231","-99","-99","-99","-99","263","277","122","128","190","194","-99","-99"
"301","UNIQUE","S16-0822","S16-0822","1","3","0.833333333333333","0.166666666666667","9.83503508309728e-05","","239","241","196","200","227","233","175","181","227","231","245","245","122","122","190","190","121","121"
"302","UNIQUE","S16-0825","S16-0825","1","3","0.833333333333333","0.166666666666667","0.000339827584489201","","239","241","194","196","227","229","177","179","219","231","245","255","134","138","190","190","121","141"
