"uniqueGroup","rowType","uniqueIndex","matchIndex","nUniqueGroup","alleleMismatch","matchThreshold","cutHeight","Psib","score","ADCYC","X.1","BM6506","X.2","CELB9","X.3","CERVID1","X.4","ETH152","X.5","SBTD04","X.6","SBTD05","X.7","SBTD06","X.8","SBTD07","X.9","TGLA94","X.11"
"","UNCLASSIFIED","S15-3028","","","4","0.8","0.2","","","239","241","196","196","235","239","175","179","213","231","270","276","125","135","190","194","182","186","121","143"
"","UNCLASSIFIED","S15-3001","","","4","0.8","0.2","","","239","239","196","196","-99","-99","173","173","223","223","-99","-99","139","139","190","192","164","178","121","143"
"1","UNIQUE","S15-2261","S15-2261","3","4","0.8","0.2","8.33229674419379e-05","","239","239","198","198","233","235","179","181","219","219","244","274","121","135","190","190","170","182","121","121"
"1","MATCH","S15-2261","S15-2269","3","4","0.8","0.2","8.33229674419379e-05","1","239","239","198","198","233","235","179","181","219","219","244","274","121","135","190","190","170","182","121","121"
"1","MATCH","S15-2261","S15-2263","3","4","0.8","0.2","0.000257786703979518","0.95","239","239","198","198","-99","-99","179","181","219","219","244","274","121","135","190","190","170","182","121","121"
"2","UNIQUE","S15-2262","S15-2262","2","4","0.8","0.2","9.61057311468115e-05","","239","239","194","198","231","231","175","177","225","227","270","274","125","131","190","190","186","186","121","129"
"2","MATCH","S15-2262","S15-2266","2","4","0.8","0.2","9.61057311468115e-05","1","239","239","194","198","231","231","175","177","225","227","270","274","125","131","190","190","186","186","121","129"
"3","UNIQUE","S15-2267","S15-2267","1","4","0.8","0.2","9.10919754142982e-05","","239","239","196","200","235","235","175","177","225","231","274","276","131","131","190","190","186","198","121","143"
"4","UNIQUE","S15-2270","S15-2270","3","4","0.8","0.2","0.000133119066825849","","239","239","194","196","227","227","173","181","217","221","270","284","135","135","182","190","186","190","121","143"
"4","MATCH","S15-2270","S15-2291","3","4","0.8","0.2","0.000133119066825849","1","239","239","194","196","227","227","173","181","217","221","270","284","135","135","182","190","186","190","121","143"
"4","MATCH","S15-2270","S15-2292","3","4","0.8","0.2","0.000209633101775731","0.95","-99","-99","194","196","227","227","173","181","217","221","270","284","135","135","182","190","186","190","121","143"
"5","UNIQUE","S15-2272","S15-2272","1","4","0.8","0.2","4.39411035816454e-05","","239","239","196","198","237","239","181","181","217","227","262","276","121","135","194","206","164","178","121","143"
"6","UNIQUE","S15-2278","S15-2278","1","4","0.8","0.2","0.00012956591163688","","-99","-99","194","196","233","233","175","181","213","235","274","274","111","135","182","190","182","186","121","143"
"7","UNIQUE","S15-2284","S15-2284","1","4","0.8","0.2","0.000297946781401416","","239","239","198","198","227","227","177","179","223","223","-99","-99","135","135","194","194","182","182","117","121"
"8","UNIQUE","S15-2289","S15-2289","2","4","0.8","0.2","0.000110261273401601","","239","239","196","196","227","227","181","181","221","227","274","284","129","135","190","190","162","190","117","121"
"8","MATCH","S15-2289","S15-2298","2","4","0.8","0.2","0.000365741984731534","0.95","239","239","196","196","227","227","-99","-99","221","227","274","284","129","135","190","190","162","190","117","121"
"9","UNIQUE","S15-2290","S15-2290","1","4","0.8","0.2","0.000110633070149577","","239","241","196","200","233","233","179","181","225","231","244","284","125","135","190","194","182","186","121","121"
"10","UNIQUE","S15-2295","S15-2295","1","4","0.8","0.2","0.000129019166598232","","239","239","194","196","227","227","177","181","225","231","254","268","135","135","190","194","164","194","121","143"
"11","UNIQUE","S15-2300","S15-2300","1","4","0.8","0.2","0.00011632140808561","","-99","-99","194","200","227","227","169","183","221","221","236","290","135","135","190","190","186","198","121","143"
"12","UNIQUE","S15-2301","S15-2301","3","4","0.8","0.2","4.95380184497327e-05","","239","241","194","200","241","241","173","177","217","231","280","284","125","131","198","198","190","190","121","121"
"12","MATCH","S15-2301","S15-2351","3","4","0.8","0.2","4.95380184497327e-05","1","239","241","194","200","241","241","173","177","217","231","280","284","125","131","198","198","190","190","121","121"
"12","MATCH","S15-2301","S15-2355","3","4","0.8","0.2","4.95380184497327e-05","1","239","241","194","200","241","241","173","177","217","231","280","284","125","131","198","198","190","190","121","121"
"13","UNIQUE","S15-2302","S15-2302","1","4","0.8","0.2","5.83651091034984e-05","","239","239","200","200","231","237","175","175","227","231","254","270","131","135","182","194","186","190","121","143"
"14","UNIQUE","S15-2304","S15-2304","1","4","0.8","0.2","0.000183454267213277","","241","241","194","200","-99","-99","173","177","213","231","264","264","131","135","190","190","182","186","121","129"
"15","UNIQUE","S15-2309","S15-2309","1","4","0.8","0.2","0.000204787565213766","","-99","-99","200","200","-99","-99","169","177","219","221","258","268","125","135","182","190","190","198","129","143"
"16","UNIQUE","S15-2313","S15-2313","1","4","0.8","0.2","6.51304299558904e-05","","239","241","196","200","227","227","179","179","213","221","268","280","125","125","182","190","178","194","117","121"
"17","UNIQUE","S15-2314","S15-2314","7","4","0.8","0.2","6.70649557571708e-05","","241","241","198","200","227","227","183","183","223","227","260","270","135","139","190","194","194","202","121","121"
"17","MATCH","S15-2314","S15-2321","7","4","0.8","0.2","6.70649557571708e-05","1","241","241","198","200","227","227","183","183","223","227","260","270","135","139","190","194","194","202","121","121"
"17","MATCH","S15-2314","S15-2328","7","4","0.8","0.2","6.70649557571708e-05","1","241","241","198","200","227","227","183","183","223","227","260","270","135","139","190","194","194","202","121","121"
"17","MATCH","S15-2314","S15-2344","7","4","0.8","0.2","6.70649557571708e-05","1","241","241","198","200","227","227","183","183","223","227","260","270","135","139","190","194","194","202","121","121"
"17","MATCH","S15-2314","S15-2332","7","4","0.8","0.2","","0.95","241","241","198","200","227","227","169","183","223","227","260","270","135","139","190","194","194","202","121","121"
"17","MATCH","S15-2314","S15-2334","7","4","0.8","0.2","","0.95","241","241","198","200","227","227","181","183","223","227","260","270","135","139","190","194","194","202","121","121"
"17","MATCH","S15-2314","S15-2327","7","4","0.8","0.2","","0.9","241","241","198","200","227","227","169","183","223","227","-99","-99","135","139","190","194","194","202","121","121"
"18","UNIQUE","S15-2316","S15-2316","1","4","0.8","0.2","8.29878464686146e-05","","241","241","194","194","229","241","173","177","213","217","280","284","129","135","190","190","190","194","121","121"
"19","UNIQUE","S15-2317","S15-2317","5","4","0.8","0.2","6.04706103071499e-05","","241","241","194","194","227","241","173","175","213","217","284","284","131","135","190","198","186","190","121","121"
"19","MATCH","S15-2317","S15-2319","5","4","0.8","0.2","","0.95","241","241","194","204","227","241","173","175","213","217","284","284","131","135","190","198","186","190","121","121"
"19","MATCH","S15-2317","S15-2326","5","4","0.8","0.2","","0.95","241","241","194","194","227","241","173","175","213","217","264","284","131","135","190","198","186","190","121","121"
"19","MATCH","S15-2317","S15-2352","5","4","0.8","0.2","","0.9","241","241","194","194","227","241","173","175","213","217","264","284","131","135","190","198","-99","-99","121","121"
"19","MATCH","S15-2317","S15-2348","5","4","0.8","0.2","","0.85","239","241","194","194","227","241","173","175","213","217","264","284","131","135","190","198","186","186","121","121"
"20","UNIQUE","S15-2320","S15-2320","2","4","0.8","0.2","0.000143038221588094","","239","239","196","196","227","233","175","175","213","219","270","280","135","139","190","194","186","190","121","143"
"20","MATCH","S15-2320","S15-2354","2","4","0.8","0.2","","0.95","239","239","196","196","227","233","175","175","213","219","270","270","135","139","190","194","186","190","121","143"
"21","UNIQUE","S15-2323","S15-2323","7","4","0.8","0.2","6.62045443669623e-05","","241","241","194","198","227","227","177","183","213","223","270","284","135","139","190","190","182","202","121","129"
"21","MATCH","S15-2323","S15-2341","7","4","0.8","0.2","6.62045443669623e-05","1","241","241","194","198","227","227","177","183","213","223","270","284","135","139","190","190","182","202","121","129"
"21","MATCH","S15-2323","S15-2342","7","4","0.8","0.2","6.62045443669623e-05","1","241","241","194","198","227","227","177","183","213","223","270","284","135","139","190","190","182","202","121","129"
"21","MATCH","S15-2323","S15-2343","7","4","0.8","0.2","6.62045443669623e-05","1","241","241","194","198","227","227","177","183","213","223","270","284","135","139","190","190","182","202","121","129"
"21","MATCH","S15-2323","S15-2356","7","4","0.8","0.2","6.62045443669623e-05","1","241","241","194","198","227","227","177","183","213","223","270","284","135","139","190","190","182","202","121","129"
"21","MATCH","S15-2323","S15-2329","7","4","0.8","0.2","","0.85","-99","-99","194","198","227","227","177","183","213","223","-99","-99","135","139","190","190","182","182","121","129"
"21","MATCH","S15-2323","S15-2346","7","4","0.8","0.2","","0.8","-99","-99","194","198","227","227","-99","-99","213","223","270","270","135","139","190","190","182","182","121","129"
"22","UNIQUE","S15-2324","S15-2324","1","4","0.8","0.2","3.26685534250753e-05","","239","239","200","202","231","233","161","161","213","217","254","276","125","139","190","194","160","182","117","143"
"23","UNIQUE","S15-2330","S15-2330","1","4","0.8","0.2","0.000165588402833515","","-99","-99","198","198","227","233","183","183","219","227","270","276","125","135","190","194","194","202","121","121"
"24","UNIQUE","S15-2331","S15-2331","2","4","0.8","0.2","4.42178767798559e-05","","239","241","194","200","239","241","173","177","213","231","232","264","111","135","194","198","186","190","121","143"
"24","MATCH","S15-2331","S15-2306","2","4","0.8","0.2","","0.9","-99","-99","194","200","239","241","173","177","213","231","232","264","135","135","194","198","186","190","121","143"
"25","UNIQUE","S15-2336","S15-2336","1","4","0.8","0.2","0.000460879846421171","","239","239","198","198","227","227","177","177","217","227","-99","-99","125","139","190","194","178","202","121","121"
"26","UNIQUE","S15-2337","S15-2337","1","4","0.8","0.2","0.000781267425216879","","-99","-99","196","198","233","233","177","177","219","227","-99","-99","125","131","190","194","178","202","121","121"
"27","UNIQUE","S15-2338","S15-2338","2","4","0.8","0.2","6.64874100641819e-05","","241","241","194","200","227","227","175","175","215","217","274","276","121","125","182","190","170","186","121","121"
"27","MATCH","S15-2338","S15-2312","2","4","0.8","0.2","0.000134485151418711","0.95","-99","-99","194","200","227","227","175","175","215","217","274","276","121","125","182","190","170","186","121","121"
"28","UNIQUE","S15-2358","S15-2358","1","4","0.8","0.2","5.8637001923663e-05","","241","241","198","200","227","231","169","181","219","223","270","270","125","139","194","198","178","190","121","121"
"29","UNIQUE","S15-2363","S15-2363","1","4","0.8","0.2","8.81816295356642e-05","","239","241","196","200","227","227","173","175","225","227","244","266","125","129","190","194","194","194","117","121"
"30","UNIQUE","S15-2364","S15-2364","1","4","0.8","0.2","0.00014935736707848","","-99","-99","198","200","231","233","161","161","219","221","260","260","135","139","190","190","182","190","121","121"
"31","UNIQUE","S15-2367","S15-2367","1","4","0.8","0.2","5.8119873397288e-05","","239","241","194","196","231","231","169","177","219","225","262","264","129","129","190","198","190","194","143","143"
"32","UNIQUE","S15-2377","S15-2377","2","4","0.8","0.2","0.000140619695745465","","239","239","196","200","227","227","175","175","225","229","270","276","129","131","190","190","186","190","121","143"
"32","MATCH","S15-2377","S15-3041","2","4","0.8","0.2","","0.95","239","239","196","200","227","227","175","175","225","229","270","276","129","131","190","190","186","186","121","143"
"33","UNIQUE","S15-2382","S15-2382","3","4","0.8","0.2","5.32828015018079e-05","","239","241","196","198","231","231","161","161","225","231","254","280","121","125","190","194","178","186","121","129"
"33","MATCH","S15-2382","S15-2383","3","4","0.8","0.2","5.32828015018079e-05","1","239","241","196","198","231","231","161","161","225","231","254","280","121","125","190","194","178","186","121","129"
"33","MATCH","S15-2382","S15-2381","3","4","0.8","0.2","8.58561585174686e-05","0.95","-99","-99","196","198","231","231","161","161","225","231","254","280","121","125","190","194","178","186","121","129"
"34","UNIQUE","S15-2385","S15-2385","1","4","0.8","0.2","0.000108825546805255","","239","241","194","200","227","231","175","175","213","225","274","276","111","125","190","194","190","190","121","121"
"35","UNIQUE","S15-2387","S15-2387","2","4","0.8","0.2","7.51589863952217e-05","","239","239","198","200","231","233","181","183","219","231","270","276","135","135","190","194","182","182","117","121"
"35","MATCH","S15-2387","S15-2386","2","4","0.8","0.2","0.000267639745029787","0.95","239","239","198","200","231","233","-99","-99","219","231","270","276","135","135","190","194","182","182","117","121"
"36","UNIQUE","S15-2388","S15-2388","1","4","0.8","0.2","0.000147593471063501","","239","241","196","198","231","231","-99","-99","223","231","254","280","121","125","194","198","186","190","121","129"
"37","UNIQUE","S15-2398","S15-2398","1","4","0.8","0.2","0.0007629310542158","","239","239","194","194","-99","-99","173","179","225","225","-99","-99","129","135","190","190","178","186","117","121"
"38","UNIQUE","S15-2404","S15-2404","2","4","0.8","0.2","0.00020784960844691","","-99","-99","196","200","233","233","173","177","225","227","248","248","129","135","190","194","164","190","121","121"
"38","MATCH","S15-2404","S15-2409","2","4","0.8","0.2","","0.85","239","239","196","200","233","233","-99","-99","225","227","248","254","129","135","190","194","164","190","121","121"
"39","UNIQUE","S15-2412","S15-2412","1","4","0.8","0.2","7.66105940630144e-05","","239","239","196","200","235","235","181","183","225","225","270","276","121","125","190","194","178","186","121","121"
"40","UNIQUE","S15-2418","S15-2418","1","4","0.8","0.2","0.000371218724412706","","241","241","196","198","-99","-99","173","181","225","227","260","260","135","135","190","190","190","194","121","121"
"41","UNIQUE","S15-2422","S15-2422","1","4","0.8","0.2","1.67600120109759e-05","","241","241","196","198","231","237","169","169","217","221","270","270","121","125","198","198","170","202","117","143"
"42","UNIQUE","S15-2423","S15-2423","1","4","0.8","0.2","0.000136077457163416","","241","241","198","204","227","231","169","177","221","225","264","270","125","125","190","198","-99","-99","143","143"
"43","UNIQUE","S15-2426","S15-2426","1","4","0.8","0.2","8.809966826602e-05","","241","241","200","200","-99","-99","169","169","215","219","252","266","129","135","182","182","182","182","121","143"
"44","UNIQUE","S15-2428","S15-2428","2","4","0.8","0.2","9.73406244773269e-05","","239","241","194","196","227","227","167","173","223","227","266","270","139","139","182","190","182","182","121","121"
"44","MATCH","S15-2428","S15-2435","2","4","0.8","0.2","","0.95","239","241","194","196","227","227","167","173","223","227","266","270","135","139","182","190","182","182","121","121"
"45","UNIQUE","S15-2431","S15-2431","5","4","0.8","0.2","7.7663757282419e-05","","239","241","196","200","227","233","169","181","219","223","252","266","129","135","182","194","182","182","121","143"
"45","MATCH","S15-2431","S15-2619","5","4","0.8","0.2","","0.95","239","241","196","200","227","233","181","181","219","223","252","266","129","135","182","194","182","182","121","143"
"45","MATCH","S15-2431","S15-3046","5","4","0.8","0.2","","0.95","239","241","196","200","227","233","181","181","219","223","252","266","129","135","182","194","182","182","121","143"
"45","MATCH","S15-2431","S15-2433","5","4","0.8","0.2","0.000266608405120172","0.95","239","241","196","200","227","233","-99","-99","219","223","252","266","129","135","182","194","182","182","121","143"
"45","MATCH","S15-2431","S15-2432","5","4","0.8","0.2","","0.85","241","241","-99","-99","227","233","-99","-99","219","223","252","266","129","135","182","194","182","182","121","143"
"46","UNIQUE","S15-2462","S15-2462","3","4","0.8","0.2","0.000143611234772594","","239","241","196","196","227","227","161","177","223","231","274","274","129","135","182","190","174","190","121","143"
"46","MATCH","S15-2462","S15-2501","3","4","0.8","0.2","0.000143611234772594","1","239","241","196","196","227","227","161","177","223","231","274","274","129","135","182","190","174","190","121","143"
"46","MATCH","S15-2462","S15-2756","3","4","0.8","0.2","","0.8","-99","-99","196","196","227","227","161","177","-99","-99","274","274","129","129","182","190","174","174","121","143"
"47","UNIQUE","S15-2483","S15-2483","2","4","0.8","0.2","0.00013412542248235","","239","239","194","196","227","231","177","177","225","225","236","236","125","135","190","198","186","190","121","143"
"47","MATCH","S15-2483","S15-2502","2","4","0.8","0.2","","0.9","239","239","194","196","227","231","177","177","225","227","236","270","125","135","190","198","186","190","121","143"
"48","UNIQUE","S15-2486","S15-2486","3","4","0.8","0.2","0.000143180795025383","","239","241","196","196","227","241","177","181","223","223","274","276","135","135","182","190","174","178","121","121"
"48","MATCH","S15-2486","S15-3068","3","4","0.8","0.2","0.000143180795025383","1","239","241","196","196","227","241","177","181","223","223","274","276","135","135","182","190","174","178","121","121"
"48","MATCH","S15-2486","S15-2757","3","4","0.8","0.2","","0.85","239","239","196","196","227","241","-99","-99","223","223","-99","-99","135","135","182","190","174","178","121","121"
"49","UNIQUE","S15-2498","S15-2498","2","4","0.8","0.2","7.8952455169487e-05","","241","241","196","196","227","233","173","175","221","223","252","276","125","135","182","194","178","190","117","121"
"49","MATCH","S15-2498","S15-2500","2","4","0.8","0.2","7.8952455169487e-05","1","241","241","196","196","227","233","173","175","221","223","252","276","125","135","182","194","178","190","117","121"
"50","UNIQUE","S15-2499","S15-2499","2","4","0.8","0.2","6.42021806081277e-05","","241","241","198","200","235","235","169","169","219","223","276","276","125","129","190","194","178","182","121","121"
"50","MATCH","S15-2499","S15-2673","2","4","0.8","0.2","6.42021806081277e-05","1","241","241","198","200","235","235","169","169","219","223","276","276","125","129","190","194","178","182","121","121"
"51","UNIQUE","S15-2503","S15-2503","1","4","0.8","0.2","8.04151205843374e-05","","239","239","196","196","227","231","159","173","227","231","252","252","121","139","190","190","178","182","117","121"
"52","UNIQUE","S15-2504","S15-2504","1","4","0.8","0.2","0.000116117221977525","","241","241","196","196","227","231","173","173","213","219","276","290","135","135","190","194","182","198","121","121"
"53","UNIQUE","S15-2507","S15-2507","3","4","0.8","0.2","5.31168757689292e-05","","239","239","200","200","227","233","159","161","219","231","252","254","121","135","190","194","178","178","117","121"
"53","MATCH","S15-2507","S15-2509","3","4","0.8","0.2","5.31168757689292e-05","1","239","239","200","200","227","233","159","161","219","231","252","254","121","135","190","194","178","178","117","121"
"53","MATCH","S15-2507","S15-2510","3","4","0.8","0.2","5.31168757689292e-05","1","239","239","200","200","227","233","159","161","219","231","252","254","121","135","190","194","178","178","117","121"
"54","UNIQUE","S15-2511","S15-2511","1","4","0.8","0.2","5.43208674084459e-05","","241","241","198","198","233","241","177","177","213","219","266","274","125","131","182","194","164","178","121","121"
"55","CHECK_UNIQUE","S15-2512","S15-2512","12","4","0.8","0.2","0.000213726378523028","","239","239","196","200","227","235","175","177","221","227","270","274","125","135","190","190","190","190","121","121"
"55","MATCH","S15-2512","S15-2516","12","4","0.8","0.2","0.000213726378523028","1","239","239","196","200","227","235","175","177","221","227","270","274","125","135","190","190","190","190","121","121"
"55","MATCH","S15-2512","S15-2521","12","4","0.8","0.2","0.000213726378523028","1","239","239","196","200","227","235","175","177","221","227","270","274","125","135","190","190","190","190","121","121"
"55","MATCH","S15-2512","S15-2554","12","4","0.8","0.2","0.000213726378523028","1","239","239","196","200","227","235","175","177","221","227","270","274","125","135","190","190","190","190","121","121"
"55","MATCH","S15-2512","S15-2561","12","4","0.8","0.2","0.000213726378523028","1","239","239","196","200","227","235","175","177","221","227","270","274","125","135","190","190","190","190","121","121"
"55","MATCH","S15-2512","S15-2604","12","4","0.8","0.2","0.000213726378523028","1","239","239","196","200","227","235","175","177","221","227","270","274","125","135","190","190","190","190","121","121"
"55","MATCH","S15-2512","S15-2790","12","4","0.8","0.2","0.000213726378523028","1","239","239","196","200","227","235","175","177","221","227","270","274","125","135","190","190","190","190","121","121"
"55","MATCH","S15-2512","S15-2551","12","4","0.8","0.2","","0.95","239","239","196","200","227","235","175","177","221","227","270","270","125","135","190","190","190","190","121","121"
"55","MATCH","S15-2512","S15-2605","12","4","0.8","0.2","","0.95","239","239","196","200","227","235","175","177","221","221","270","274","125","135","190","190","190","190","121","121"
"55","MATCH","S15-2512","S15-2795","12","4","0.8","0.2","","0.9","239","239","196","200","227","235","175","175","221","227","-99","-99","125","135","190","190","190","190","121","121"
"55","MATCH","S15-2512","S15-2791","12","4","0.8","0.2","","0.85","239","239","196","200","227","227","175","177","221","227","274","274","125","135","190","206","190","190","121","121"
"55","MULTIPLE_MATCH","S15-2512","S15-2517","12","4","0.8","0.2","","0.85","239","239","196","196","227","235","175","177","227","227","-99","-99","125","135","190","190","190","190","121","121"
"56","UNIQUE","S15-2513","S15-2513","1","4","0.8","0.2","0.000105197726792804","","239","239","196","200","235","235","173","177","219","227","244","244","125","135","190","198","182","190","121","143"
"57","UNIQUE","S15-2514","S15-2514","4","4","0.8","0.2","5.37237999198447e-05","","239","241","196","198","227","239","179","179","219","231","270","270","131","131","190","198","178","194","117","121"
"57","MATCH","S15-2514","S15-2553","4","4","0.8","0.2","5.37237999198447e-05","1","239","241","196","198","227","239","179","179","219","231","270","270","131","131","190","198","178","194","117","121"
"57","MATCH","S15-2514","S15-2555","4","4","0.8","0.2","5.37237999198447e-05","1","239","241","196","198","227","239","179","179","219","231","270","270","131","131","190","198","178","194","117","121"
"57","MATCH","S15-2514","S15-2794","4","4","0.8","0.2","","0.9","239","241","196","198","239","239","179","179","219","231","270","270","131","131","190","198","178","194","121","121"
"58","UNIQUE","S15-2515","S15-2515","2","4","0.8","0.2","6.27543621641971e-05","","239","241","196","198","233","233","177","179","213","231","274","274","129","131","182","194","164","198","121","143"
"58","MATCH","S15-2515","S15-2592","2","4","0.8","0.2","","0.9","239","241","196","198","233","233","177","179","213","231","258","274","129","131","182","194","164","164","121","143"
"59","UNIQUE","S15-2522","S15-2522","1","4","0.8","0.2","7.1435952081355e-05","","239","239","196","200","227","231","175","179","213","217","270","276","131","139","190","194","164","190","117","121"
"60","UNIQUE","S15-2524","S15-2524","6","4","0.8","0.2","7.72891459749141e-05","","239","239","194","198","227","229","173","175","225","227","276","276","121","129","190","198","164","182","121","143"
"60","MATCH","S15-2524","S15-2531","6","4","0.8","0.2","","0.95","239","239","194","198","227","229","173","175","225","227","274","276","121","129","190","198","164","182","121","143"
"60","MATCH","S15-2524","S15-2537","6","4","0.8","0.2","","0.95","239","239","194","198","227","229","173","175","225","227","274","276","121","129","190","198","164","182","121","143"
"60","MATCH","S15-2524","S15-2702","6","4","0.8","0.2","0.00023623397173873","0.95","239","239","194","198","227","229","173","175","225","227","-99","-99","121","129","190","198","164","182","121","143"
"60","MATCH","S15-2524","S15-3084","6","4","0.8","0.2","","0.9","239","239","194","198","227","229","173","175","225","227","274","276","121","129","190","198","164","164","121","143"
"60","MATCH","S15-2524","S15-2534","6","4","0.8","0.2","","0.85","239","239","194","198","227","229","173","175","225","225","274","274","121","129","190","198","164","182","121","143"
"61","UNIQUE","S15-2525","S15-2525","6","4","0.8","0.2","0.000133283062338179","","239","239","194","204","227","227","175","175","225","227","254","270","135","135","190","190","178","194","121","121"
"61","MATCH","S15-2525","S15-2526","6","4","0.8","0.2","","0.95","239","239","194","204","227","227","175","175","225","225","254","270","135","135","190","190","178","194","121","121"
"61","MATCH","S15-2525","S15-2802","6","4","0.8","0.2","","0.95","239","239","194","204","227","227","175","175","225","225","254","270","135","135","190","190","178","194","121","121"
"61","MATCH","S15-2525","S15-2539","6","4","0.8","0.2","","0.9","239","239","194","204","227","227","175","175","225","225","254","254","135","135","190","190","178","194","121","121"
"61","MATCH","S15-2525","S15-3071","6","4","0.8","0.2","","0.85","239","239","194","204","227","227","175","175","225","225","254","254","135","135","190","190","-99","-99","121","121"
"61","MATCH","S15-2525","S15-2706","6","4","0.8","0.2","","0.85","-99","-99","194","204","227","227","175","175","225","225","-99","-99","135","135","190","190","178","194","121","121"
"62","UNIQUE","S15-2527","S15-2527","4","4","0.8","0.2","0.000114867155348028","","239","239","194","200","227","227","175","175","225","231","276","276","135","135","182","190","178","178","121","143"
"62","MATCH","S15-2527","S15-2546","4","4","0.8","0.2","","0.95","239","239","194","200","227","227","175","175","225","231","254","276","135","135","182","190","178","178","121","143"
"62","MATCH","S15-2527","S15-2557","4","4","0.8","0.2","","0.95","239","239","194","200","227","227","175","175","225","231","254","276","135","135","182","190","178","178","121","143"
"62","MATCH","S15-2527","S15-2780","4","4","0.8","0.2","","0.95","239","239","194","200","227","227","175","175","225","231","254","276","135","135","182","190","178","178","121","143"
"63","UNIQUE","S15-2533","S15-2533","2","4","0.8","0.2","0.000106448803319031","","239","241","196","200","227","227","177","177","227","231","252","254","125","135","186","188","178","190","121","121"
"63","MATCH","S15-2533","S15-2800","2","4","0.8","0.2","","0.95","239","241","196","200","227","227","177","177","227","231","252","254","125","135","188","188","178","190","121","121"
"64","UNIQUE","S15-2538","S15-2538","2","4","0.8","0.2","8.74215406543594e-05","","239","241","194","200","227","227","175","187","225","227","248","254","135","135","182","190","178","178","121","143"
"64","MATCH","S15-2538","S15-3079","2","4","0.8","0.2","8.74215406543594e-05","1","239","241","194","200","227","227","175","187","225","227","248","254","135","135","182","190","178","178","121","143"
"65","UNIQUE","S15-2543","S15-2543","3","4","0.8","0.2","9.88049078013258e-05","","239","241","194","196","233","239","173","177","227","227","272","274","125","135","188","190","164","186","121","143"
"65","MATCH","S15-2543","S15-2809","3","4","0.8","0.2","0.000177108243274674","0.95","239","241","194","196","233","239","173","177","227","227","272","274","125","135","188","190","164","186","-99","-99"
"65","MATCH","S15-2543","S15-3074","3","4","0.8","0.2","0.000888199888415301","0.9","239","241","194","196","233","239","173","177","227","227","-99","-99","125","135","-99","-99","164","186","121","143"
"66","UNIQUE","S15-2545","S15-2545","2","4","0.8","0.2","0.0015719375183062","","239","239","194","196","227","233","-99","-99","-99","-99","270","270","125","135","182","190","178","190","121","121"
"66","MATCH","S15-2545","S15-2711","2","4","0.8","0.2","","0.8","239","239","196","196","233","233","161","175","219","229","270","270","125","135","182","190","178","190","121","121"
"67","UNIQUE","S15-2547","S15-2547","2","4","0.8","0.2","0.000105166695342118","","239","241","198","204","227","227","175","187","219","225","270","270","129","135","190","190","182","194","121","143"
"67","MATCH","S15-2547","S15-2805","2","4","0.8","0.2","","0.9","241","241","198","204","227","227","175","187","219","225","-99","-99","129","135","190","190","182","194","121","143"
"68","UNIQUE","S15-2548","S15-2548","1","4","0.8","0.2","0.00106880749791173","","239","239","196","196","231","231","179","179","223","223","-99","-99","121","139","190","190","-99","-99","121","121"
"69","UNIQUE","S15-2549","S15-2549","2","4","0.8","0.2","8.52490060915495e-05","","239","239","198","202","227","233","161","175","213","225","276","276","125","135","190","198","190","194","121","143"
"69","MATCH","S15-2549","S15-2550","2","4","0.8","0.2","8.52490060915495e-05","1","239","239","198","202","227","233","161","175","213","225","276","276","125","135","190","198","190","194","121","143"
"70","UNIQUE","S15-2556","S15-2556","2","4","0.8","0.2","8.72744980219464e-05","","239","241","196","200","227","229","173","175","219","225","244","274","125","129","190","198","182","190","143","143"
"70","MATCH","S15-2556","S15-2723","2","4","0.8","0.2","8.72744980219464e-05","1","239","241","196","200","227","229","173","175","219","225","244","274","125","129","190","198","182","190","143","143"
"71","UNIQUE","S15-2570","S15-2570","1","4","0.8","0.2","0.000438782708310437","","239","241","194","194","227","231","175","177","213","225","-99","-99","135","135","190","194","190","194","121","121"
"72","UNIQUE","S15-2586","S15-2586","1","4","0.8","0.2","0.000458486975869236","","239","241","196","198","227","231","173","179","225","231","-99","-99","131","135","190","190","178","182","121","143"
"73","UNIQUE","S15-2591","S15-2591","2","4","0.8","0.2","8.18372253515322e-05","","241","241","198","198","233","233","169","181","213","223","270","270","135","135","190","194","190","194","121","143"
"73","MATCH","S15-2591","S15-2601","2","4","0.8","0.2","","0.85","239","241","198","198","233","233","169","181","213","223","274","274","135","135","190","194","190","194","121","143"
"74","UNIQUE","S15-2595","S15-2595","1","4","0.8","0.2","0.000101349138342605","","239","241","196","200","233","239","175","177","219","231","260","260","131","135","190","194","164","178","121","143"
"75","UNIQUE","S15-2600","S15-2600","1","4","0.8","0.2","5.84493691287573e-05","","241","241","196","198","233","233","177","177","231","231","260","260","129","129","182","194","164","164","121","143"
"76","UNIQUE","S15-2603","S15-2603","2","4","0.8","0.2","0.000115953996736078","","239","241","194","200","227","227","175","177","219","223","280","280","135","135","190","190","182","190","117","143"
"76","MATCH","S15-2603","S15-2609","2","4","0.8","0.2","","0.95","239","241","194","200","227","227","175","177","219","223","274","280","135","135","190","190","182","190","117","143"
"77","UNIQUE","S15-2611","S15-2611","1","4","0.8","0.2","7.149596853753e-05","","239","239","200","204","227","227","177","177","217","225","254","270","135","143","182","190","178","182","121","129"
"78","UNIQUE","S15-2621","S15-2621","1","4","0.8","0.2","0.000127099960144736","","239","239","196","200","227","227","177","181","213","227","262","262","125","129","190","194","190","194","121","143"
"79","UNIQUE","S15-2623","S15-2623","1","4","0.8","0.2","0.000140780453079214","","239","239","196","198","227","227","173","181","223","223","244","254","121","125","190","194","178","190","121","143"
"80","UNIQUE","S15-2628","S15-2628","3","4","0.8","0.2","0.000107769991156579","","239","239","194","198","227","227","177","181","227","227","252","274","125","135","182","190","182","186","117","121"
"80","MATCH","S15-2628","S15-2637","3","4","0.8","0.2","0.000107769991156579","1","239","239","194","198","227","227","177","181","227","227","252","274","125","135","182","190","182","186","117","121"
"80","MATCH","S15-2628","S15-2638","3","4","0.8","0.2","0.000107769991156579","1","239","239","194","198","227","227","177","181","227","227","252","274","125","135","182","190","182","186","117","121"
"81","UNIQUE","S15-2649","S15-2649","1","4","0.8","0.2","9.48080465850927e-05","","239","241","198","198","227","235","173","177","223","231","254","266","121","125","190","194","178","194","121","143"
"82","UNIQUE","S15-2658","S15-2658","3","4","0.8","0.2","0.000361413234342711","","239","241","196","198","227","227","-99","-99","219","231","274","274","135","135","190","194","182","194","117","121"
"82","MATCH","S15-2658","S15-2667","3","4","0.8","0.2","0.000361413234342711","1","239","241","196","198","227","227","-99","-99","219","231","274","274","135","135","190","194","182","194","117","121"
"82","MATCH","S15-2658","S15-2663","3","4","0.8","0.2","","0.8","241","241","196","198","227","227","185","187","-99","-99","-99","-99","135","135","190","194","182","194","117","121"
"83","UNIQUE","S15-2661","S15-2661","1","4","0.8","0.2","7.13932646976253e-05","","239","241","194","196","235","235","161","169","227","231","264","270","129","129","190","194","182","186","121","121"
"84","UNIQUE","S15-2662","S15-2662","3","4","0.8","0.2","0.000124759855446139","","239","241","196","196","235","235","161","177","227","231","270","270","125","135","190","194","182","186","121","143"
"84","MATCH","S15-2662","S15-2984","3","4","0.8","0.2","","0.8","239","241","196","196","235","239","175","179","213","231","270","270","125","135","190","194","182","186","121","143"
"84","MATCH","S15-2662","S15-3014","3","4","0.8","0.2","","0.8","239","241","196","196","235","235","175","179","213","231","270","270","125","135","190","194","-99","-99","121","143"
"85","UNIQUE","S15-2664","S15-2664","1","4","0.8","0.2","8.4325408193341e-05","","239","239","194","198","233","233","169","169","219","229","276","276","125","135","190","190","186","186","143","143"
"86","UNIQUE","S15-2669","S15-2669","2","4","0.8","0.2","0.000130799472931287","","239","239","198","198","231","233","177","177","217","225","262","276","125","131","190","190","178","194","121","143"
"86","MATCH","S15-2669","S15-3059","2","4","0.8","0.2","","0.95","239","239","198","198","231","233","177","177","217","225","262","276","125","131","190","190","178","178","121","143"
"87","UNIQUE","S15-2679","S15-2679","2","4","0.8","0.2","6.00458401392379e-05","","241","241","196","198","237","239","177","179","221","227","260","260","129","135","190","198","190","198","121","143"
"87","MATCH","S15-2679","S15-2678","2","4","0.8","0.2","","0.9","241","241","196","198","237","239","179","179","221","227","-99","-99","129","135","190","198","190","198","121","143"
"88","UNIQUE","S15-2695","S15-2695","1","4","0.8","0.2","8.69387409953787e-05","","239","241","196","198","233","233","177","177","227","227","254","254","135","135","182","190","182","202","117","143"
"89","UNIQUE","S15-2696","S15-2696","1","4","0.8","0.2","4.69400805930497e-05","","241","241","194","196","227","239","169","177","223","227","260","260","129","135","182","190","182","182","117","129"
"90","UNIQUE","S15-2697","S15-2697","2","4","0.8","0.2","9.08953967264573e-05","","239","241","194","198","239","239","173","177","223","223","260","274","129","135","190","190","182","190","117","143"
"90","MATCH","S15-2697","S15-2698","2","4","0.8","0.2","0.000289524035403254","0.95","239","241","194","198","239","239","173","177","223","223","-99","-99","129","135","190","190","182","190","117","143"
"91","UNIQUE","S15-2699","S15-2699","1","4","0.8","0.2","4.53334616430653e-05","","239","241","194","198","231","239","169","177","223","225","244","260","125","135","182","190","182","182","117","129"
"92","UNIQUE","S15-2701","S15-2701","2","4","0.8","0.2","5.29424523291263e-05","","239","241","196","200","233","237","173","177","227","229","270","270","139","139","194","194","178","186","117","121"
"92","MATCH","S15-2701","S15-2704","2","4","0.8","0.2","","0.95","239","241","196","200","233","237","173","177","227","229","270","270","139","139","190","194","178","186","117","121"
"93","UNIQUE","S15-2705","S15-2705","1","4","0.8","0.2","0.000112219448639115","","239","241","196","196","231","233","175","179","223","227","270","280","129","131","190","190","160","178","121","143"
"94","UNIQUE","S15-2707","S15-2707","1","4","0.8","0.2","0.000128014129264066","","239","241","194","196","233","233","175","179","221","227","252","274","125","135","190","190","160","178","121","121"
"95","UNIQUE","S15-2708","S15-2708","3","4","0.8","0.2","0.00011463595095334","","239","239","196","196","233","233","161","161","225","229","270","276","125","135","190","198","186","190","121","121"
"95","MATCH","S15-2708","S15-2710","3","4","0.8","0.2","0.00011463595095334","1","239","239","196","196","233","233","161","161","225","229","270","276","125","135","190","198","186","190","121","121"
"95","MATCH","S15-2708","S15-2712","3","4","0.8","0.2","0.00011463595095334","1","239","239","196","196","233","233","161","161","225","229","270","276","125","135","190","198","186","190","121","121"
"96","UNIQUE","S15-2709","S15-2709","2","4","0.8","0.2","7.55997749768493e-05","","239","239","196","198","233","235","175","179","213","223","232","280","125","139","190","198","182","190","121","143"
"96","MATCH","S15-2709","S15-2714","2","4","0.8","0.2","7.55997749768493e-05","1","239","239","196","198","233","235","175","179","213","223","232","280","125","139","190","198","182","190","121","143"
"97","UNIQUE","S15-2713","S15-2713","1","4","0.8","0.2","0.000128188064356435","","239","239","196","198","233","239","175","177","213","231","280","280","125","139","190","190","182","190","121","143"
"98","UNIQUE","S15-2717","S15-2717","2","4","0.8","0.2","5.34080886921228e-05","","239","239","194","200","231","233","179","179","223","227","244","276","129","135","194","194","178","182","117","121"
"98","MATCH","S15-2717","S15-2731","2","4","0.8","0.2","","0.85","239","241","194","200","231","233","179","179","223","227","244","244","129","129","194","194","178","182","117","121"
"99","UNIQUE","S15-2718","S15-2718","6","4","0.8","0.2","4.98891466817966e-05","","241","241","194","198","227","233","179","179","225","229","266","280","135","135","190","198","164","198","121","121"
"99","MATCH","S15-2718","S15-2721","6","4","0.8","0.2","","0.95","241","241","194","198","227","233","179","181","225","229","266","280","135","135","190","198","164","198","121","121"
"99","MATCH","S15-2718","S15-2728","6","4","0.8","0.2","","0.95","241","241","194","198","227","233","179","181","225","229","266","280","135","135","190","198","164","198","121","121"
"99","MATCH","S15-2718","S15-2719","6","4","0.8","0.2","","0.9","241","241","194","198","227","233","179","179","225","229","266","266","135","135","190","198","164","164","121","121"
"99","MATCH","S15-2718","S15-2725","6","4","0.8","0.2","","0.85","241","241","194","198","227","233","179","179","229","229","266","266","135","135","190","198","164","164","121","121"
"99","MATCH","S15-2718","S15-2568","6","4","0.8","0.2","","0.85","241","241","194","198","227","233","179","181","225","229","-99","-99","135","135","190","198","-99","-99","121","121"
"100","UNIQUE","S15-2722","S15-2722","1","4","0.8","0.2","6.08065569849961e-05","","239","241","194","200","227","231","179","179","225","227","262","276","129","135","190","194","182","198","117","121"
"101","UNIQUE","S15-2729","S15-2729","1","4","0.8","0.2","6.84278951327511e-05","","239","239","200","200","233","233","177","177","223","227","248","248","131","131","182","190","182","190","117","121"
"102","UNIQUE","S15-2730","S15-2730","1","4","0.8","0.2","5.3058038360233e-05","","239","239","196","202","227","231","169","173","223","223","252","266","121","139","190","194","186","194","143","143"
"103","UNIQUE","S15-2746","S15-2746","2","4","0.8","0.2","9.9701028672708e-05","","239","239","196","198","227","227","173","175","215","223","244","252","121","139","190","194","190","194","121","143"
"103","MATCH","S15-2746","S15-2752","2","4","0.8","0.2","9.9701028672708e-05","1","239","239","196","198","227","227","173","175","215","223","244","252","121","139","190","194","190","194","121","143"
"104","UNIQUE","S15-2753","S15-2753","1","4","0.8","0.2","0.000193186608405344","","239","241","-99","-99","231","231","175","175","215","223","244","244","121","129","190","190","162","190","121","121"
"105","UNIQUE","S15-2754","S15-2754","1","4","0.8","0.2","0.000121581646600327","","239","241","194","200","227","233","175","175","223","227","248","264","131","135","190","194","190","190","121","121"
"106","UNIQUE","S15-2758","S15-2758","1","4","0.8","0.2","8.08736709330325e-05","","241","241","196","198","239","239","175","177","225","231","274","274","129","129","190","190","190","190","117","121"
"107","UNIQUE","S15-2761","S15-2761","3","4","0.8","0.2","8.55342298231462e-05","","239","241","196","198","227","239","175","175","219","231","254","254","125","135","190","190","190","190","117","117"
"107","MATCH","S15-2761","S15-2768","3","4","0.8","0.2","","0.95","239","241","196","198","227","239","175","175","219","231","254","274","125","135","190","190","190","190","117","117"
"107","MATCH","S15-2761","S15-2610","3","4","0.8","0.2","","0.8","239","241","-99","-99","227","239","175","175","-99","-99","254","274","125","135","190","190","190","190","117","121"
"108","UNIQUE","S15-2763","S15-2763","2","4","0.8","0.2","6.72578924010914e-05","","241","241","196","196","227","237","169","177","225","227","236","274","111","135","188","190","182","198","121","121"
"108","MATCH","S15-2763","S15-2770","2","4","0.8","0.2","0.000599360489832009","0.9","241","241","196","196","227","237","169","177","225","227","-99","-99","111","135","-99","-99","182","198","121","121"
"109","UNIQUE","S15-2787","S15-2787","4","4","0.8","0.2","0.000321294671556327","","239","241","196","200","231","231","177","179","227","227","-99","-99","135","135","188","190","164","182","121","121"
"109","MATCH","S15-2787","S15-3082","4","4","0.8","0.2","","0.9","239","241","196","200","231","239","177","179","227","227","270","272","135","135","188","190","164","182","121","121"
"109","MATCH","S15-2787","S15-2804","4","4","0.8","0.2","","0.9","239","241","196","200","231","239","177","179","227","229","-99","-99","135","135","188","190","164","182","121","121"
"109","MATCH","S15-2787","S15-2540","4","4","0.8","0.2","","0.85","239","241","196","200","231","239","177","179","227","227","270","272","135","135","-99","-99","164","182","121","121"
"110","CHECK_UNIQUE","S15-2793","S15-2793","2","4","0.8","0.2","0.000539218369746141","","239","239","196","196","227","235","175","177","213","227","-99","-99","125","125","182","190","178","190","121","121"
"110","MULTIPLE_MATCH","S15-2793","S15-2517","2","4","0.8","0.2","","0.8","239","239","196","196","227","235","175","177","227","227","-99","-99","125","135","190","190","190","190","121","121"
"111","UNIQUE","S15-2799","S15-2799","1","4","0.8","0.2","9.00445797549323e-05","","239","239","200","202","227","227","161","177","225","227","274","276","125","135","190","198","190","190","143","143"
"112","UNIQUE","S15-2803","S15-2803","1","4","0.8","0.2","6.76695463697102e-05","","239","239","200","200","227","237","175","175","223","225","252","276","125","135","190","194","178","182","129","143"
"113","UNIQUE","S15-2808","S15-2808","1","4","0.8","0.2","0.000173060376383453","","239","239","194","198","233","233","173","177","227","227","272","274","125","135","190","190","164","190","121","121"
"114","UNIQUE","S15-2810","S15-2810","4","4","0.8","0.2","0.000247024732807548","","239","239","196","200","233","239","173","175","213","231","270","270","129","135","182","194","-99","-99","121","121"
"114","MATCH","S15-2810","S15-2875","4","4","0.8","0.2","","0.95","239","239","196","200","233","233","173","175","213","231","270","270","129","135","182","194","-99","-99","121","121"
"114","MATCH","S15-2810","S15-2850","4","4","0.8","0.2","","0.85","239","239","196","200","-99","-99","169","173","213","231","270","270","129","135","182","194","-99","-99","121","121"
"114","MATCH","S15-2810","S15-2851","4","4","0.8","0.2","","0.8","239","239","196","200","-99","-99","173","173","213","231","-99","-99","129","135","182","194","182","190","121","121"
"115","UNIQUE","S15-2813","S15-2813","8","4","0.8","0.2","0.000580210027572934","","241","241","196","196","227","233","175","177","223","223","-99","-99","121","125","190","190","190","190","121","143"
"115","MATCH","S15-2813","S15-2815","8","4","0.8","0.2","","0.9","241","241","194","196","227","233","175","177","223","227","-99","-99","121","125","190","190","190","190","121","143"
"115","MATCH","S15-2813","S15-2824","8","4","0.8","0.2","","0.9","241","241","194","196","227","233","175","177","223","227","-99","-99","121","125","190","190","190","190","121","143"
"115","MATCH","S15-2813","S15-2844","8","4","0.8","0.2","","0.9","241","241","194","196","227","233","175","177","223","227","-99","-99","121","125","190","190","190","190","121","143"
"115","MATCH","S15-2813","S15-2817","8","4","0.8","0.2","","0.85","241","241","194","196","227","233","175","177","223","227","274","284","121","125","190","190","190","190","121","143"
"115","MATCH","S15-2813","S15-2818","8","4","0.8","0.2","","0.85","241","241","194","196","227","233","175","177","223","227","274","284","121","125","190","190","190","190","121","143"
"115","MATCH","S15-2813","S15-2873","8","4","0.8","0.2","","0.85","241","241","194","196","227","233","175","177","223","227","-99","-99","121","125","190","192","190","190","121","143"
"115","MATCH","S15-2813","S15-2872","8","4","0.8","0.2","","0.8","-99","-99","194","196","227","227","175","177","223","227","-99","-99","121","125","190","190","190","190","121","143"
"116","UNIQUE","S15-2819","S15-2819","3","4","0.8","0.2","0.00017556789656931","","239","239","194","198","227","227","169","177","223","225","266","266","111","111","-99","-99","182","186","121","121"
"116","MATCH","S15-2819","S15-3085","3","4","0.8","0.2","0.000660145062716897","0.9","239","239","194","198","227","227","169","177","223","225","-99","-99","111","111","190","194","182","186","121","121"
"116","MATCH","S15-2819","S15-2816","3","4","0.8","0.2","","0.85","239","239","194","198","227","227","169","169","223","225","-99","-99","111","111","190","194","182","186","121","121"
"117","UNIQUE","S15-2821","S15-2821","6","4","0.8","0.2","9.97168738468144e-05","","239","239","196","200","227","227","175","177","213","231","270","270","129","129","190","194","186","186","121","129"
"117","MATCH","S15-2821","S15-2880","6","4","0.8","0.2","9.97168738468144e-05","1","239","239","196","200","227","227","175","177","213","231","270","270","129","129","190","194","186","186","121","129"
"117","MATCH","S15-2821","S15-2822","6","4","0.8","0.2","","0.95","239","239","196","200","227","227","175","177","213","231","270","270","125","129","190","194","186","186","121","129"
"117","MATCH","S15-2821","S15-2837","6","4","0.8","0.2","","0.95","239","239","196","200","227","227","175","177","213","231","270","270","125","129","190","194","186","186","121","129"
"117","MATCH","S15-2821","S15-2876","6","4","0.8","0.2","","0.9","239","247","196","200","227","227","175","177","213","231","270","270","129","129","190","194","170","186","121","129"
"117","MATCH","S15-2821","S15-2864","6","4","0.8","0.2","","0.85","239","239","200","200","227","227","175","177","213","231","-99","-99","125","129","190","194","186","186","121","129"
"118","UNIQUE","S15-2825","S15-2825","3","4","0.8","0.2","0.000195576309360687","","239","239","196","196","231","239","173","177","213","217","260","276","125","129","190","190","190","190","121","121"
"118","MATCH","S15-2825","S15-2828","3","4","0.8","0.2","","0.9","239","239","196","196","231","231","173","177","213","217","-99","-99","125","129","190","190","190","190","121","121"
"118","MATCH","S15-2825","S15-2814","3","4","0.8","0.2","","0.85","239","239","196","196","231","231","173","177","213","217","-99","-99","129","129","190","190","190","190","121","121"
"119","UNIQUE","S15-2826","S15-2826","2","4","0.8","0.2","0.000335780010123884","","241","241","194","194","227","235","177","177","227","231","-99","-99","125","129","190","194","182","190","121","143"
"119","MATCH","S15-2826","S15-2848","2","4","0.8","0.2","","0.85","241","241","194","196","227","227","177","177","227","231","-99","-99","129","129","190","194","182","190","121","143"
"120","UNIQUE","S15-2836","S15-2836","5","4","0.8","0.2","0.000159137532356841","","241","241","194","198","227","231","161","187","223","227","262","274","125","135","-99","-99","182","186","121","143"
"120","MATCH","S15-2836","S15-2883","5","4","0.8","0.2","","0.95","241","241","194","198","227","231","161","187","223","227","260","274","125","135","-99","-99","182","186","121","143"
"120","MATCH","S15-2836","S15-2840","5","4","0.8","0.2","0.000547733545732305","0.9","241","241","194","198","227","231","161","187","223","227","-99","-99","125","135","190","194","182","186","121","143"
"120","MATCH","S15-2836","S15-2847","5","4","0.8","0.2","0.000547733545732305","0.9","241","241","194","198","227","231","161","187","223","227","-99","-99","125","135","190","194","182","186","121","143"
"120","MATCH","S15-2836","S15-2871","5","4","0.8","0.2","0.000547733545732305","0.9","241","241","194","198","227","231","161","187","223","227","-99","-99","125","135","192","194","182","186","121","143"
"121","UNIQUE","S15-2838","S15-2838","2","4","0.8","0.2","9.79150202429798e-05","","241","241","194","208","227","231","187","187","223","227","-99","-99","121","135","190","192","186","190","121","126"
"121","MATCH","S15-2838","S15-2845","2","4","0.8","0.2","","0.85","241","241","194","208","227","231","187","187","223","227","260","270","121","135","190","190","186","190","121","121"
"122","UNIQUE","S15-2842","S15-2842","2","4","0.8","0.2","0.000696571253404582","","241","241","196","196","227","227","175","177","219","219","-99","-99","125","135","190","190","182","190","121","143"
"122","MATCH","S15-2842","S15-2846","2","4","0.8","0.2","","0.95","241","241","196","196","227","227","175","177","219","227","-99","-99","125","135","190","190","182","190","121","143"
"123","UNIQUE","S15-2866","S15-2866","2","4","0.8","0.2","0.000339013057654127","","239","241","194","194","233","233","161","175","213","227","-99","-99","125","135","190","194","178","190","121","143"
"123","MATCH","S15-2866","S15-2877","2","4","0.8","0.2","0.000339013057654127","1","239","241","194","194","233","233","161","175","213","227","-99","-99","125","135","190","194","178","190","121","143"
"124","UNIQUE","S15-2869","S15-2869","1","4","0.8","0.2","0.000132896632419155","","239","241","196","196","233","233","177","181","227","231","244","276","125","135","190","192","178","178","121","121"
"125","UNIQUE","S15-2874","S15-2874","1","4","0.8","0.2","0.000359213987151732","","241","241","194","194","233","233","161","161","-99","-99","-99","-99","125","135","192","192","178","178","121","143"
"126","UNIQUE","S15-2901","S15-2901","2","4","0.8","0.2","0.000130298138184834","","239","239","198","198","229","233","179","181","223","227","264","270","125","135","190","190","164","190","121","121"
"126","MATCH","S15-2901","S15-2915","2","4","0.8","0.2","0.000130298138184834","1","239","239","198","198","229","233","179","181","223","227","264","270","125","135","190","190","164","190","121","121"
"127","UNIQUE","S15-2903","S15-2903","2","4","0.8","0.2","7.2485233174212e-05","","239","239","194","198","233","237","179","179","223","241","270","290","135","135","190","190","164","198","121","143"
"127","MATCH","S15-2903","S15-2898","2","4","0.8","0.2","","0.9","239","239","194","198","233","237","179","179","223","241","-99","-99","135","135","190","190","164","164","121","143"
"128","UNIQUE","S15-2912","S15-2912","1","4","0.8","0.2","0.000262807912599134","","239","241","196","196","227","227","173","173","221","223","268","268","129","139","194","194","-99","-99","121","143"
"129","UNIQUE","S15-2916","S15-2916","1","4","0.8","0.2","6.72927133390263e-05","","239","241","196","198","227","239","175","181","217","219","264","270","125","129","190","194","164","186","117","143"
"130","UNIQUE","S15-2917","S15-2917","1","4","0.8","0.2","0.000101607209711588","","239","241","196","198","233","239","177","181","217","227","264","290","125","125","190","190","164","190","117","121"
"131","UNIQUE","S15-2919","S15-2919","1","4","0.8","0.2","6.59165466708732e-05","","239","239","194","196","227","239","175","179","213","217","252","270","129","139","190","194","178","178","143","143"
"132","UNIQUE","S15-2920","S15-2920","3","4","0.8","0.2","0.000500476916060188","","241","241","196","200","227","227","173","173","219","223","-99","-99","125","135","190","194","182","190","121","143"
"132","MATCH","S15-2920","S15-2921","3","4","0.8","0.2","0.000500476916060188","1","241","241","196","200","227","227","173","173","219","223","-99","-99","125","135","190","194","182","190","121","143"
"132","MATCH","S15-2920","S15-2938","3","4","0.8","0.2","","0.9","241","241","196","196","227","227","173","173","223","223","-99","-99","125","135","190","194","182","190","121","143"
"133","UNIQUE","S15-2922","S15-2922","2","4","0.8","0.2","4.24454561555056e-05","","239","241","198","200","227","235","179","179","217","223","254","276","121","125","190","198","178","186","129","143"
"133","MATCH","S15-2922","S15-2923","2","4","0.8","0.2","4.24454561555056e-05","1","239","241","198","200","227","235","179","179","217","223","254","276","121","125","190","198","178","186","129","143"
"134","UNIQUE","S15-2929","S15-2929","4","4","0.8","0.2","0.000124791810236534","","239","241","196","198","231","237","177","177","213","231","254","274","125","131","190","190","160","190","121","143"
"134","MATCH","S15-2929","S15-2945","4","4","0.8","0.2","0.000124791810236534","1","239","241","196","198","231","237","177","177","213","231","254","274","125","131","190","190","160","190","121","143"
"134","MATCH","S15-2929","S15-2946","4","4","0.8","0.2","0.000124791810236534","1","239","241","196","198","231","237","177","177","213","231","254","274","125","131","190","190","160","190","121","143"
"134","MATCH","S15-2929","S15-2947","4","4","0.8","0.2","0.000124791810236534","1","239","241","196","198","231","237","177","177","213","231","254","274","125","131","190","190","160","190","121","143"
"135","UNIQUE","S15-2930","S15-2930","3","4","0.8","0.2","7.94104509228686e-05","","239","239","198","198","235","237","161","177","213","223","254","276","131","131","190","194","178","190","121","121"
"135","MATCH","S15-2930","S15-2932","3","4","0.8","0.2","7.94104509228686e-05","1","239","239","198","198","235","237","161","177","213","223","254","276","131","131","190","194","178","190","121","121"
"135","MATCH","S15-2930","S15-2948","3","4","0.8","0.2","7.94104509228686e-05","1","239","239","198","198","235","237","161","177","213","223","254","276","131","131","190","194","178","190","121","121"
"136","UNIQUE","S15-2933","S15-2933","3","4","0.8","0.2","0.000141211051308581","","239","239","196","196","227","227","177","181","227","231","252","252","125","125","190","198","190","194","121","143"
"136","MATCH","S15-2933","S15-2939","3","4","0.8","0.2","0.000141211051308581","1","239","239","196","196","227","227","177","181","227","231","252","252","125","125","190","198","190","194","121","143"
"136","MATCH","S15-2933","S15-2928","3","4","0.8","0.2","0.000515152036278835","0.95","239","239","196","196","227","227","177","181","227","231","-99","-99","125","125","190","198","190","194","121","143"
"137","UNIQUE","S15-2949","S15-2949","1","4","0.8","0.2","0.000213582779617837","","239","241","194","196","231","231","177","179","219","227","-99","-99","125","129","190","194","162","182","129","143"
"138","UNIQUE","S15-2952","S15-2952","1","4","0.8","0.2","7.28144609672931e-05","","241","241","196","204","227","235","175","177","225","227","240","276","135","139","182","190","186","190","121","143"
"139","UNIQUE","S15-2953","S15-2953","3","4","0.8","0.2","9.70674416375512e-05","","241","241","194","198","227","231","177","179","219","219","276","276","125","129","182","190","186","190","121","143"
"139","MATCH","S15-2953","S15-2966","3","4","0.8","0.2","","0.95","241","241","194","198","227","231","177","177","219","219","276","276","125","129","182","190","186","190","121","143"
"139","MATCH","S15-2953","S15-2955","3","4","0.8","0.2","","0.8","241","241","194","194","-99","-99","177","177","219","219","-99","-99","125","129","182","190","186","190","121","143"
"140","UNIQUE","S15-2956","S15-2956","1","4","0.8","0.2","9.34152861339191e-05","","239","239","196","196","239","239","173","175","231","241","270","276","121","135","190","194","178","178","121","143"
"141","UNIQUE","S15-2959","S15-2959","1","4","0.8","0.2","0.000156132576580942","","239","241","196","196","227","227","173","173","225","231","254","270","129","129","190","194","182","190","121","143"
"142","UNIQUE","S15-2961","S15-2961","1","4","0.8","0.2","0.00034012150956785","","239","239","200","200","227","233","169","181","221","225","-99","-99","111","125","190","190","190","190","121","121"
"143","UNIQUE","S15-2964","S15-2964","2","4","0.8","0.2","7.43960863693909e-05","","241","241","196","200","227","237","177","187","223","223","232","254","131","139","190","194","190","194","121","121"
"143","MATCH","S15-2964","S15-2965","2","4","0.8","0.2","7.43960863693909e-05","1","241","241","196","200","227","237","177","187","223","223","232","254","131","139","190","194","190","194","121","121"
"144","UNIQUE","S15-2972","S15-2972","2","4","0.8","0.2","9.28192449626278e-05","","239","241","194","200","233","233","175","175","219","227","236","258","125","135","182","190","178","190","121","143"
"144","MATCH","S15-2972","S15-3007","2","4","0.8","0.2","","0.95","239","241","194","200","233","233","175","175","219","227","236","258","125","135","182","190","178","178","121","143"
"145","UNIQUE","S15-2976","S15-2976","8","4","0.8","0.2","0.000118645267262189","","239","241","196","196","231","231","173","173","217","223","270","276","139","139","190","190","164","178","121","143"
"145","MATCH","S15-2976","S15-2982","8","4","0.8","0.2","0.000118645267262189","1","239","241","196","196","231","231","173","173","217","223","270","276","139","139","190","190","164","178","121","143"
"145","MATCH","S15-2976","S15-2989","8","4","0.8","0.2","0.000118645267262189","1","239","241","196","196","231","231","173","173","217","223","270","276","139","139","190","190","164","178","121","143"
"145","MATCH","S15-2976","S15-3025","8","4","0.8","0.2","","0.95","239","241","196","196","231","231","173","173","217","223","270","276","139","139","190","190","164","164","121","143"
"145","MATCH","S15-2976","S15-3026","8","4","0.8","0.2","","0.95","239","241","196","196","231","231","173","173","217","223","270","276","139","139","190","190","164","164","121","143"
"145","MATCH","S15-2976","S15-2981","8","4","0.8","0.2","0.00109348009737473","0.9","239","241","196","196","-99","-99","173","173","217","223","-99","-99","139","139","190","190","164","178","121","143"
"145","MATCH","S15-2976","S15-3002","8","4","0.8","0.2","","0.85","239","239","196","196","231","231","173","173","217","223","-99","-99","139","139","190","192","164","178","121","143"
"145","MATCH","S15-2976","S15-3003","8","4","0.8","0.2","","0.8","239","241","196","196","-99","-99","173","173","217","223","276","276","139","139","192","192","164","178","121","143"
"146","UNIQUE","S15-2977","S15-2977","2","4","0.8","0.2","0.000270340120134378","","239","241","196","198","227","229","173","175","219","219","-99","-99","129","131","182","190","178","182","143","143"
"146","MATCH","S15-2977","S15-3024","2","4","0.8","0.2","","0.85","239","241","196","198","227","227","173","175","219","219","270","290","129","131","182","190","178","178","143","143"
"147","UNIQUE","S15-2980","S15-2980","2","4","0.8","0.2","5.84794988296361e-05","","241","241","194","200","227","237","177","177","219","231","268","274","121","121","190","198","178","182","121","143"
"147","MATCH","S15-2980","S15-3093","2","4","0.8","0.2","5.84794988296361e-05","1","241","241","194","200","227","237","177","177","219","231","268","274","121","121","190","198","178","182","121","143"
"148","UNIQUE","S15-2983","S15-2983","2","4","0.8","0.2","6.20435537856544e-05","","239","239","198","200","231","233","175","177","219","227","254","258","125","139","182","190","178","190","117","143"
"148","MATCH","S15-2983","S15-2997","2","4","0.8","0.2","0.000228180796235091","0.95","239","239","198","200","231","233","175","177","219","227","-99","-99","125","139","182","190","178","190","117","143"
"149","UNIQUE","S15-2986","S15-2986","1","4","0.8","0.2","0.00114156180620956","","-99","-99","196","196","227","227","177","177","223","223","-99","-99","131","135","182","190","178","190","121","121"
"150","UNIQUE","S15-2987","S15-2987","3","4","0.8","0.2","0.000106878691880042","","239","241","196","196","227","239","175","175","223","231","276","280","135","135","182","194","186","190","121","143"
"150","MATCH","S15-2987","S15-2993","3","4","0.8","0.2","0.000106878691880042","1","239","241","196","196","227","239","175","175","223","231","276","280","135","135","182","194","186","190","121","143"
"150","MATCH","S15-2987","S15-3006","3","4","0.8","0.2","0.000352906337671904","0.95","239","241","196","196","227","239","175","175","223","231","-99","-99","135","135","182","194","186","190","121","143"
"151","UNIQUE","S15-2988","S15-2988","2","4","0.8","0.2","0.000165803656128075","","239","239","196","196","227","231","175","177","223","227","280","280","131","135","182","190","178","190","121","121"
"151","MATCH","S15-2988","S15-2994","2","4","0.8","0.2","0.000165803656128075","1","239","239","196","196","227","231","175","177","223","227","280","280","131","135","182","190","178","190","121","121"
"152","UNIQUE","S15-2990","S15-2990","2","4","0.8","0.2","9.6491260287562e-05","","239","239","194","198","227","231","177","177","223","235","252","252","125","139","190","198","178","178","121","121"
"152","MATCH","S15-2990","S15-3020","2","4","0.8","0.2","","0.95","239","239","194","198","227","231","177","177","223","235","252","274","125","139","190","198","178","178","121","121"
"153","UNIQUE","S15-2991","S15-2991","3","4","0.8","0.2","0.000146280505120833","","239","241","196","200","237","239","175","177","217","231","268","280","125","135","190","190","182","190","121","121"
"153","MATCH","S15-2991","S15-3089","3","4","0.8","0.2","","0.95","239","241","196","200","237","239","175","177","217","231","268","280","125","135","190","190","182","182","121","121"
"153","MATCH","S15-2991","S15-2999","3","4","0.8","0.2","","0.85","239","241","196","200","237","239","169","181","217","231","268","280","125","135","190","190","182","182","121","121"
"154","UNIQUE","S15-3004","S15-3004","3","4","0.8","0.2","0.000155541368477504","","239","241","194","196","227","237","175","175","219","223","274","280","135","135","190","190","182","186","121","143"
"154","MATCH","S15-3004","S15-3017","3","4","0.8","0.2","","0.95","239","241","194","196","227","237","175","175","219","223","274","280","135","135","190","190","182","182","121","143"
"154","MATCH","S15-3004","S15-3005","3","4","0.8","0.2","0.000516051126100409","0.95","239","241","194","196","227","237","175","175","219","223","-99","-99","135","135","190","190","182","186","121","143"
"155","UNIQUE","S15-3016","S15-3016","1","4","0.8","0.2","0.000358689632161351","","239","239","194","198","231","233","177","181","219","227","274","280","125","125","190","194","-99","-99","121","143"
"156","UNIQUE","S15-3022","S15-3022","1","4","0.8","0.2","8.6636931830512e-05","","241","241","194","200","231","231","175","175","213","219","274","276","125","129","190","190","178","182","121","143"
"157","UNIQUE","S15-3029","S15-3029","1","4","0.8","0.2","0.000115805512636681","","239","239","194","198","227","231","173","177","227","241","264","264","125","135","190","190","182","182","117","121"
"158","UNIQUE","S15-3031","S15-3031","1","4","0.8","0.2","0.00102460901478727","","239","239","196","200","-99","-99","177","177","223","225","276","284","121","139","190","194","-99","-99","121","121"
"159","UNIQUE","S15-3032","S15-3032","1","4","0.8","0.2","0.000114040092162421","","239","239","198","200","227","231","175","177","227","231","254","270","135","135","194","194","182","190","121","143"
"160","UNIQUE","S15-3035","S15-3035","1","4","0.8","0.2","8.50745093131385e-05","","239","239","194","198","235","235","173","177","223","227","270","274","111","125","182","190","186","186","121","143"
"161","UNIQUE","S15-3037","S15-3037","2","4","0.8","0.2","0.000107079595574523","","239","241","198","200","227","227","177","183","223","227","270","290","125","139","190","190","202","202","121","121"
"161","MATCH","S15-3037","S15-2345","2","4","0.8","0.2","0.000172540528510325","0.95","-99","-99","198","200","227","227","177","183","223","227","270","290","125","139","190","190","202","202","121","121"
"162","UNIQUE","S15-3043","S15-3043","1","4","0.8","0.2","0.000103227669027676","","239","239","194","200","233","233","177","181","213","225","274","276","135","135","190","198","186","194","121","121"
"163","UNIQUE","S15-3044","S15-3044","1","4","0.8","0.2","9.80341153156168e-05","","239","241","196","198","231","231","173","173","223","225","270","280","125","139","190","198","186","186","121","121"
"164","UNIQUE","S15-3045","S15-3045","1","4","0.8","0.2","0.000238003458636625","","239","241","198","200","231","231","173","173","223","231","-99","-99","125","139","190","198","178","198","121","121"
"165","UNIQUE","S15-3056","S15-3056","1","4","0.8","0.2","9.42201270759922e-05","","239","241","196","196","227","233","173","181","219","227","266","266","129","139","194","194","178","182","121","121"
"166","UNIQUE","S15-3057","S15-3057","1","4","0.8","0.2","0.000138326788829066","","239","239","196","200","227","233","173","173","219","219","252","276","129","129","190","194","178","186","121","121"
"167","UNIQUE","S15-3060","S15-3060","1","4","0.8","0.2","0.000173235815773349","","239","239","198","200","233","233","177","177","217","227","244","276","125","131","190","190","178","190","121","121"
"168","UNIQUE","S15-3066","S15-3066","1","4","0.8","0.2","8.24402764787834e-05","","239","241","194","198","227","227","169","169","227","227","-99","-99","125","129","182","182","170","170","117","129"
"169","UNIQUE","S15-3080","S15-3080","1","4","0.8","0.2","6.93088780474616e-05","","239","241","196","196","227","231","181","181","227","227","244","270","111","139","190","194","186","186","117","121"
"170","UNIQUE","S15-3086","S15-3086","1","4","0.8","0.2","0.000204200280782648","","239","239","196","196","227","233","175","179","213","231","-99","-99","129","129","182","194","182","186","121","129"
"171","UNIQUE","S15-3164","S15-3164","1","4","0.8","0.2","0.000455963065151707","","239","239","196","196","229","239","173","177","217","223","254","276","125","125","190","194","-99","-99","121","143"
"172","UNIQUE","S15-3175","S15-3175","2","4","0.8","0.2","0.000478686355889879","","-99","-99","194","196","229","229","173","173","223","223","264","264","125","131","190","194","-99","-99","121","143"
"172","MATCH","S15-3175","S15-3176","2","4","0.8","0.2","","0.85","239","241","194","196","229","233","173","173","223","223","-99","-99","125","131","190","194","-99","-99","121","143"
"173","UNIQUE","S15-3177","S15-3177","2","4","0.8","0.2","0.000327223885658251","","239","239","194","196","239","239","173","177","217","217","254","274","125","125","182","190","-99","-99","121","143"
"173","MATCH","S15-3177","S15-3285","2","4","0.8","0.2","0.000327223885658251","1","239","239","194","196","239","239","173","177","217","217","254","274","125","125","182","190","-99","-99","121","143"
"174","UNIQUE","S15-3185","S15-3185","1","4","0.8","0.2","0.000401393134670021","","239","241","196","196","233","233","173","173","217","223","276","284","125","129","190","190","-99","-99","143","143"
"175","UNIQUE","S15-3186","S15-3186","1","4","0.8","0.2","0.000251699338170779","","239","239","198","198","233","233","177","177","223","225","254","276","111","125","182","190","-99","-99","143","143"
"176","UNIQUE","S15-3187","S15-3187","1","4","0.8","0.2","4.65514484030462e-05","","239","241","194","200","241","241","171","173","217","217","268","268","125","129","194","194","190","194","121","121"
"177","UNIQUE","S15-3188","S15-3188","1","4","0.8","0.2","0.000114143218509487","","239","241","194","196","233","239","177","177","217","219","260","274","121","125","190","190","186","186","143","143"
"178","UNIQUE","S15-3189","S15-3189","1","4","0.8","0.2","0.00015883552735036","","239","241","194","196","233","233","177","177","217","219","264","274","111","125","190","190","182","182","121","143"
"179","UNIQUE","S15-3192","S15-3192","3","4","0.8","0.2","0.000111600862511606","","239","241","196","196","229","237","177","177","217","219","260","274","125","135","190","198","174","174","121","121"
"179","MATCH","S15-3192","S15-3207","3","4","0.8","0.2","","0.9","239","241","196","196","229","237","177","177","217","219","260","274","125","135","190","198","182","186","121","121"
"179","MATCH","S15-3192","S15-3199","3","4","0.8","0.2","","0.9","241","241","196","196","229","237","177","177","217","219","260","274","125","135","190","198","-99","-99","121","121"
"180","UNIQUE","S15-3193","S15-3193","1","4","0.8","0.2","0.000311302220451991","","239","241","196","198","229","237","177","177","219","219","260","274","125","135","182","194","-99","-99","121","143"
"181","UNIQUE","S15-3194","S15-3194","2","4","0.8","0.2","0.0001219042020281","","239","241","196","198","233","237","173","177","217","219","260","260","129","135","182","190","182","186","121","143"
"181","MATCH","S15-3194","S15-3205","2","4","0.8","0.2","0.000352637661221556","0.95","239","241","196","198","233","237","173","177","217","219","260","260","129","135","182","190","-99","-99","121","143"
"182","UNIQUE","S15-3196","S15-3196","2","4","0.8","0.2","0.000117383807052041","","239","241","196","196","229","233","177","177","217","223","260","260","129","129","182","190","164","186","121","143"
"182","MATCH","S15-3196","S15-3209","2","4","0.8","0.2","","0.95","239","241","196","196","229","233","177","177","217","223","260","260","129","129","182","190","164","164","121","143"
"183","UNIQUE","S15-3197","S15-3197","1","4","0.8","0.2","0.000113361769180816","","239","239","196","200","229","229","177","177","217","219","260","260","125","129","190","198","186","186","121","121"
"184","UNIQUE","S15-3198","S15-3198","2","4","0.8","0.2","0.000130721182294723","","239","239","196","196","229","233","173","177","217","217","260","268","125","135","190","202","186","194","121","121"
"184","MATCH","S15-3198","S15-3204","2","4","0.8","0.2","","0.9","239","239","196","196","229","233","173","177","217","219","260","268","125","135","190","202","-99","-99","121","121"
"185","UNIQUE","S15-3200","S15-3200","1","4","0.8","0.2","0.000130699851914563","","239","239","196","198","229","233","177","177","219","219","260","264","129","129","190","194","182","186","121","143"
"186","UNIQUE","S15-3202","S15-3202","1","4","0.8","0.2","0.00101933051760007","","239","239","196","200","229","229","177","177","219","219","-99","-99","125","135","194","198","-99","-99","121","121"
"187","UNIQUE","S15-3206","S15-3206","1","4","0.8","0.2","0.000587446599849567","","239","239","194","198","229","231","-99","-99","221","223","260","264","121","129","182","190","-99","-99","121","121"
"188","UNIQUE","S15-3208","S15-3208","1","4","0.8","0.2","8.82193476558806e-05","","239","241","194","196","233","233","173","173","217","235","264","268","125","135","190","194","170","170","121","143"
"189","UNIQUE","S15-3210","S15-3210","2","4","0.8","0.2","7.03090637006023e-05","","239","241","196","198","229","229","173","173","215","223","260","276","125","125","182","194","190","190","143","143"
"189","MATCH","S15-3210","S15-3234","2","4","0.8","0.2","","0.95","239","241","196","198","229","229","173","173","215","223","260","276","125","125","182","194","190","194","143","143"
"190","UNIQUE","S15-3211","S15-3211","5","4","0.8","0.2","0.000102236965253161","","239","241","196","196","231","241","177","177","217","223","260","284","125","131","182","194","190","190","121","143"
"190","MATCH","S15-3211","S15-3220","5","4","0.8","0.2","0.000268466096854561","0.95","239","241","196","196","231","241","177","177","217","223","260","284","125","131","182","194","-99","-99","121","143"
"190","MATCH","S15-3211","S15-3227","5","4","0.8","0.2","0.000268466096854561","0.95","239","241","196","196","231","241","177","177","217","223","260","284","125","131","182","194","-99","-99","121","143"
"190","MATCH","S15-3211","S15-3229","5","4","0.8","0.2","0.000268466096854561","0.95","239","241","196","196","231","241","177","177","217","223","260","284","125","131","182","194","-99","-99","121","143"
"190","MATCH","S15-3211","S15-3241","5","4","0.8","0.2","","0.9","239","241","196","196","231","241","177","177","217","223","260","284","131","131","182","194","-99","-99","121","143"
"191","UNIQUE","S15-3216","S15-3216","3","4","0.8","0.2","5.40624552049872e-05","","239","241","196","196","237","237","181","181","223","239","274","284","129","131","190","190","164","164","143","143"
"191","MATCH","S15-3216","S15-3250","3","4","0.8","0.2","5.40624552049872e-05","1","239","241","196","196","237","237","181","181","223","239","274","284","129","131","190","190","164","164","143","143"
"191","MATCH","S15-3216","S15-3245","3","4","0.8","0.2","","0.95","239","241","196","196","237","237","181","181","223","239","274","284","129","131","190","190","164","194","143","143"
"192","UNIQUE","S15-3217","S15-3217","1","4","0.8","0.2","0.000559947221869252","","239","241","198","198","229","229","177","179","219","233","-99","-99","131","135","190","190","-99","-99","129","143"
"193","UNIQUE","S15-3218","S15-3218","1","4","0.8","0.2","0.000147382590102161","","239","241","196","196","229","229","181","181","223","225","268","274","131","131","190","202","-99","-99","143","143"
"194","UNIQUE","S15-3219","S15-3219","1","4","0.8","0.2","4.73722496182789e-05","","239","241","196","196","229","237","173","173","225","239","268","274","125","125","194","194","178","194","129","143"
"195","UNIQUE","S15-3221","S15-3221","2","4","0.8","0.2","3.86880048027729e-05","","239","241","194","194","239","241","173","177","215","223","260","284","125","131","182","194","208","208","121","143"
"195","MATCH","S15-3221","S15-3238","2","4","0.8","0.2","","0.9","239","241","194","194","239","241","173","177","215","223","260","260","125","131","182","194","-99","-99","121","143"
"196","UNIQUE","S15-3225","S15-3225","3","4","0.8","0.2","9.94216626536608e-05","","239","239","196","196","229","239","177","177","217","223","276","284","131","135","190","202","194","194","121","143"
"196","MATCH","S15-3225","S15-3226","3","4","0.8","0.2","0.000325543947555297","0.95","239","239","196","196","229","239","177","177","217","223","276","284","131","135","190","202","-99","-99","121","143"
"196","MATCH","S15-3225","S15-3287","3","4","0.8","0.2","","0.85","239","239","196","196","229","239","177","177","217","223","-99","-99","131","131","190","202","-99","-99","121","143"
"197","UNIQUE","S15-3230","S15-3230","1","4","0.8","0.2","0.000414034810506791","","239","241","198","202","229","229","173","177","217","239","-99","-99","125","131","194","194","-99","-99","143","143"
"198","UNIQUE","S15-3231","S15-3231","1","4","0.8","0.2","7.42939033887679e-05","","241","241","194","198","229","229","177","177","217","217","264","274","125","131","190","194","194","194","121","143"
"199","UNIQUE","S15-3235","S15-3235","3","4","0.8","0.2","7.60821258512095e-05","","239","241","194","196","231","231","173","173","217","239","274","284","135","139","190","190","182","198","143","143"
"199","MATCH","S15-3235","S15-3237","3","4","0.8","0.2","7.60821258512095e-05","1","239","241","194","196","231","231","173","173","217","239","274","284","135","139","190","190","182","198","143","143"
"199","MATCH","S15-3235","S15-3249","3","4","0.8","0.2","","0.9","239","241","194","196","231","231","173","173","217","239","274","284","139","139","190","190","-99","-99","143","143"
"200","UNIQUE","S15-3239","S15-3239","3","4","0.8","0.2","4.89087564066081e-05","","239","241","196","198","229","229","173","173","215","217","274","284","125","135","182","194","194","198","121","129"
"200","MATCH","S15-3239","S15-3240","3","4","0.8","0.2","4.89087564066081e-05","1","239","241","196","198","229","229","173","173","215","217","274","284","125","135","182","194","194","198","121","129"
"200","MATCH","S15-3239","S15-3214","3","4","0.8","0.2","0.000170610567100235","0.95","239","241","196","198","229","229","173","173","215","217","274","284","125","135","182","194","-99","-99","121","129"
"201","UNIQUE","S15-3246","S15-3246","1","4","0.8","0.2","8.28221876394544e-05","","239","241","196","198","229","233","173","173","217","223","260","276","129","129","190","202","194","194","121","143"
"202","UNIQUE","S15-3251","S15-3251","1","4","0.8","0.2","6.22967484746682e-05","","239","241","196","198","231","231","173","185","217","223","274","276","131","135","182","194","172","194","121","143"
"203","UNIQUE","S15-3253","S15-3253","1","4","0.8","0.2","0.000171012187566594","","239","241","198","198","229","229","179","179","217","219","254","276","125","131","190","194","-99","-99","143","143"
"204","UNIQUE","S15-3254","S15-3254","1","4","0.8","0.2","5.68764619392745e-05","","239","239","196","196","229","233","173","181","217","225","268","268","125","131","182","190","186","194","129","143"
"205","UNIQUE","S15-3256","S15-3256","2","4","0.8","0.2","0.000189212094163308","","239","239","196","198","229","233","177","177","217","217","274","274","125","131","190","190","186","190","121","143"
"205","MATCH","S15-3256","S15-3265","2","4","0.8","0.2","0.000189212094163308","1","239","239","196","198","229","233","177","177","217","217","274","274","125","131","190","190","186","190","121","143"
"206","UNIQUE","S15-3258","S15-3258","1","4","0.8","0.2","0.000181241798284831","","241","241","196","198","227","227","177","181","217","219","254","284","129","129","194","194","-99","-99","143","143"
"207","UNIQUE","S15-3259","S15-3259","1","4","0.8","0.2","8.58928627349559e-05","","239","241","194","196","233","237","173","173","217","217","254","268","121","125","182","190","190","194","121","143"
"208","UNIQUE","S15-3260","S15-3260","1","4","0.8","0.2","0.000260914650417129","","239","241","196","196","229","229","173","181","219","219","254","264","121","135","190","190","-99","-99","143","143"
"209","UNIQUE","S15-3261","S15-3261","2","4","0.8","0.2","0.000124255023245886","","241","241","196","200","229","229","173","173","217","217","260","268","111","125","190","194","-99","-99","129","143"
"209","MATCH","S15-3261","S15-3262","2","4","0.8","0.2","0.000124255023245886","1","241","241","196","200","229","229","173","173","217","217","260","268","111","125","190","194","-99","-99","129","143"
"210","UNIQUE","S15-3263","S15-3263","1","4","0.8","0.2","4.65341901083611e-05","","241","241","196","198","237","237","173","177","217","219","264","274","125","131","194","194","194","194","143","143"
"211","UNIQUE","S15-3270","S15-3270","1","4","0.8","0.2","0.00107465237024564","","239","241","196","198","229","229","173","177","217","219","-99","-99","125","131","190","190","-99","-99","143","143"
"212","UNIQUE","S15-3271","S15-3271","1","4","0.8","0.2","0.000169843171112968","","239","241","194","194","229","237","181","181","217","221","264","274","125","129","182","190","-99","-99","121","143"
"213","UNIQUE","S15-3273","S15-3273","1","4","0.8","0.2","0.000109618840342384","","241","241","196","198","229","237","181","181","219","221","264","268","129","129","182","190","-99","-99","143","143"
"214","UNIQUE","S15-3274","S15-3274","2","4","0.8","0.2","0.000225785475452181","","239","239","194","200","229","229","177","181","217","217","260","274","125","125","182","194","-99","-99","121","121"
"214","MATCH","S15-3274","S15-3275","2","4","0.8","0.2","0.000225785475452181","1","239","239","194","200","229","229","177","181","217","217","260","274","125","125","182","194","-99","-99","121","121"
"215","UNIQUE","S15-3277","S15-3277","1","4","0.8","0.2","0.000206112609801658","","241","241","194","196","229","237","173","173","223","225","276","284","129","139","190","194","-99","-99","121","143"
"216","UNIQUE","S15-3278","S15-3278","1","4","0.8","0.2","0.000351775802093307","","-99","-99","194","196","233","237","173","173","219","223","260","276","129","129","194","202","-99","-99","121","121"
"217","UNIQUE","S15-3279","S15-3279","2","4","0.8","0.2","0.000277097377271452","","241","241","196","196","233","235","173","177","215","225","276","284","131","131","190","190","-99","-99","121","143"
"217","MATCH","S15-3279","S15-3281","2","4","0.8","0.2","0.000277097377271452","1","241","241","196","196","233","235","173","177","215","225","276","284","131","131","190","190","-99","-99","121","143"
"218","UNIQUE","S15-3291","S15-3291","6","4","0.8","0.2","0.00012255944707344","","239","241","194","196","231","239","173","177","223","223","274","284","125","131","182","190","190","194","121","121"
"218","MATCH","S15-3291","S15-3213","6","4","0.8","0.2","0.000352998586963294","0.95","239","241","194","196","231","239","173","177","223","223","274","284","125","131","182","190","-99","-99","121","121"
"218","MATCH","S15-3291","S15-3223","6","4","0.8","0.2","0.000352998586963294","0.95","239","241","194","196","231","239","173","177","223","223","274","284","125","131","182","190","-99","-99","121","121"
"218","MATCH","S15-3291","S15-3228","6","4","0.8","0.2","0.000352998586963294","0.95","239","241","194","196","231","239","173","177","223","223","274","284","125","131","182","190","-99","-99","121","121"
"218","MATCH","S15-3291","S15-3236","6","4","0.8","0.2","0.000352998586963294","0.95","239","241","194","196","231","239","173","177","223","223","274","284","125","131","182","190","-99","-99","121","121"
"218","MATCH","S15-3291","S15-3233","6","4","0.8","0.2","0.000568797093706394","0.9","-99","-99","194","196","231","239","173","177","223","223","274","284","125","131","182","190","-99","-99","121","121"
