uniqueGroup,rowType,uniqueIndex,matchIndex,nUniqueGroup,alleleMismatch,matchThreshold,cutHeight,Psib,score,ADCYC,ADCYC.1,BM6506,BM6506.1,CELB9,CELB9.1,CERVID1,CERVID1.1,ETH152,ETH152.1,SBTD04,SBTD04.1,SBTD05,SBTD05.1,SBTD06,SBTD06.1,SBTD07,SBTD07.1,TGLA94,TGLA94.1
1,UNIQUE,S15-3164,S15-3164,1,3,0.85,0.15,0.001165415,,239,239,196,196,229,239,173,177,217,223,255,277,126,126,190,194,-99,-99,121,141
2,UNIQUE,S15-3177,S15-3177,2,3,0.85,0.15,0.000802334,,239,239,194,196,239,239,173,177,217,217,255,273,126,126,182,190,-99,-99,121,141
2,MATCH,S15-3177,S15-3285,2,3,0.85,0.15,0.000802334,1,239,239,194,196,239,239,173,177,217,217,255,273,126,126,182,190,-99,-99,121,141
3,UNIQUE,S15-3185,S15-3185,1,3,0.85,0.15,0.000990373,,239,241,196,196,233,233,173,173,217,223,277,285,126,128,190,190,-99,-99,141,141
4,UNIQUE,S15-3186,S15-3186,2,3,0.85,0.15,0.000276864,,239,239,198,198,233,233,177,177,223,225,255,277,110,126,182,190,-99,-99,141,141
4,MATCH,S15-3186,S16-0070,2,3,0.85,0.15,0.000276864,0.95,239,239,198,198,233,233,177,177,223,225,255,277,110,126,182,190,194,194,141,141
5,UNIQUE,S15-3187,S15-3187,1,3,0.85,0.15,0.000157862,,239,241,194,200,241,241,173,173,217,217,267,267,126,128,194,194,190,194,121,121
6,UNIQUE,S15-3188,S15-3188,1,3,0.85,0.15,0.000308877,,239,241,194,196,233,239,177,177,217,219,261,273,122,126,190,190,186,186,141,141
7,UNIQUE,S15-3189,S15-3189,1,3,0.85,0.15,0.000234382,,239,241,194,196,233,233,177,177,217,219,263,273,110,126,190,190,182,182,121,141
8,UNIQUE,S15-3192,S15-3192,2,3,0.85,0.15,0.000233714,,239,241,196,196,229,237,177,177,217,219,261,273,126,134,190,198,174,174,121,121
8,MATCH,S15-3192,S15-3207,2,3,0.85,0.15,,0.9,239,241,196,196,229,237,177,177,217,219,261,273,126,134,190,198,182,186,121,121
9,UNIQUE,S15-3193,S15-3193,1,3,0.85,0.15,0.000898568,,239,241,196,198,229,237,177,177,219,219,261,273,126,134,182,194,-99,-99,121,141
10,UNIQUE,S15-3194,S15-3194,1,3,0.85,0.15,0.000221758,,239,241,196,198,233,237,173,177,217,219,261,261,128,134,182,190,182,186,121,141
11,UNIQUE,S15-3196,S15-3196,4,3,0.85,0.15,0.000287823,,239,241,196,196,229,233,177,177,217,223,261,261,128,128,182,190,164,186,121,141
11,MATCH,S15-3196,S16-0095,4,3,0.85,0.15,0.000287823,1,239,241,196,196,229,233,177,177,217,223,261,261,128,128,182,190,164,186,121,141
11,MATCH,S15-3196,S16-0099,4,3,0.85,0.15,0.000287823,1,239,241,196,196,229,233,177,177,217,223,261,261,128,128,182,190,164,186,121,141
11,MATCH,S15-3196,S15-3209,4,3,0.85,0.15,,0.95,239,241,196,196,229,233,177,177,217,223,261,261,128,128,182,190,164,164,121,141
12,UNIQUE,S15-3197,S15-3197,1,3,0.85,0.15,0.000248738,,239,239,196,200,229,229,177,177,217,219,261,261,126,128,190,198,186,186,121,121
13,UNIQUE,S15-3198,S15-3198,1,3,0.85,0.15,0.000325762,,239,239,196,196,229,233,173,177,217,217,261,267,126,134,190,202,186,194,121,121
14,UNIQUE,S15-3200,S15-3200,3,3,0.85,0.15,0.000260227,,239,239,196,198,229,233,177,177,219,219,261,263,128,128,190,194,182,186,121,141
14,MATCH,S15-3200,S16-0085,3,3,0.85,0.15,,0.95,239,239,196,198,229,233,177,177,219,219,261,263,126,128,190,194,182,186,121,141
14,MATCH,S15-3200,S16-0092,3,3,0.85,0.15,,0.95,239,239,196,198,229,233,177,177,219,219,261,263,126,128,190,194,182,186,121,141
15,UNIQUE,S15-3208,S15-3208,1,3,0.85,0.15,0.000276644,,239,241,194,196,233,233,173,173,217,235,263,267,126,134,190,194,170,170,121,141
16,UNIQUE,S15-3210,S15-3210,3,3,0.85,0.15,0.000250213,,239,241,196,198,229,229,173,173,215,223,261,277,126,126,182,194,190,190,141,141
16,MATCH,S15-3210,S15-3234,3,3,0.85,0.15,,0.95,239,241,196,198,229,229,173,173,215,223,261,277,126,126,182,194,190,194,141,141
16,MATCH,S15-3210,S16-0115,3,3,0.85,0.15,,0.95,239,241,196,198,229,229,173,173,215,223,261,277,126,126,182,194,190,194,141,141
17,UNIQUE,S15-3211,S15-3211,7,3,0.85,0.15,0.000204147,,239,241,196,196,231,241,177,177,217,223,261,285,126,130,182,194,190,190,121,141
17,MATCH,S15-3211,S15-3220,7,3,0.85,0.15,0.000602159,0.95,239,241,196,196,231,241,177,177,217,223,261,285,126,130,182,194,-99,-99,121,141
17,MATCH,S15-3211,S15-3227,7,3,0.85,0.15,0.000602159,0.95,239,241,196,196,231,241,177,177,217,223,261,285,126,130,182,194,-99,-99,121,141
17,MATCH,S15-3211,S16-0071,7,3,0.85,0.15,,0.95,239,241,196,196,231,241,177,177,217,223,261,285,126,130,182,194,190,194,121,141
17,MATCH,S15-3211,S16-0119,7,3,0.85,0.15,,0.95,239,241,196,196,231,241,177,177,217,223,261,285,126,130,182,194,190,194,121,141
17,MATCH,S15-3211,S16-0124,7,3,0.85,0.15,,0.95,239,241,196,196,231,241,177,177,217,223,261,285,126,130,182,194,190,194,121,141
17,MATCH,S15-3211,S15-3241,7,3,0.85,0.15,,0.9,239,241,196,196,231,241,177,177,217,223,261,285,130,130,182,194,-99,-99,121,141
18,UNIQUE,S15-3213,S15-3213,5,3,0.85,0.15,0.000427356,,239,241,194,196,231,239,173,177,223,223,273,285,126,130,182,190,-99,-99,121,121
18,MATCH,S15-3213,S15-3223,5,3,0.85,0.15,0.000427356,1,239,241,194,196,231,239,173,177,223,223,273,285,126,130,182,190,-99,-99,121,121
18,MATCH,S15-3213,S15-3228,5,3,0.85,0.15,0.000427356,1,239,241,194,196,231,239,173,177,223,223,273,285,126,130,182,190,-99,-99,121,121
18,MATCH,S15-3213,S15-3236,5,3,0.85,0.15,0.000427356,1,239,241,194,196,231,239,173,177,223,223,273,285,126,130,182,190,-99,-99,121,121
18,MATCH,S15-3213,S15-3291,5,3,0.85,0.15,0.000427356,0.95,239,241,194,196,231,239,173,177,223,223,273,285,126,130,182,190,190,194,121,121
19,UNIQUE,S15-3216,S15-3216,3,3,0.85,0.15,0.000125372,,239,241,196,196,237,237,181,181,223,239,273,285,128,130,190,190,164,164,141,141
19,MATCH,S15-3216,S15-3250,3,3,0.85,0.15,0.000125372,1,239,241,196,196,237,237,181,181,223,239,273,285,128,130,190,190,164,164,141,141
19,MATCH,S15-3216,S15-3245,3,3,0.85,0.15,,0.95,239,241,196,196,237,237,181,181,223,239,273,285,128,130,190,190,164,194,141,141
20,UNIQUE,S15-3218,S15-3218,1,3,0.85,0.15,0.000387286,,239,241,196,196,229,229,181,181,223,225,267,273,130,130,190,202,-99,-99,141,141
21,UNIQUE,S15-3219,S15-3219,1,3,0.85,0.15,0.000216265,,239,241,196,196,229,237,173,173,225,239,267,273,126,126,194,194,178,194,129,141
22,UNIQUE,S15-3225,S15-3225,3,3,0.85,0.15,0.00018489,,239,239,196,196,229,239,177,177,217,223,277,285,130,134,190,202,194,194,121,141
22,MATCH,S15-3225,S15-3226,3,3,0.85,0.15,0.000527674,0.95,239,239,196,196,229,239,177,177,217,223,277,285,130,134,190,202,-99,-99,121,141
22,MATCH,S15-3225,S16-0123,3,3,0.85,0.15,,0.9,239,239,196,196,229,239,177,177,217,223,277,277,130,134,190,202,194,198,121,141
23,UNIQUE,S15-3231,S15-3231,1,3,0.85,0.15,0.000296079,,241,241,194,198,229,229,177,177,217,217,263,273,126,130,190,194,194,194,121,141
24,UNIQUE,S15-3235,S15-3235,3,3,0.85,0.15,0.000138065,,239,241,194,196,231,231,173,173,217,239,273,285,134,138,190,190,182,198,141,141
24,MATCH,S15-3235,S15-3237,3,3,0.85,0.15,0.000138065,1,239,241,194,196,231,231,173,173,217,239,273,285,134,138,190,190,182,198,141,141
24,MATCH,S15-3235,S15-3249,3,3,0.85,0.15,,0.9,239,241,194,196,231,231,173,173,217,239,273,285,138,138,190,190,-99,-99,141,141
25,UNIQUE,S15-3239,S15-3239,2,3,0.85,0.15,0.000159861,,239,241,196,198,229,229,173,173,215,217,273,285,126,134,182,194,194,198,121,129
25,MATCH,S15-3239,S15-3240,2,3,0.85,0.15,0.000159861,1,239,241,196,198,229,229,173,173,215,217,273,285,126,134,182,194,194,198,121,129
26,UNIQUE,S15-3243,S15-3243,1,3,0.85,0.15,8.80E-05,,241,241,198,198,229,229,177,179,219,235,273,273,130,134,190,190,170,186,129,141
27,UNIQUE,S15-3246,S15-3246,2,3,0.85,0.15,0.000205751,,239,241,196,198,229,233,173,173,217,223,261,277,128,128,190,202,194,194,121,141
27,MATCH,S15-3246,S16-0077,2,3,0.85,0.15,0.000205751,1,239,241,196,198,229,233,173,173,217,223,261,277,128,128,190,202,194,194,121,141
28,UNIQUE,S15-3251,S15-3251,1,3,0.85,0.15,0.000124026,,239,241,196,198,231,231,173,185,217,223,273,277,130,134,182,194,170,194,121,141
29,UNIQUE,S15-3253,S15-3253,1,3,0.85,0.15,0.000480799,,239,241,198,198,229,229,179,179,217,219,255,277,126,130,190,194,-99,-99,141,141
30,UNIQUE,S15-3254,S15-3254,3,3,0.85,0.15,0.000195991,,239,239,196,196,229,233,173,181,217,225,267,267,126,130,182,190,186,194,129,141
30,MATCH,S15-3254,S16-0129,3,3,0.85,0.15,0.000195991,1,239,239,196,196,229,233,173,181,217,225,267,267,126,130,182,190,186,194,129,141
30,MATCH,S15-3254,S16-0133,3,3,0.85,0.15,0.000195991,1,239,239,196,196,229,233,173,181,217,225,267,267,126,130,182,190,186,194,129,141
31,UNIQUE,S15-3256,S15-3256,2,3,0.85,0.15,0.000423616,,239,239,196,198,229,233,177,177,217,217,273,273,126,130,190,190,186,190,121,141
31,MATCH,S15-3256,S15-3265,2,3,0.85,0.15,0.000423616,1,239,239,196,198,229,233,177,177,217,217,273,273,126,130,190,190,186,190,121,141
32,UNIQUE,S15-3258,S15-3258,1,3,0.85,0.15,0.00035308,,241,241,196,198,227,227,177,181,217,219,255,285,128,128,194,194,-99,-99,141,141
33,UNIQUE,S15-3259,S15-3259,1,3,0.85,0.15,0.000277158,,239,241,194,196,233,237,173,173,217,217,255,267,122,126,182,190,190,194,121,141
34,UNIQUE,S15-3260,S15-3260,1,3,0.85,0.15,0.000703497,,239,241,196,196,229,229,173,181,219,219,255,263,122,134,190,190,-99,-99,141,141
35,UNIQUE,S15-3261,S15-3261,2,3,0.85,0.15,0.00056612,,241,241,196,200,229,229,173,173,217,217,261,267,110,126,190,194,-99,-99,129,141
35,MATCH,S15-3261,S15-3262,2,3,0.85,0.15,0.00056612,1,241,241,196,200,229,229,173,173,217,217,261,267,110,126,190,194,-99,-99,129,141
36,UNIQUE,S15-3263,S15-3263,2,3,0.85,0.15,0.000283339,,241,241,196,198,237,237,173,177,217,219,263,273,126,130,194,194,194,194,141,141
36,MATCH,S15-3263,S16-0082,2,3,0.85,0.15,0.000283339,1,241,241,196,198,237,237,173,177,217,219,263,273,126,130,194,194,194,194,141,141
37,UNIQUE,S15-3275,S15-3275,1,3,0.85,0.15,0.000619715,,239,239,194,200,229,229,177,181,217,217,261,273,126,126,182,194,-99,-99,121,121
38,UNIQUE,S15-3277,S15-3277,4,3,0.85,0.15,0.000518445,,241,241,194,196,229,237,173,173,223,225,277,285,128,138,190,194,-99,-99,121,141
38,MATCH,S15-3277,S16-0125,4,3,0.85,0.15,0.000518445,0.95,241,241,194,196,229,237,173,173,223,225,277,285,128,138,190,194,194,194,121,141
38,MATCH,S15-3277,S16-0138,4,3,0.85,0.15,0.000518445,0.95,241,241,194,196,229,237,173,173,223,225,277,285,128,138,190,194,194,194,121,141
38,MATCH,S15-3277,S16-0130,4,3,0.85,0.15,,0.9,241,241,194,196,229,237,173,173,223,225,285,285,128,138,190,194,194,194,121,141
39,UNIQUE,S15-3279,S15-3279,5,3,0.85,0.15,0.000391603,,241,241,196,196,233,235,173,177,215,225,277,285,130,130,190,190,-99,-99,121,141
39,MATCH,S15-3279,S16-0137,5,3,0.85,0.15,0.000391603,0.95,241,241,196,196,233,235,173,177,215,225,277,285,130,130,190,190,170,186,121,141
39,MATCH,S15-3279,S16-0142,5,3,0.85,0.15,0.000391603,0.95,241,241,196,196,233,235,173,177,215,225,277,285,130,130,190,190,170,186,121,141
39,MATCH,S15-3279,S16-0149,5,3,0.85,0.15,0.000391603,0.95,241,241,196,196,233,235,173,177,215,225,277,285,130,130,190,190,170,186,121,141
39,MATCH,S15-3279,S16-0135,5,3,0.85,0.15,,0.9,241,241,196,196,233,235,173,177,215,215,277,285,130,130,190,190,170,186,121,141
40,UNIQUE,S16-0069,S16-0069,1,3,0.85,0.15,0.000150404,,239,239,196,196,231,231,177,177,217,223,273,277,130,134,190,190,170,194,121,129
41,UNIQUE,S16-0079,S16-0079,2,3,0.85,0.15,0.000109778,,239,241,194,194,239,241,173,177,215,223,261,285,126,130,182,194,190,194,121,141
41,MATCH,S16-0079,S16-0126,2,3,0.85,0.15,0.000109778,1,239,241,194,194,239,241,173,177,215,223,261,285,126,130,182,194,190,194,121,141
42,UNIQUE,S16-0081,S16-0081,4,3,0.85,0.15,0.000423816,,239,241,196,198,229,233,173,177,217,217,261,273,126,130,190,190,190,194,141,141
42,MATCH,S16-0081,S16-0084,4,3,0.85,0.15,,0.95,239,241,196,198,229,233,173,177,217,219,261,273,126,130,190,190,190,194,141,141
42,MATCH,S16-0081,S16-0093,4,3,0.85,0.15,,0.95,239,241,196,198,229,233,173,177,217,219,261,273,126,130,190,190,190,194,141,141
42,MATCH,S16-0081,S16-0104,4,3,0.85,0.15,,0.95,239,241,196,198,229,233,173,177,217,219,261,273,126,130,190,190,190,194,141,141
43,UNIQUE,S16-0088,S16-0088,1,3,0.85,0.15,0.000118014,,239,239,196,200,229,229,173,177,217,223,261,273,122,126,198,198,182,198,121,121
44,UNIQUE,S16-0094,S16-0094,1,3,0.85,0.15,0.000188138,,239,239,194,198,229,231,-99,-99,221,223,261,263,122,128,182,190,186,194,121,121
45,CHECK_UNIQUE,S16-0096,S16-0096,2,3,0.85,0.15,0.000304322,,241,241,196,196,227,227,177,177,217,227,-99,-99,130,134,182,182,194,194,141,141
45,MULTIPLE_MATCH,S16-0096,S16-0112,2,3,0.85,0.15,,0.85,241,241,196,196,227,227,177,181,217,227,273,285,130,134,182,194,194,194,141,141
46,CHECK_UNIQUE,S16-0100,S16-0100,2,3,0.85,0.15,0.000130717,,241,241,196,196,227,227,177,181,217,217,261,261,130,134,182,194,194,194,141,141
46,MULTIPLE_MATCH,S16-0100,S16-0112,2,3,0.85,0.15,,0.85,241,241,196,196,227,227,177,181,217,227,273,285,130,134,182,194,194,194,141,141
47,UNIQUE,S16-0101,S16-0101,1,3,0.85,0.15,0.000112532,,239,241,194,198,233,233,175,181,215,219,261,277,126,130,190,194,186,198,141,141
48,UNIQUE,S16-0102,S16-0102,1,3,0.85,0.15,0.000162218,,239,239,198,198,227,227,173,177,217,217,267,267,126,134,190,190,186,186,121,121
49,UNIQUE,S16-0114,S16-0114,1,3,0.85,0.15,0.000884972,,239,241,194,196,229,231,-99,-99,217,219,267,267,126,126,182,194,190,194,121,141
50,UNIQUE,S16-0118,S16-0118,1,3,0.85,0.15,0.000134887,,239,241,194,196,237,239,177,177,223,239,273,273,126,134,182,202,190,194,121,141
51,UNIQUE,S16-0121,S16-0121,1,3,0.85,0.15,5.43E-05,,241,241,198,202,229,229,173,173,223,239,261,261,126,130,182,194,186,194,129,129
52,UNIQUE,S16-0128,S16-0128,1,3,0.85,0.15,0.000165053,,239,241,194,196,235,235,173,173,225,239,277,285,126,130,190,190,186,186,121,141
53,UNIQUE,S16-0131,S16-0131,3,3,0.85,0.15,0.00019243,,239,241,194,196,233,237,173,173,219,223,261,277,126,128,194,202,190,194,121,121
53,MATCH,S16-0131,S16-0132,3,3,0.85,0.15,0.00019243,1,239,241,194,196,233,237,173,173,219,223,261,277,126,128,194,202,190,194,121,121
53,MATCH,S16-0131,S16-0136,3,3,0.85,0.15,,0.9,239,241,194,196,233,237,173,173,219,223,277,277,126,128,194,202,190,194,121,141
54,UNIQUE,S16-0141,S16-0141,1,3,0.85,0.15,5.54E-05,,241,241,200,200,231,231,173,173,223,225,261,267,134,138,182,194,170,194,121,141
55,UNIQUE,S16-0143,S16-0143,1,3,0.85,0.15,0.000201345,,239,239,194,196,233,233,173,173,223,223,273,285,126,130,194,194,170,194,121,121
56,UNIQUE,S16-0145,S16-0145,2,3,0.85,0.15,0.000172593,,239,239,196,196,237,237,173,177,217,239,273,277,134,138,182,202,186,194,121,141
56,MATCH,S16-0145,S16-0656,2,3,0.85,0.15,,0.95,239,239,196,196,237,237,173,177,217,239,273,277,134,138,182,202,194,194,121,141
57,UNIQUE,S16-0151,S16-0151,1,3,0.85,0.15,0.000235596,,239,239,194,194,229,233,173,177,225,235,267,273,126,134,190,194,190,190,121,141
58,UNIQUE,S16-0152,S16-0152,1,3,0.85,0.15,0.000149815,,239,239,196,196,233,233,173,173,217,217,261,285,130,134,198,202,170,198,141,141
59,UNIQUE,S16-0154,S16-0154,1,3,0.85,0.15,0.000139525,,239,241,194,198,233,233,173,177,217,239,255,277,128,128,182,190,194,198,141,141
60,UNIQUE,S16-0155,S16-0155,4,3,0.85,0.15,0.000149845,,239,239,196,200,233,233,173,177,215,217,255,285,122,130,190,190,170,186,141,141
60,MATCH,S16-0155,S16-0166,4,3,0.85,0.15,,0.95,239,239,196,200,233,233,173,177,215,217,255,285,122,130,190,190,170,170,141,141
60,MATCH,S16-0155,S16-0171,4,3,0.85,0.15,0.000410179,0.95,239,239,196,200,233,233,173,177,215,217,255,285,122,130,190,190,-99,-99,141,141
60,MATCH,S16-0155,S16-0172,4,3,0.85,0.15,,0.95,239,239,196,200,233,233,173,177,215,217,255,285,122,130,190,190,170,170,141,141
61,UNIQUE,S16-0156,S16-0156,1,3,0.85,0.15,0.000334842,,239,241,194,196,229,229,173,181,217,217,267,277,126,134,182,194,190,190,121,141
62,UNIQUE,S16-0157,S16-0157,1,3,0.85,0.15,0.000170485,,239,241,194,196,231,233,173,181,217,217,263,267,126,128,194,198,190,190,121,121
63,UNIQUE,S16-0158,S16-0158,1,3,0.85,0.15,0.000219024,,239,241,194,196,231,233,179,181,217,219,255,267,126,128,190,194,190,194,121,141
64,UNIQUE,S16-0161,S16-0161,3,3,0.85,0.15,0.00031342,,239,241,196,196,229,231,177,181,219,219,267,273,126,138,190,190,190,190,121,141
64,MATCH,S16-0161,S16-0162,3,3,0.85,0.15,0.00031342,1,239,241,196,196,229,231,177,181,219,219,267,273,126,138,190,190,190,190,121,141
64,MATCH,S16-0161,S16-0170,3,3,0.85,0.15,0.000924477,0.95,239,241,196,196,229,231,177,181,219,219,267,273,126,138,190,190,-99,-99,121,141
65,UNIQUE,S16-0165,S16-0165,1,3,0.85,0.15,0.000241653,,239,239,194,196,229,229,177,181,215,217,255,277,126,126,194,194,190,190,121,121
66,UNIQUE,S16-0169,S16-0169,1,3,0.85,0.15,0.000137107,,239,241,196,200,229,237,177,177,225,225,273,273,130,134,190,198,194,194,121,141
67,UNIQUE,S16-0173,S16-0173,1,3,0.85,0.15,0.000532032,,239,239,196,198,233,233,173,173,217,225,267,285,128,128,190,194,-99,-99,121,121
68,UNIQUE,S16-0174,S16-0174,1,3,0.85,0.15,0.000416165,,239,241,194,202,233,233,173,173,219,223,263,267,130,130,190,194,-99,-99,121,141
69,UNIQUE,S16-0175,S16-0175,1,3,0.85,0.15,0.000482022,,239,239,196,196,229,233,173,173,217,219,263,285,126,134,190,194,186,186,121,141
70,UNIQUE,S16-0176,S16-0176,3,3,0.85,0.15,0.000149721,,239,241,194,196,229,229,181,181,217,225,273,273,110,126,190,194,190,194,121,129
70,MATCH,S16-0176,S16-0177,3,3,0.85,0.15,0.000425076,0.95,239,241,194,196,229,229,181,181,217,225,273,273,110,126,190,194,-99,-99,121,129
70,MATCH,S16-0176,S16-0200,3,3,0.85,0.15,0.000425076,0.95,239,241,194,196,229,229,181,181,217,225,273,273,110,126,190,194,-99,-99,121,129
71,UNIQUE,S16-0179,S16-0179,2,3,0.85,0.15,0.000772502,,239,239,194,194,237,237,177,177,219,219,267,273,126,126,194,194,-99,-99,121,121
71,MATCH,S16-0179,S16-0185,2,3,0.85,0.15,0.000772502,1,239,239,194,194,237,237,177,177,219,219,267,273,126,126,194,194,-99,-99,121,121
72,UNIQUE,S16-0180,S16-0180,1,3,0.85,0.15,0.000624125,,239,239,194,194,237,237,173,173,217,223,267,273,134,134,190,194,-99,-99,141,141
73,UNIQUE,S16-0183,S16-0183,3,3,0.85,0.15,0.000368494,,239,239,196,198,229,229,175,181,217,239,267,267,110,126,194,202,-99,-99,141,141
73,MATCH,S16-0183,S16-0205,3,3,0.85,0.15,0.000368494,1,239,239,196,198,229,229,175,181,217,239,267,267,110,126,194,202,-99,-99,141,141
73,MATCH,S16-0183,S16-0209,3,3,0.85,0.15,0.000368494,1,239,239,196,198,229,229,175,181,217,239,267,267,110,126,194,202,-99,-99,141,141
74,UNIQUE,S16-0186,S16-0186,2,3,0.85,0.15,0.00097766,,239,241,194,196,229,229,173,173,223,225,263,273,126,128,190,194,-99,-99,121,141
74,MATCH,S16-0186,S16-0192,2,3,0.85,0.15,,0.95,239,241,194,196,229,229,173,173,225,225,263,273,126,128,190,194,-99,-99,121,141
75,UNIQUE,S16-0188,S16-0188,1,3,0.85,0.15,0.000604359,,241,241,196,196,229,229,177,177,223,225,267,267,110,128,190,190,-99,-99,121,141
76,UNIQUE,S16-0193,S16-0193,1,3,0.85,0.15,0.000800938,,239,239,196,198,233,233,177,181,217,219,255,285,126,126,190,194,-99,-99,121,141
77,UNIQUE,S16-0194,S16-0194,1,3,0.85,0.15,0.000821804,,241,241,196,198,229,233,173,175,217,219,267,285,126,126,194,194,-99,-99,121,141
78,UNIQUE,S16-0201,S16-0201,1,3,0.85,0.15,0.000606483,,239,241,194,198,229,237,177,181,223,223,261,267,126,126,190,194,-99,-99,141,141
79,UNIQUE,S16-0202,S16-0202,1,3,0.85,0.15,7.07E-05,,239,239,194,200,241,241,177,181,217,223,255,255,126,134,190,198,190,190,121,141
80,UNIQUE,S16-0206,S16-0206,1,3,0.85,0.15,0.000728161,,241,241,194,194,229,237,173,177,217,219,261,263,110,126,190,194,-99,-99,121,141
81,UNIQUE,S16-0213,S16-0213,1,3,0.85,0.15,0.00071079,,239,239,194,196,233,233,173,175,217,217,277,277,126,126,194,198,-99,-99,141,141
82,UNIQUE,S16-0214,S16-0214,1,3,0.85,0.15,0.000711014,,239,241,196,196,229,229,179,179,217,219,277,277,126,128,190,198,-99,-99,121,141
83,UNIQUE,S16-0216,S16-0216,1,3,0.85,0.15,0.000437788,,239,239,196,198,229,229,181,181,217,223,273,273,126,134,190,198,-99,-99,121,121
84,UNIQUE,S16-0217,S16-0217,1,3,0.85,0.15,0.000193722,,239,239,194,196,229,233,179,181,223,225,263,273,126,126,194,194,186,186,121,141
85,UNIQUE,S16-0223,S16-0223,1,3,0.85,0.15,0.000917594,,239,239,196,200,229,229,173,173,217,223,261,273,126,130,194,194,-99,-99,121,141
86,UNIQUE,S16-0224,S16-0224,4,3,0.85,0.15,0.000436711,,239,241,196,198,231,231,177,177,219,225,255,269,126,134,190,190,-99,-99,141,141
86,MATCH,S16-0224,S16-0231,4,3,0.85,0.15,0.000436711,1,239,241,196,198,231,231,177,177,219,225,255,269,126,134,190,190,-99,-99,141,141
86,MATCH,S16-0224,S16-0232,4,3,0.85,0.15,0.000436711,1,239,241,196,198,231,231,177,177,219,225,255,269,126,134,190,190,-99,-99,141,141
86,MATCH,S16-0224,S16-0225,4,3,0.85,0.15,,0.95,241,241,196,198,231,231,177,177,219,225,255,269,126,134,190,190,-99,-99,141,141
87,UNIQUE,S16-0227,S16-0227,6,3,0.85,0.15,0.000139125,,241,241,194,200,233,233,181,181,217,227,261,261,128,134,194,194,-99,-99,129,141
87,MATCH,S16-0227,S16-0233,6,3,0.85,0.15,0.000139125,1,241,241,194,200,233,233,181,181,217,227,261,261,128,134,194,194,-99,-99,129,141
87,MATCH,S16-0227,S16-0239,6,3,0.85,0.15,0.000139125,1,241,241,194,200,233,233,181,181,217,227,261,261,128,134,194,194,-99,-99,129,141
87,MATCH,S16-0227,S16-0241,6,3,0.85,0.15,0.000139125,1,241,241,194,200,233,233,181,181,217,227,261,261,128,134,194,194,-99,-99,129,141
87,MATCH,S16-0227,S16-0246,6,3,0.85,0.15,0.000139125,1,241,241,194,200,233,233,181,181,217,227,261,261,128,134,194,194,-99,-99,129,141
87,MATCH,S16-0227,S16-0238,6,3,0.85,0.15,0.000139125,0.95,241,241,194,200,233,233,181,181,217,227,261,261,128,134,194,194,186,186,129,141
88,UNIQUE,S16-0228,S16-0228,2,3,0.85,0.15,0.000217408,,241,241,194,194,231,231,173,181,215,219,267,267,134,134,194,194,-99,-99,121,121
88,MATCH,S16-0228,S16-0240,2,3,0.85,0.15,0.000217408,1,241,241,194,194,231,231,173,181,215,219,267,267,134,134,194,194,-99,-99,121,121
89,UNIQUE,S16-0229,S16-0229,2,3,0.85,0.15,0.000363216,,239,241,194,198,233,235,173,181,219,239,261,285,126,134,194,194,-99,-99,121,141
89,MATCH,S16-0229,S16-0230,2,3,0.85,0.15,0.000363216,1,239,241,194,198,233,235,173,181,219,239,261,285,126,134,194,194,-99,-99,121,141
90,UNIQUE,S16-0235,S16-0235,3,3,0.85,0.15,6.23E-05,,241,241,196,200,231,231,173,181,219,239,269,273,128,130,194,194,198,198,121,121
90,MATCH,S16-0235,S16-0236,3,3,0.85,0.15,6.23E-05,1,241,241,196,200,231,231,173,181,219,239,269,273,128,130,194,194,198,198,121,121
90,MATCH,S16-0235,S16-0237,3,3,0.85,0.15,6.23E-05,1,241,241,196,200,231,231,173,181,219,239,269,273,128,130,194,194,198,198,121,121
91,UNIQUE,S16-0250,S16-0250,3,3,0.85,0.15,9.02E-05,,239,241,198,198,229,239,173,173,215,219,255,255,126,134,194,194,190,190,129,141
91,MATCH,S16-0250,S16-0252,3,3,0.85,0.15,0.000266067,0.95,239,241,198,198,229,239,173,173,215,219,255,255,126,134,194,194,-99,-99,129,141
91,MATCH,S16-0250,S16-0251,3,3,0.85,0.15,,0.85,239,241,198,198,229,229,171,173,215,219,255,255,126,134,194,194,-99,-99,129,141
92,UNIQUE,S16-0256,S16-0256,11,3,0.85,0.15,0.000920275,,239,241,196,196,229,229,177,181,217,225,273,273,126,134,182,190,-99,-99,121,141
92,MATCH,S16-0256,S16-0273,11,3,0.85,0.15,,0.85,241,241,196,196,229,229,177,181,217,217,273,273,126,134,182,190,170,194,121,141
92,MATCH,S16-0256,S16-0274,11,3,0.85,0.15,,0.85,241,241,196,196,229,229,177,181,217,217,273,273,126,134,182,190,170,194,121,141
92,MATCH,S16-0256,S16-0277,11,3,0.85,0.15,,0.85,241,241,196,196,229,229,177,181,217,217,273,273,126,134,182,190,170,194,121,141
92,MATCH,S16-0256,S16-0294,11,3,0.85,0.15,,0.85,241,241,196,196,229,229,177,181,217,217,273,273,126,134,182,190,170,170,121,141
92,MATCH,S16-0256,S16-0298,11,3,0.85,0.15,,0.85,241,241,196,196,229,229,177,181,217,217,273,273,126,134,182,190,170,194,121,141
92,MATCH,S16-0256,S16-0299,11,3,0.85,0.15,,0.85,241,241,196,196,229,229,177,181,217,217,273,273,126,134,182,190,170,194,121,141
92,MATCH,S16-0256,S16-0300,11,3,0.85,0.15,,0.85,241,241,196,196,229,229,177,181,217,217,273,273,126,134,182,190,170,194,121,141
92,MATCH,S16-0256,S16-0324,11,3,0.85,0.15,,0.85,241,241,196,196,229,229,177,181,217,217,273,273,126,134,182,190,170,170,121,141
92,MATCH,S16-0256,S16-0330,11,3,0.85,0.15,,0.85,241,241,196,196,229,229,177,181,217,217,273,273,126,134,182,190,170,194,121,141
92,MATCH,S16-0256,S16-0338,11,3,0.85,0.15,,0.85,241,241,196,196,229,229,177,181,217,217,273,273,126,134,182,190,170,194,121,141
93,UNIQUE,S16-0261,S16-0261,3,3,0.85,0.15,0.000236416,,239,239,194,196,233,233,173,173,215,219,261,267,126,130,182,190,186,186,141,141
93,MATCH,S16-0261,S16-0297,3,3,0.85,0.15,0.000236416,1,239,239,194,196,233,233,173,173,215,219,261,267,126,130,182,190,186,186,141,141
93,MATCH,S16-0261,S16-0337,3,3,0.85,0.15,0.000236416,1,239,239,194,196,233,233,173,173,215,219,261,267,126,130,182,190,186,186,141,141
94,UNIQUE,S16-0267,S16-0267,14,3,0.85,0.15,0.000314736,,241,241,194,194,229,229,177,177,217,219,263,285,126,126,190,190,170,170,121,141
94,MATCH,S16-0267,S16-0268,14,3,0.85,0.15,0.000314736,1,241,241,194,194,229,229,177,177,217,219,263,285,126,126,190,190,170,170,121,141
94,MATCH,S16-0267,S16-0271,14,3,0.85,0.15,0.000314736,1,241,241,194,194,229,229,177,177,217,219,263,285,126,126,190,190,170,170,121,141
94,MATCH,S16-0267,S16-0272,14,3,0.85,0.15,0.000314736,1,241,241,194,194,229,229,177,177,217,219,263,285,126,126,190,190,170,170,121,141
94,MATCH,S16-0267,S16-0276,14,3,0.85,0.15,0.000314736,1,241,241,194,194,229,229,177,177,217,219,263,285,126,126,190,190,170,170,121,141
94,MATCH,S16-0267,S16-0279,14,3,0.85,0.15,0.000314736,1,241,241,194,194,229,229,177,177,217,219,263,285,126,126,190,190,170,170,121,141
94,MATCH,S16-0267,S16-0280,14,3,0.85,0.15,0.000314736,1,241,241,194,194,229,229,177,177,217,219,263,285,126,126,190,190,170,170,121,141
94,MATCH,S16-0267,S16-0286,14,3,0.85,0.15,0.000314736,1,241,241,194,194,229,229,177,177,217,219,263,285,126,126,190,190,170,170,121,141
94,MATCH,S16-0267,S16-0305,14,3,0.85,0.15,0.000314736,1,241,241,194,194,229,229,177,177,217,219,263,285,126,126,190,190,170,170,121,141
94,MATCH,S16-0267,S16-0307,14,3,0.85,0.15,0.000314736,1,241,241,194,194,229,229,177,177,217,219,263,285,126,126,190,190,170,170,121,141
94,MATCH,S16-0267,S16-0325,14,3,0.85,0.15,0.000314736,1,241,241,194,194,229,229,177,177,217,219,263,285,126,126,190,190,170,170,121,141
94,MATCH,S16-0267,S16-0332,14,3,0.85,0.15,0.000314736,1,241,241,194,194,229,229,177,177,217,219,263,285,126,126,190,190,170,170,121,141
94,MATCH,S16-0267,S16-0284,14,3,0.85,0.15,,0.95,241,241,194,194,229,229,177,177,217,219,263,285,126,126,190,190,170,174,121,141
94,MATCH,S16-0267,S16-0275,14,3,0.85,0.15,,0.9,241,241,194,194,229,229,177,177,217,217,263,263,126,126,190,190,170,170,121,141
95,UNIQUE,S16-0269,S16-0269,6,3,0.85,0.15,0.000479653,,239,241,194,196,229,237,173,177,217,219,267,281,126,128,190,194,190,194,121,141
95,MATCH,S16-0269,S16-0281,6,3,0.85,0.15,0.000479653,1,239,241,194,196,229,237,173,177,217,219,267,281,126,128,190,194,190,194,121,141
95,MATCH,S16-0269,S16-0287,6,3,0.85,0.15,0.000479653,1,239,241,194,196,229,237,173,177,217,219,267,281,126,128,190,194,190,194,121,141
95,MATCH,S16-0269,S16-0278,6,3,0.85,0.15,,0.95,239,241,194,196,229,237,173,177,217,219,267,281,126,128,190,194,190,190,121,141
95,MATCH,S16-0269,S16-0288,6,3,0.85,0.15,,0.95,239,241,194,196,229,237,173,177,217,219,267,267,126,128,190,194,190,194,121,141
95,MATCH,S16-0269,S16-0304,6,3,0.85,0.15,,0.85,241,241,-99,-99,229,237,173,177,217,219,267,281,126,128,190,190,190,194,121,141
96,UNIQUE,S16-0270,S16-0270,2,3,0.85,0.15,0.000361118,,239,239,196,198,229,229,173,173,217,217,261,273,126,128,190,198,170,194,141,141
96,MATCH,S16-0270,S16-0326,2,3,0.85,0.15,0.000361118,1,239,239,196,198,229,229,173,173,217,217,261,273,126,128,190,198,170,194,141,141
97,UNIQUE,S16-0283,S16-0283,4,3,0.85,0.15,0.000158719,,239,239,196,196,237,237,177,181,217,221,263,267,130,130,182,190,194,194,141,141
97,MATCH,S16-0283,S16-0285,4,3,0.85,0.15,0.000158719,1,239,239,196,196,237,237,177,181,217,221,263,267,130,130,182,190,194,194,141,141
97,MATCH,S16-0283,S16-0306,4,3,0.85,0.15,0.000158719,1,239,239,196,196,237,237,177,181,217,221,263,267,130,130,182,190,194,194,141,141
97,MATCH,S16-0283,S16-0340,4,3,0.85,0.15,0.000158719,1,239,239,196,196,237,237,177,181,217,221,263,267,130,130,182,190,194,194,141,141
98,UNIQUE,S16-0289,S16-0289,2,3,0.85,0.15,0.000529781,,241,241,194,194,229,237,-99,-99,217,217,263,267,126,138,190,194,170,170,121,141
98,MATCH,S16-0289,S16-0328,2,3,0.85,0.15,0.000529781,1,241,241,194,194,229,237,-99,-99,217,217,263,267,126,138,190,194,170,170,121,141
99,UNIQUE,S16-0301,S16-0301,4,3,0.85,0.15,0.000187967,,239,239,196,198,231,231,177,177,217,219,263,273,122,134,190,194,194,198,121,141
99,MATCH,S16-0301,S16-0308,4,3,0.85,0.15,0.000187967,1,239,239,196,198,231,231,177,177,217,219,263,273,122,134,190,194,194,198,121,141
99,MATCH,S16-0301,S16-0329,4,3,0.85,0.15,0.000187967,1,239,239,196,198,231,231,177,177,217,219,263,273,122,134,190,194,194,198,121,141
99,MATCH,S16-0301,S16-0341,4,3,0.85,0.15,0.000187967,1,239,239,196,198,231,231,177,177,217,219,263,273,122,134,190,194,194,198,121,141
100,UNIQUE,S16-0313,S16-0313,1,3,0.85,0.15,0.000354033,,241,241,194,198,229,229,173,177,217,217,267,285,126,126,190,190,170,194,141,141
101,UNIQUE,S16-0333,S16-0333,1,3,0.85,0.15,0.000231856,,239,239,194,196,235,235,177,181,217,219,261,273,122,126,190,194,170,194,121,141
102,UNIQUE,S16-0342,S16-0342,1,3,0.85,0.15,0.00019797,,239,241,196,196,231,237,177,179,217,219,273,285,126,130,182,198,170,186,121,141
103,UNIQUE,S16-0346,S16-0346,1,3,0.85,0.15,0.000114104,,241,241,196,196,229,231,179,179,223,225,273,273,126,130,190,198,186,186,141,141
104,UNIQUE,S16-0350,S16-0350,1,3,0.85,0.15,0.000530466,,241,241,194,196,233,237,-99,-99,217,235,255,267,126,126,194,194,164,186,141,141
105,UNIQUE,S16-0352,S16-0352,1,3,0.85,0.15,0.000125037,,239,241,194,202,231,231,177,177,219,223,269,273,128,130,190,194,194,194,121,141
106,UNIQUE,S16-0353,S16-0353,1,3,0.85,0.15,0.000228939,,239,239,194,196,237,237,177,177,217,223,285,285,126,134,190,190,186,186,121,121
107,UNIQUE,S16-0358,S16-0358,1,3,0.85,0.15,0.000271294,,239,241,194,196,237,239,173,173,217,219,267,273,128,134,194,194,164,164,121,141
108,UNIQUE,S16-0359,S16-0359,2,3,0.85,0.15,0.000733769,,239,239,196,196,237,237,-99,-99,217,217,267,273,128,128,194,194,164,164,121,141
108,MATCH,S16-0359,S16-0361,2,3,0.85,0.15,0.000733769,0.95,239,239,196,196,237,237,171,171,217,217,267,273,128,128,194,194,164,164,121,141
109,UNIQUE,S16-0360,S16-0360,1,3,0.85,0.15,0.00096281,,239,241,194,196,229,229,-99,-99,217,219,277,277,126,128,194,194,164,164,121,141
110,UNIQUE,S16-0362,S16-0362,2,3,0.85,0.15,0.000433151,,241,241,194,194,237,237,171,177,217,223,261,273,126,126,182,194,-99,-99,141,141
110,MATCH,S16-0362,S16-0375,2,3,0.85,0.15,,0.85,241,241,194,194,237,237,177,177,217,223,261,273,126,134,182,194,164,164,141,141
111,UNIQUE,S16-0365,S16-0365,2,3,0.85,0.15,0.000440927,,239,239,194,200,229,229,173,175,219,223,273,285,128,138,190,190,-99,-99,121,141
111,MATCH,S16-0365,S16-0378,2,3,0.85,0.15,0.000440927,1,239,239,194,200,229,229,173,175,219,223,273,285,128,138,190,190,-99,-99,121,141
112,UNIQUE,S16-0367,S16-0367,1,3,0.85,0.15,0.000220309,,239,241,196,198,229,229,173,173,217,221,261,263,122,126,182,194,170,170,121,141
113,UNIQUE,S16-0374,S16-0374,3,3,0.85,0.15,0.000369988,,241,241,194,198,237,237,173,177,217,219,255,285,128,128,182,182,-99,-99,121,141
113,MATCH,S16-0374,S16-0389,3,3,0.85,0.15,0.000369988,0.95,241,241,194,198,237,237,173,177,217,219,255,285,128,128,182,182,190,194,121,141
113,MATCH,S16-0374,S16-0390,3,3,0.85,0.15,0.000369988,0.95,241,241,194,198,237,237,173,177,217,219,255,285,128,128,182,182,190,194,121,141
114,UNIQUE,S16-0377,S16-0377,2,3,0.85,0.15,0.000276235,,239,241,196,196,235,241,173,173,217,219,263,273,126,134,194,194,164,164,141,141
114,MATCH,S16-0377,S16-0428,2,3,0.85,0.15,,0.9,239,239,196,196,235,241,173,173,217,219,263,263,126,134,194,194,164,164,141,141
115,UNIQUE,S16-0381,S16-0381,4,3,0.85,0.15,0.001247501,,239,241,196,196,229,237,173,181,219,219,263,267,126,126,190,194,-99,-99,141,141
115,MATCH,S16-0381,S16-0401,4,3,0.85,0.15,,0.95,241,241,196,196,229,237,173,181,219,219,263,267,126,126,190,194,-99,-99,141,141
115,MATCH,S16-0381,S16-0393,4,3,0.85,0.15,,0.9,241,241,196,196,229,237,173,181,219,219,263,267,126,126,190,194,198,198,141,141
115,MATCH,S16-0381,S16-0447,4,3,0.85,0.15,,0.9,241,241,196,196,229,237,173,181,219,219,263,267,126,126,190,194,194,198,141,141
116,UNIQUE,S16-0382,S16-0382,1,3,0.85,0.15,0.000248772,,239,239,194,196,229,229,173,177,219,235,267,277,122,122,190,194,164,164,121,141
117,UNIQUE,S16-0383,S16-0383,5,3,0.85,0.15,0.000160083,,239,239,196,196,229,235,177,179,219,235,261,267,122,126,182,194,164,164,121,141
117,MATCH,S16-0383,S16-0386,5,3,0.85,0.15,0.000160083,1,239,239,196,196,229,235,177,179,219,235,261,267,122,126,182,194,164,164,121,141
117,MATCH,S16-0383,S16-0394,5,3,0.85,0.15,0.000160083,1,239,239,196,196,229,235,177,179,219,235,261,267,122,126,182,194,164,164,121,141
117,MATCH,S16-0383,S16-0422,5,3,0.85,0.15,0.000160083,1,239,239,196,196,229,235,177,179,219,235,261,267,122,126,182,194,164,164,121,141
117,MATCH,S16-0383,S16-0392,5,3,0.85,0.15,0.001361723,0.9,239,239,196,196,229,235,177,179,219,235,261,267,-99,-99,182,194,-99,-99,121,141
118,UNIQUE,S16-0391,S16-0391,3,3,0.85,0.15,0.000231079,,239,241,196,198,229,237,173,177,219,221,267,277,130,138,190,194,164,170,121,141
118,MATCH,S16-0391,S16-0464,3,3,0.85,0.15,0.000231079,1,239,241,196,198,229,237,173,177,219,221,267,277,130,138,190,194,164,170,121,141
118,MATCH,S16-0391,S16-0434,3,3,0.85,0.15,,0.9,239,241,196,198,229,237,173,177,219,221,267,267,130,138,190,194,-99,-99,121,141
119,UNIQUE,S16-0398,S16-0398,2,3,0.85,0.15,0.001029021,,239,239,194,196,229,229,173,173,217,225,255,263,126,126,194,194,-99,-99,121,141
119,MATCH,S16-0398,S16-0467,2,3,0.85,0.15,0.001029021,0.95,239,239,194,196,229,229,173,173,217,225,255,263,126,126,194,194,190,198,121,141
120,UNIQUE,S16-0407,S16-0407,1,3,0.85,0.15,0.00013141,,241,241,196,198,235,235,173,173,219,219,273,273,130,130,182,194,164,164,121,141
121,UNIQUE,S16-0411,S16-0411,2,3,0.85,0.15,0.000850736,,239,241,194,196,229,229,173,173,219,235,267,285,126,126,190,194,-99,-99,129,141
121,MATCH,S16-0411,S16-0653,2,3,0.85,0.15,,0.85,239,241,194,196,229,229,173,173,219,223,267,285,126,126,190,194,164,164,121,141
122,UNIQUE,S16-0414,S16-0414,3,3,0.85,0.15,0.000498267,,239,239,196,196,229,229,173,173,221,235,277,277,138,138,182,194,-99,-99,121,141
122,MATCH,S16-0414,S16-0472,3,3,0.85,0.15,,0.9,239,239,196,196,229,229,173,173,221,235,277,277,126,138,182,194,170,198,121,141
122,MATCH,S16-0414,S16-0473,3,3,0.85,0.15,,0.9,239,239,196,196,229,229,173,173,221,235,277,277,126,138,182,194,170,198,121,141
123,UNIQUE,S16-0417,S16-0417,3,3,0.85,0.15,0.00070087,,239,239,194,196,229,235,-99,-99,217,219,273,273,128,134,190,190,164,190,121,141
123,MATCH,S16-0417,S16-0457,3,3,0.85,0.15,,0.95,239,239,194,196,229,235,-99,-99,217,219,273,273,128,134,190,190,164,164,121,141
123,MATCH,S16-0417,S16-0418,3,3,0.85,0.15,,0.85,239,239,194,196,229,235,171,171,217,219,273,273,128,128,190,190,-99,-99,121,141
124,UNIQUE,S16-0421,S16-0421,2,3,0.85,0.15,0.000225559,,239,239,196,196,235,241,173,177,217,223,267,285,126,134,194,194,164,198,141,141
124,MATCH,S16-0421,S16-0455,2,3,0.85,0.15,,0.95,239,239,196,196,235,241,173,177,217,223,267,285,126,134,194,194,164,164,141,141
125,UNIQUE,S16-0423,S16-0423,2,3,0.85,0.15,0.000923812,,239,241,196,196,229,229,173,181,217,219,261,261,122,126,182,194,-99,-99,121,141
125,MATCH,S16-0423,S16-0459,2,3,0.85,0.15,0.000923812,0.95,239,241,196,196,229,229,173,181,217,219,261,261,122,126,182,194,164,198,121,141
126,UNIQUE,S16-0425,S16-0425,3,3,0.85,0.15,0.000191464,,239,239,194,196,237,237,173,173,219,219,273,285,130,138,190,198,164,186,121,141
126,MATCH,S16-0425,S16-0436,3,3,0.85,0.15,0.000191464,1,239,239,194,196,237,237,173,173,219,219,273,285,130,138,190,198,164,186,121,141
126,MATCH,S16-0425,S16-0454,3,3,0.85,0.15,0.000191464,1,239,239,194,196,237,237,173,173,219,219,273,285,130,138,190,198,164,186,121,141
127,UNIQUE,S16-0432,S16-0432,3,3,0.85,0.15,0.000944997,,241,241,196,196,229,229,173,173,219,219,263,267,128,130,190,190,-99,-99,121,141
127,MATCH,S16-0432,S16-0433,3,3,0.85,0.15,0.000944997,0.95,241,241,196,196,229,229,173,173,219,219,263,267,128,130,190,190,194,198,121,141
127,MATCH,S16-0432,S16-0458,3,3,0.85,0.15,0.000944997,0.95,241,241,196,196,229,229,173,173,219,219,263,267,128,130,190,190,194,198,121,141
128,UNIQUE,S16-0435,S16-0435,1,3,0.85,0.15,0.000335003,,241,241,196,196,237,237,175,175,219,219,273,285,128,134,190,194,-99,-99,129,141
129,UNIQUE,S16-0437,S16-0437,1,3,0.85,0.15,0.000414229,,239,239,194,196,231,241,173,175,219,219,267,285,126,130,190,194,-99,-99,129,141
130,UNIQUE,S16-0446,S16-0446,1,3,0.85,0.15,0.000305598,,239,241,196,198,229,229,173,181,217,219,267,273,128,128,194,194,164,164,141,141
131,UNIQUE,S16-0448,S16-0448,1,3,0.85,0.15,0.002272838,,239,239,-99,-99,229,229,173,173,217,217,255,267,126,128,182,190,-99,-99,121,141
132,UNIQUE,S16-0450,S16-0450,1,3,0.85,0.15,0.000206486,,241,241,196,196,229,229,175,175,217,219,273,285,128,128,194,194,164,198,121,141
133,UNIQUE,S16-0463,S16-0463,1,3,0.85,0.15,9.61E-05,,239,239,194,198,237,239,173,173,217,235,263,277,126,126,190,198,164,194,129,141
134,UNIQUE,S16-0465,S16-0465,2,3,0.85,0.15,0.000241977,,239,239,196,198,229,235,173,177,223,235,267,277,126,126,194,194,186,198,141,141
134,MATCH,S16-0465,S16-0474,2,3,0.85,0.15,0.000241977,1,239,239,196,198,229,235,173,177,223,235,267,277,126,126,194,194,186,198,141,141
135,UNIQUE,S16-0466,S16-0466,1,3,0.85,0.15,0.000547761,,239,239,196,196,235,237,-99,-99,217,235,255,267,126,130,194,194,186,186,141,141
136,UNIQUE,S16-0475,S16-0475,2,3,0.85,0.15,0.00015517,,239,241,196,198,229,229,173,173,217,235,255,267,130,134,190,194,164,194,121,129
136,MATCH,S16-0475,S16-0476,2,3,0.85,0.15,0.00015517,1,239,241,196,198,229,229,173,173,217,235,255,267,130,134,190,194,164,194,121,129
137,UNIQUE,S16-0479,S16-0479,4,3,0.85,0.15,0.000229936,,239,239,194,196,229,237,175,175,217,219,277,285,126,126,182,194,170,198,121,141
137,MATCH,S16-0479,S16-0535,4,3,0.85,0.15,0.000229936,1,239,239,194,196,229,237,175,175,217,219,277,285,126,126,182,194,170,198,121,141
137,MATCH,S16-0479,S16-0543,4,3,0.85,0.15,0.000229936,1,239,239,194,196,229,237,175,175,217,219,277,285,126,126,182,194,170,198,121,141
137,MATCH,S16-0479,S16-0544,4,3,0.85,0.15,0.000724272,0.95,239,239,194,196,229,237,175,175,217,219,277,285,126,126,182,194,-99,-99,121,141
138,UNIQUE,S16-0480,S16-0480,2,3,0.85,0.15,0.000249246,,241,241,194,196,229,237,177,177,219,239,267,277,128,128,190,194,190,190,141,141
138,MATCH,S16-0480,S16-0576,2,3,0.85,0.15,0.000735186,0.95,241,241,194,196,229,237,177,177,219,239,267,277,128,128,190,194,-99,-99,141,141
139,UNIQUE,S16-0481,S16-0481,2,3,0.85,0.15,0.000748871,,239,239,196,196,229,237,-99,-99,217,217,277,285,126,130,182,194,170,198,121,141
139,MATCH,S16-0481,S16-0488,2,3,0.85,0.15,,0.95,239,239,196,196,229,237,-99,-99,217,217,277,285,126,130,182,194,170,170,121,141
140,UNIQUE,S16-0482,S16-0482,1,3,0.85,0.15,0.000813475,,239,241,196,196,229,237,173,177,217,219,277,285,126,138,194,194,-99,-99,121,129
141,UNIQUE,S16-0484,S16-0484,2,3,0.85,0.15,0.000273327,,239,239,196,198,229,229,177,177,217,217,263,267,126,130,182,182,170,190,121,141
141,MATCH,S16-0484,S16-0501,2,3,0.85,0.15,0.000273327,1,239,239,196,198,229,229,177,177,217,217,263,267,126,130,182,182,170,190,121,141
142,UNIQUE,S16-0485,S16-0485,3,3,0.85,0.15,0.000293578,,239,239,196,198,229,237,177,177,217,219,267,277,128,128,182,194,190,190,121,141
142,MATCH,S16-0485,S16-0525,3,3,0.85,0.15,,0.95,239,239,196,198,229,237,177,177,217,219,267,277,128,128,182,194,190,190,141,141
142,MATCH,S16-0485,S16-0532,3,3,0.85,0.15,,0.95,239,239,196,198,229,237,177,177,217,219,267,277,128,128,182,194,190,190,141,141
143,UNIQUE,S16-0486,S16-0486,2,3,0.85,0.15,0.000473858,,239,241,196,196,237,237,177,177,217,217,277,285,126,126,190,194,170,170,121,141
143,MATCH,S16-0486,S16-0549,2,3,0.85,0.15,,0.95,239,241,196,196,237,237,177,177,217,217,277,285,126,126,190,194,170,198,121,141
144,UNIQUE,S16-0494,S16-0494,6,3,0.85,0.15,0.000220465,,239,241,194,196,231,235,177,181,219,219,273,277,122,126,194,194,186,186,121,141
144,MATCH,S16-0494,S16-0538,6,3,0.85,0.15,0.000220465,1,239,241,194,196,231,235,177,181,219,219,273,277,122,126,194,194,186,186,121,141
144,MATCH,S16-0494,S16-0539,6,3,0.85,0.15,0.000220465,1,239,241,194,196,231,235,177,181,219,219,273,277,122,126,194,194,186,186,121,141
144,MATCH,S16-0494,S16-0574,6,3,0.85,0.15,0.000220465,1,239,241,194,196,231,235,177,181,219,219,273,277,122,126,194,194,186,186,121,141
144,MATCH,S16-0494,S16-0587,6,3,0.85,0.15,,0.95,239,241,194,196,231,235,177,181,219,219,273,277,122,126,194,194,186,194,121,141
144,MATCH,S16-0494,S16-0589,6,3,0.85,0.15,,0.95,239,241,194,196,231,235,177,181,219,219,273,277,122,126,194,194,186,194,121,141
145,UNIQUE,S16-0496,S16-0496,3,3,0.85,0.15,0.000442737,,239,239,196,196,229,229,173,173,217,219,267,267,126,130,190,198,186,190,121,141
145,MATCH,S16-0496,S16-0497,3,3,0.85,0.15,0.000442737,1,239,239,196,196,229,229,173,173,217,219,267,267,126,130,190,198,186,190,121,141
145,MATCH,S16-0496,S16-0499,3,3,0.85,0.15,0.000442737,1,239,239,196,196,229,229,173,173,217,219,267,267,126,130,190,198,186,190,121,141
146,UNIQUE,S16-0498,S16-0498,1,3,0.85,0.15,0.00032914,,241,241,196,196,229,229,-99,-99,219,219,263,285,128,134,182,198,190,190,121,121
147,UNIQUE,S16-0504,S16-0504,1,3,0.85,0.15,0.000274392,,239,241,194,196,237,237,177,177,219,239,267,267,128,128,190,194,186,186,141,141
148,UNIQUE,S16-0505,S16-0505,2,3,0.85,0.15,0.000154257,,239,241,196,200,229,237,175,175,217,219,263,267,128,128,182,190,190,194,141,141
148,MATCH,S16-0505,S16-0524,2,3,0.85,0.15,0.000154257,1,239,241,196,200,229,237,175,175,217,219,263,267,128,128,182,190,190,194,141,141
149,UNIQUE,S16-0506,S16-0506,1,3,0.85,0.15,0.000241609,,239,241,196,196,231,231,177,177,217,219,267,277,128,128,190,190,186,198,121,121
150,UNIQUE,S16-0511,S16-0511,1,3,0.85,0.15,0.000409678,,239,241,196,196,229,229,173,173,217,219,261,267,126,130,182,190,170,186,121,121
151,UNIQUE,S16-0512,S16-0512,1,3,0.85,0.15,0.000312174,,239,239,194,196,229,229,173,181,217,219,267,273,128,128,194,194,194,194,121,121
152,UNIQUE,S16-0516,S16-0516,1,3,0.85,0.15,0.000414659,,239,239,-99,-99,229,229,171,177,217,217,263,263,126,130,182,182,170,186,121,141
153,UNIQUE,S16-0520,S16-0520,1,3,0.85,0.15,0.000517878,,239,241,196,200,235,235,177,177,219,219,255,277,126,134,194,194,-99,-99,141,141
154,UNIQUE,S16-0526,S16-0526,1,3,0.85,0.15,0.00067327,,241,241,194,196,237,237,173,173,219,225,267,273,128,128,190,194,-99,-99,121,141
155,UNIQUE,S16-0528,S16-0528,1,3,0.85,0.15,0.000409022,,239,241,194,194,233,233,173,173,219,219,273,281,134,138,190,190,-99,-99,121,121
156,UNIQUE,S16-0534,S16-0534,1,3,0.85,0.15,0.001040065,,239,241,194,196,229,229,173,177,217,219,277,277,126,130,182,182,-99,-99,141,141
157,UNIQUE,S16-0536,S16-0536,1,3,0.85,0.15,0.000222318,,239,241,196,196,237,237,175,177,219,219,273,277,126,134,190,190,170,182,121,121
158,UNIQUE,S16-0537,S16-0537,2,3,0.85,0.15,0.000384295,,239,239,196,198,229,235,177,177,217,219,261,277,126,126,190,194,190,190,121,141
158,MATCH,S16-0537,S16-0588,2,3,0.85,0.15,,0.9,239,239,196,198,229,235,177,177,217,219,261,277,126,126,190,194,186,186,121,141
159,UNIQUE,S16-0540,S16-0540,1,3,0.85,0.15,0.000533151,,241,241,196,196,233,233,-99,-99,219,235,267,277,126,126,182,194,170,170,121,141
160,UNIQUE,S16-0546,S16-0546,1,3,0.85,0.15,9.01E-05,,239,241,194,200,229,235,175,175,217,219,263,277,128,128,182,182,186,186,141,141
161,UNIQUE,S16-0548,S16-0548,1,3,0.85,0.15,0.000460978,,239,239,194,196,229,229,177,177,217,217,267,285,126,138,190,194,186,186,121,141
162,UNIQUE,S16-0553,S16-0553,1,3,0.85,0.15,0.000486693,,239,239,196,196,229,229,177,177,217,217,263,277,126,126,182,190,170,170,121,141
163,UNIQUE,S16-0565,S16-0565,1,3,0.85,0.15,0.000697619,,239,241,196,198,235,237,177,177,217,219,261,277,128,128,194,194,-99,-99,141,141
164,UNIQUE,S16-0571,S16-0571,2,3,0.85,0.15,0.000128823,,239,241,196,196,233,237,175,175,219,219,267,267,126,138,182,190,194,194,129,141
164,MATCH,S16-0571,S16-0591,2,3,0.85,0.15,,0.95,239,241,196,196,233,237,175,175,219,219,267,267,138,138,182,190,194,194,129,141
165,UNIQUE,S16-0575,S16-0575,1,3,0.85,0.15,0.000942403,,241,241,196,196,229,237,177,177,219,219,263,267,128,128,190,194,-99,-99,141,141
166,UNIQUE,S16-0582,S16-0582,1,3,0.85,0.15,0.000189506,,239,241,194,196,237,237,173,173,219,239,261,277,128,138,182,194,186,186,121,141
167,UNIQUE,S16-0592,S16-0592,3,3,0.85,0.15,9.30E-05,,239,239,194,200,235,235,173,177,215,219,267,267,128,128,182,190,194,194,121,121
167,MATCH,S16-0592,S16-0652,3,3,0.85,0.15,0.000265432,0.95,239,239,194,200,235,235,173,177,215,219,267,267,128,128,182,190,-99,-99,121,121
167,MATCH,S16-0592,S16-0657,3,3,0.85,0.15,,0.9,239,239,194,200,235,235,173,177,215,219,267,267,126,128,182,190,-99,-99,121,121
168,UNIQUE,S16-0603,S16-0603,2,3,0.85,0.15,0.000394743,,239,239,194,202,237,237,177,177,217,219,263,289,128,128,182,190,-99,-99,141,141
168,MATCH,S16-0603,S16-0649,2,3,0.85,0.15,,0.9,239,239,194,202,237,237,177,177,217,219,263,263,126,128,182,190,-99,-99,141,141
169,UNIQUE,S16-0618,S16-0618,1,3,0.85,0.15,0.000492793,,241,241,194,198,237,237,-99,-99,217,219,273,273,126,130,194,194,190,190,141,141
170,UNIQUE,S16-0642,S16-0642,1,3,0.85,0.15,0.000297901,,239,239,196,198,227,237,177,181,223,239,261,277,126,128,182,190,-99,-99,121,121
171,UNIQUE,S16-0643,S16-0643,3,3,0.85,0.15,0.000263793,,239,239,196,198,229,229,173,173,217,219,267,289,126,138,182,194,190,198,141,141
171,MATCH,S16-0643,S16-0655,3,3,0.85,0.15,0.000838213,0.95,239,239,196,198,229,229,173,173,217,219,267,289,126,138,182,194,-99,-99,141,141
171,MATCH,S16-0643,S16-0661,3,3,0.85,0.15,,0.95,239,239,196,198,229,229,173,173,217,219,267,289,126,138,182,194,190,190,141,141
172,UNIQUE,S16-0644,S16-0644,1,3,0.85,0.15,0.000442846,,239,241,194,194,229,237,177,177,217,217,255,277,110,130,182,190,-99,-99,121,121
173,UNIQUE,S16-0646,S16-0646,1,3,0.85,0.15,0.000544935,,239,241,194,196,225,237,177,177,235,235,261,273,126,128,194,194,-99,-99,121,141
174,UNIQUE,S16-0651,S16-0651,1,3,0.85,0.15,0.000144855,,239,241,194,196,237,237,177,177,217,223,263,273,128,128,190,194,198,198,121,129
175,UNIQUE,S16-0654,S16-0654,1,3,0.85,0.15,8.23E-05,,241,241,196,198,237,237,173,177,223,239,263,273,128,130,190,194,198,198,121,129
176,UNIQUE,S16-0659,S16-0659,1,3,0.85,0.15,0.000155181,,239,239,194,196,227,237,177,177,217,219,263,277,128,130,190,190,194,194,121,129
177,UNIQUE,S16-0664,S16-0664,2,3,0.85,0.15,0.000384414,,241,241,194,194,229,233,-99,-99,223,235,273,285,126,134,190,194,170,170,141,141
177,MATCH,S16-0664,S16-0668,2,3,0.85,0.15,0.001103896,0.9,241,241,194,194,229,233,171,171,223,235,-99,-99,126,134,190,194,170,170,141,141
178,UNIQUE,S16-0666,S16-0666,1,3,0.85,0.15,0.000314462,,241,241,194,196,229,229,177,177,223,223,267,285,126,126,190,194,170,170,141,141
179,UNIQUE,S16-0667,S16-0667,1,3,0.85,0.15,0.00121306,,239,241,194,196,237,237,173,173,217,217,261,267,126,126,194,194,-99,-99,141,141
180,UNIQUE,S16-0669,S16-0669,1,3,0.85,0.15,0.00027018,,241,241,194,196,229,237,177,177,217,239,267,285,126,130,190,190,170,194,141,141
181,UNIQUE,S16-0677,S16-0677,4,3,0.85,0.15,0.000338506,,239,239,198,200,237,237,175,177,219,221,261,277,126,126,182,190,-99,-99,121,141
181,MATCH,S16-0677,S16-0683,4,3,0.85,0.15,,0.9,239,239,198,200,237,237,175,177,219,221,277,277,126,126,182,190,190,194,121,141
181,MATCH,S16-0677,S16-0681,4,3,0.85,0.15,,0.85,239,239,198,200,237,237,175,177,221,221,277,277,126,126,182,190,190,194,121,141
181,MATCH,S16-0677,S16-0689,4,3,0.85,0.15,,0.85,239,239,198,200,237,237,175,177,221,221,277,277,126,126,182,190,190,194,121,141
182,UNIQUE,S16-0691,S16-0691,4,3,0.85,0.15,0.000822451,,241,241,194,196,229,229,173,173,217,219,273,273,122,134,182,190,-99,-99,141,141
182,MATCH,S16-0691,S16-0695,4,3,0.85,0.15,0.000822451,1,241,241,194,196,229,229,173,173,217,219,273,273,122,134,182,190,-99,-99,141,141
182,MATCH,S16-0691,S16-0718,4,3,0.85,0.15,0.000822451,1,241,241,194,196,229,229,173,173,217,219,273,273,122,134,182,190,-99,-99,141,141
182,MATCH,S16-0691,S16-0736,4,3,0.85,0.15,,0.95,241,241,194,196,229,229,173,183,217,219,273,273,122,134,182,190,-99,-99,141,141
183,UNIQUE,S16-0696,S16-0696,5,3,0.85,0.15,0.000405495,,239,239,194,196,229,229,173,173,217,219,261,273,122,126,190,190,190,198,121,141
183,MATCH,S16-0696,S16-0697,5,3,0.85,0.15,0.000405495,1,239,239,194,196,229,229,173,173,217,219,261,273,122,126,190,190,190,198,121,141
183,MATCH,S16-0696,S16-0698,5,3,0.85,0.15,0.001288479,0.95,239,239,194,196,229,229,173,173,217,219,261,273,122,126,190,190,-99,-99,121,141
183,MATCH,S16-0696,S16-0727,5,3,0.85,0.15,0.001288479,0.95,239,239,194,196,229,229,173,173,217,219,261,273,122,126,190,190,-99,-99,121,141
183,MATCH,S16-0696,S16-0728,5,3,0.85,0.15,,0.95,239,239,194,196,229,229,173,173,217,219,261,273,122,126,190,190,198,198,121,141
184,UNIQUE,S16-0702,S16-0702,2,3,0.85,0.15,0.000395634,,241,241,194,196,229,229,177,177,217,217,273,277,126,126,194,194,170,170,121,121
184,MATCH,S16-0702,S16-0711,2,3,0.85,0.15,0.000395634,1,241,241,194,196,229,229,177,177,217,217,273,277,126,126,194,194,170,170,121,121
185,UNIQUE,S16-0706,S16-0706,1,3,0.85,0.15,0.000344862,,239,241,194,196,233,233,173,179,219,219,273,277,126,126,190,194,190,194,121,141
186,UNIQUE,S16-0707,S16-0707,2,3,0.85,0.15,0.000240306,,239,239,196,196,229,233,183,183,219,219,267,277,126,134,190,190,170,170,141,141
186,MATCH,S16-0707,S16-0713,2,3,0.85,0.15,0.000240306,1,239,239,196,196,229,233,183,183,219,219,267,277,126,134,190,190,170,170,141,141
187,UNIQUE,S16-0710,S16-0710,1,3,0.85,0.15,0.000123132,,239,239,196,198,231,231,183,183,217,219,261,261,126,134,182,194,186,186,121,141
188,UNIQUE,S16-0712,S16-0712,1,3,0.85,0.15,0.000157319,,239,241,196,196,233,233,183,183,219,219,267,277,134,138,194,194,186,190,121,141
189,UNIQUE,S16-0714,S16-0714,1,3,0.85,0.15,0.000455669,,239,239,194,196,229,233,173,173,219,219,267,277,126,134,190,194,186,186,141,141
190,UNIQUE,S16-0720,S16-0720,1,3,0.85,0.15,0.000251407,,239,239,196,198,237,237,173,173,217,219,277,277,126,134,194,194,190,190,121,121
191,UNIQUE,S16-0731,S16-0731,1,3,0.85,0.15,0.000261955,,239,241,194,194,229,231,177,177,219,239,277,285,126,126,190,194,170,170,121,141
192,UNIQUE,S16-0732,S16-0732,2,3,0.85,0.15,0.00022721,,241,241,194,196,229,229,177,177,219,239,273,277,122,126,190,190,170,170,121,121
192,MATCH,S16-0732,S16-0734,2,3,0.85,0.15,,0.95,241,241,194,196,229,229,177,177,219,239,273,277,122,126,190,190,170,186,121,121
193,UNIQUE,S16-0735,S16-0735,1,3,0.85,0.15,0.000159826,,239,239,198,198,231,231,173,173,217,219,261,273,126,138,182,194,170,190,121,141
194,UNIQUE,S16-0738,S16-0738,1,3,0.85,0.15,0.000224849,,239,239,194,194,245,245,177,177,217,219,273,273,126,126,194,194,186,186,121,121
195,UNIQUE,S16-0740,S16-0740,1,3,0.85,0.15,0.000414618,,241,241,196,196,233,237,173,173,217,217,273,277,126,134,190,194,186,186,121,141
196,UNIQUE,S16-0741,S16-0741,2,3,0.85,0.15,0.000451925,,241,241,194,198,233,233,-99,-99,217,219,261,261,126,134,190,194,170,190,141,141
196,MATCH,S16-0741,S16-0745,2,3,0.85,0.15,,0.95,241,241,194,198,233,233,-99,-99,217,219,261,261,126,134,190,194,170,170,141,141
197,UNIQUE,S16-0744,S16-0744,1,3,0.85,0.15,0.000783402,,239,239,194,194,229,237,173,173,217,219,273,277,128,134,182,190,-99,-99,121,141
198,UNIQUE,S16-0748,S16-0748,2,3,0.85,0.15,0.000475576,,239,239,194,198,229,229,177,177,217,217,273,277,126,126,190,194,186,186,121,141
198,MATCH,S16-0748,S16-0749,2,3,0.85,0.15,0.000475576,1,239,239,194,198,229,229,177,177,217,217,273,277,126,126,190,194,186,186,121,141
199,UNIQUE,S16-0750,S16-0750,1,3,0.85,0.15,0.000116551,,241,241,196,198,229,229,183,183,217,219,273,285,130,130,194,198,170,170,141,141
200,UNIQUE,S16-0754,S16-0754,6,3,0.85,0.15,0.00060746,,239,241,194,196,233,233,-99,-99,217,217,255,285,128,128,190,194,170,170,141,141
200,MATCH,S16-0754,S16-0756,6,3,0.85,0.15,0.00060746,1,239,241,194,196,233,233,-99,-99,217,217,255,285,128,128,190,194,170,170,141,141
200,MATCH,S16-0754,S16-0773,6,3,0.85,0.15,0.00060746,1,239,241,194,196,233,233,-99,-99,217,217,255,285,128,128,190,194,170,170,141,141
200,MATCH,S16-0754,S16-0755,6,3,0.85,0.15,0.00060746,0.95,239,241,194,196,233,233,171,171,217,217,255,285,128,128,190,194,170,170,141,141
200,MATCH,S16-0754,S16-0769,6,3,0.85,0.15,0.00060746,0.95,239,241,194,196,233,233,171,171,217,217,255,285,128,128,190,194,170,170,141,141
200,MATCH,S16-0754,S16-0793,6,3,0.85,0.15,,0.95,239,241,194,196,233,233,-99,-99,217,217,255,285,128,128,190,194,170,182,141,141
201,UNIQUE,S16-0759,S16-0759,3,3,0.85,0.15,0.000217807,,239,239,196,196,245,245,173,173,219,219,273,277,128,128,190,190,164,198,121,141
201,MATCH,S16-0759,S16-0788,3,3,0.85,0.15,,0.95,239,239,196,196,245,245,173,173,219,219,273,277,128,128,190,190,164,164,121,141
201,MATCH,S16-0759,S16-0790,3,3,0.85,0.15,,0.95,239,239,196,196,245,245,173,173,219,219,273,277,128,128,190,190,164,164,121,141
202,UNIQUE,S16-0761,S16-0761,2,3,0.85,0.15,0.000215258,,239,241,194,198,229,237,173,173,219,219,263,277,128,128,194,194,164,164,121,141
202,MATCH,S16-0761,S16-0794,2,3,0.85,0.15,0.000215258,1,239,241,194,198,229,237,173,173,219,219,263,277,128,128,194,194,164,164,121,141
203,UNIQUE,S16-0762,S16-0762,2,3,0.85,0.15,0.000142164,,239,241,194,196,237,237,173,181,219,221,277,285,130,138,194,194,164,170,141,141
203,MATCH,S16-0762,S16-0775,2,3,0.85,0.15,,0.85,-99,-99,194,196,237,237,173,181,219,221,285,285,130,138,194,194,164,164,141,141
204,UNIQUE,S16-0763,S16-0763,2,3,0.85,0.15,0.000694572,,239,241,194,196,231,233,177,177,217,219,255,267,126,130,190,198,-99,-99,121,141
204,MATCH,S16-0763,S16-0764,2,3,0.85,0.15,,0.95,239,241,194,196,231,233,177,183,217,219,255,267,126,130,190,198,-99,-99,121,141
205,UNIQUE,S16-0765,S16-0765,1,3,0.85,0.15,0.000196151,,241,241,194,194,229,231,177,177,219,219,267,267,126,138,182,190,186,186,141,141
206,UNIQUE,S16-0766,S16-0766,6,3,0.85,0.15,0.000371981,,239,241,196,196,229,229,173,173,221,223,273,277,126,126,194,194,164,164,141,141
206,MATCH,S16-0766,S16-0776,6,3,0.85,0.15,0.000371981,1,239,241,196,196,229,229,173,173,221,223,273,277,126,126,194,194,164,164,141,141
206,MATCH,S16-0766,S16-0778,6,3,0.85,0.15,0.000371981,1,239,241,196,196,229,229,173,173,221,223,273,277,126,126,194,194,164,164,141,141
206,MATCH,S16-0766,S16-0786,6,3,0.85,0.15,0.000371981,1,239,241,196,196,229,229,173,173,221,223,273,277,126,126,194,194,164,164,141,141
206,MATCH,S16-0766,S16-0781,6,3,0.85,0.15,,0.95,239,241,196,196,229,229,173,173,221,223,273,277,126,126,194,194,164,186,141,141
206,MATCH,S16-0766,S16-0792,6,3,0.85,0.15,,0.95,239,241,196,196,229,229,173,173,221,223,273,277,126,126,194,194,164,186,141,141
207,UNIQUE,S16-0782,S16-0782,2,3,0.85,0.15,0.00028609,,239,241,196,196,233,233,173,173,217,223,255,273,128,128,194,194,170,170,141,141
207,MATCH,S16-0782,S16-0783,2,3,0.85,0.15,0.00028609,1,239,241,196,196,233,233,173,173,217,223,255,273,128,128,194,194,170,170,141,141
208,UNIQUE,S16-0784,S16-0784,3,3,0.85,0.15,0.000267714,,241,241,194,196,233,233,173,173,217,217,267,277,126,138,190,194,182,186,121,141
208,MATCH,S16-0784,S16-0789,3,3,0.85,0.15,0.000267714,1,241,241,194,196,233,233,173,173,217,217,267,277,126,138,190,194,182,186,121,141
208,MATCH,S16-0784,S16-0791,3,3,0.85,0.15,0.000267714,1,241,241,194,196,233,233,173,173,217,217,267,277,126,138,190,194,182,186,121,141
209,UNIQUE,S16-0796,S16-0796,1,3,0.85,0.15,6.70E-05,,241,241,194,200,227,233,171,177,219,223,273,273,126,138,182,190,160,160,121,141
210,UNIQUE,S16-0797,S16-0797,2,3,0.85,0.15,7.38E-05,,241,241,194,196,227,233,177,179,223,231,273,273,122,130,190,190,160,160,121,141
210,MATCH,S16-0797,S16-0799,2,3,0.85,0.15,,0.9,239,241,194,196,227,233,177,177,223,231,273,273,122,130,190,190,160,160,121,141
211,UNIQUE,S16-0801,S16-0801,1,3,0.85,0.15,0.000174801,,239,239,196,196,233,233,175,177,227,239,245,289,128,128,182,198,-99,-99,121,121
212,UNIQUE,S16-0806,S16-0806,1,3,0.85,0.15,9.42E-05,,239,239,196,198,233,233,175,179,219,231,265,273,122,122,182,182,-99,-99,119,121
213,UNIQUE,S16-0808,S16-0808,1,3,0.85,0.15,6.41E-05,,241,241,196,200,227,233,161,175,219,227,269,273,126,128,190,194,164,164,121,121
214,UNIQUE,S16-0811,S16-0811,1,3,0.85,0.15,7.06E-05,,239,241,196,200,227,233,175,177,219,231,273,273,122,128,190,198,160,160,141,141
215,UNIQUE,S16-0812,S16-0812,1,3,0.85,0.15,6.69E-05,,239,241,196,200,227,233,177,177,221,223,273,273,122,138,190,198,160,160,121,141
216,UNIQUE,S16-0814,S16-0814,1,3,0.85,0.15,0.000216675,,241,241,196,200,231,235,159,175,213,217,273,277,122,126,190,190,-99,-99,141,141
217,UNIQUE,S16-0818,S16-0818,2,3,0.85,0.15,8.23E-05,,239,241,196,196,227,233,175,179,231,231,273,285,134,134,182,190,186,186,141,141
217,MATCH,S16-0818,S16-0820,2,3,0.85,0.15,8.23E-05,1,239,241,196,196,227,233,175,179,231,231,273,285,134,134,182,190,186,186,141,141
218,UNIQUE,S16-0821,S16-0821,1,3,0.85,0.15,5.56E-05,,241,241,196,196,233,233,161,175,213,219,269,273,128,138,190,198,160,160,121,141
219,UNIQUE,S16-0823,S16-0823,1,3,0.85,0.15,0.000117711,,239,241,194,196,229,233,161,177,219,231,245,245,134,134,190,190,164,164,141,141
220,UNIQUE,S16-0826,S16-0826,1,3,0.85,0.15,0.000198248,,239,239,196,198,231,231,177,177,219,219,273,277,126,126,182,190,164,164,121,121
