Final_lab_ID,SampleID,Sample_type,Lat,Lon,Month,Day,Year,Collector,Cyt_B_Haplotype
S13-1485,Sample1,scat,38.53468,-121.89164,5,14,2013,KM,bobcat
S14-0007,Sample2,scat,38.52945,-121.9155,12,21,2013,PBA,bobcat
S14-0341,Sample3,scat,39.43705,-121.63425,1,25,2014,KM,bobcat
S13-0911,Sample4,scat,38.51882,-121.68983,4,15,2013,KM,coyote
S13-0912,Sample5,scat,38.5186,-121.68851,4,15,2013,KM,coyote
S13-0914,Sample6,scat,38.51871,-121.68873,4,15,2013,KM,coyote
S13-0740,Sample7,tissue,38.51787,-121.9527,4,15,2013,KM,coyote
S13-1304,Sample8,scat,38.52363,-121.95801,5,3,2013,KM,coyote
S13-1437,Sample9,scat,38.52929,-121.91912,5,3,2013,KM,coyote
S13-1822,Sample10,scat,38.51868,-121.68996,5,24,2013,KM,coyote
S13-1969,Sample11,scat,38.45153,-121.85371,6,21,2013,KM,coyote
S13-2237,Sample12,scat,38.44115,-121.83447,7,12,2013,KM,coyote
S13-2244,Sample13,scat,38.52507,-121.92016,7,15,2013,KM,coyote
S13-2288,Sample14,scat,38.4053,-121.98301,7,19,2013,MH,coyote
S13-2294,Sample15,scat,38.40532,-121.9845,7,19,2013,KM,coyote
S13-2456,Sample16,scat,38.52922,-121.91719,8,8,2013,KM,coyote
S13-2457,Sample17,scat,38.5292,-121.91718,8,8,2013,KM,coyote
S13-2552,Sample18,scat,39.88145,-122.04614,8,21,2013,MH,coyote
S13-2557,Sample19,scat,39.88086,-122.05045,8,21,2013,KM,coyote
S13-2558,Sample20,scat,39.88041,-122.06455,8,21,2013,KM,coyote
S13-2567,Sample21,scat,38.52949,-121.91558,8,23,2013,MH,coyote
S14-0001,Sample22,scat,40.39127,-122.18024,12,12,2013,KM,coyote
S14-0649,Sample23,scat,38.44957,-121.79404,1,3,2014,KM,coyote
S14-0336,Sample24,scat,39.31968,-121.77422,1,24,2014,KM,coyote
S14-0376,Sample25,scat,39.32622,-121.83712,2,21,2014,KM,coyote
S14-2566,Sample26,scat,38.53118,-121.83694,10,14,2014,KM,coyote
S14-2870,Sample27,scat,39.9838,-122.16168,10,28,2014,KM,coyote
S14-2874,Sample28,scat,39.09799,-122.13757,11,4,2014,KM,coyote
S14-2875,Sample29,scat,39.08717,-122.11079,11,4,2014,KM,coyote
S14-2876,Sample30,scat,39.08715,-122.11015,11,4,2014,KM,coyote
S14-2877,Sample31,scat,39.08728,-122.10734,11,4,2014,KM,coyote
S14-2909,Sample32,scat,38.53063,-121.80996,11,11,2014,KM,coyote
S14-2925,Sample33,scat,38.59422,-121.85116,11,26,2014,PBA,coyote
S14-2926,Sample34,scat,38.59368,-121.85242,11,26,2014,PBA,coyote
S15-0054,Sample35,scat,39.66833,-121.78257,2,14,2015,KM,coyote
S15-0055,Sample36,scat,39.67033,-121.78171,2,14,2015,KM,coyote
S15-0056,Sample37,scat,39.67039,-121.78165,2,14,2015,KM,coyote
S15-0060,Sample38,scat,39.90196,-122.21857,2,18,2015,KM,coyote
S15-0194,Sample39,scat,40.08712,-122.1508,2,26,2015,KM,coyote
S15-0195,Sample40,scat,40.08922,-122.15036,2,26,2015,KM,coyote
S15-0554,Sample41,scat,40.10019,-122.15131,3,26,2015,TB,coyote
S15-0561,Sample42,scat,39.88253,-122.19278,4,3,2015,TB,coyote
S15-0810,Sample43,scat,39.88242,-122.1923,4,16,2015,TB,coyote
S15-0811,Sample44,scat,39.88237,-122.19264,4,16,2015,TB,coyote
S15-1055,Sample45,scat,39.6485,-121.78828,6,10,2015,SPQ,coyote
S15-1994,Sample46,scat,39.69661,-121.77747,10,6,2015,SPQ,coyote
S15-1995,Sample47,scat,39.69606,-121.77823,10,6,2015,SPQ,coyote
S15-2166,Sample48,scat,40.10945,-122.16307,10,19,2015,TB,coyote
S15-2171,Sample49,scat,39.02385,-121.81882,10,21,2015,SPQ,coyote
S15-3139,Sample50,scat,38.68742,-121.87541,11,19,2015,AK,coyote
S15-3294,Sample51,scat,39.02832,-121.81235,12,2,2015,SPQ,coyote
S13-0809,Sample52,hair,38.51868,-121.69292,3,16,2013,KC ,coyote
S14-0325,Sample53,scat,39.87646,-122.06059,1,17,2014,PBA,coyote
S14-0328,Sample54,scat,39.87992,-122.04253,1,17,2014,KM,coyote
S14-0330,Sample55,scat,39.87603,-122.06022,1,17,2014,KM,coyote
S14-0326,Sample56,scat,39.87646,-122.06059,1,17,2014,PBA,coyote
S13-2071,Sample57,scat,38.52905,-121.9215,6,28,2013,KM,coyote
S13-2543,Sample58,scat,38.45158,-121.7951,8,16,2013,KM,coyote
S13-3552,Sample59,scat,38.54315,-121.69745,11,24,2013,PBA,coyote
S14-0006,Sample60,scat,38.52968,-121.91656,12,21,2013,PBA,coyote
S14-0335,Sample61,scat,39.39857,-121.78095,1,24,2014,KM,coyote
S14-0337,Sample62,scat,39.31852,-121.77997,1,24,2014,KM,coyote
S14-0342,Sample63,scat,39.88104,-122.85074,2,1,2014,GN,coyote
S13-3546,Sample64,scat,38.53699,-121.88869,11,16,2013,KM,coyote
S14-0002,Sample65,scat,39.31852,-121.77962,12,13,2013,KM,coyote
S14-0338,Sample66,scat,39.34003,-121.83793,1,24,2014,KM,coyote
S14-0339,Sample67,scat,39.33998,-121.83875,1,24,2014,KM,coyote
S14-0340,Sample68,scat,39.43753,-121.63409,1,25,2014,KM,coyote
S14-0343,Sample69,scat,39.87999,-122.04957,2,1,2014,KM,coyote
S13-2431,Sample70,scat,38.40515,-121.98289,8,2,2013,MH,coyote
S13-2437,Sample71,scat,38.44658,-121.78608,8,2,2013,KM,coyote
S14-0014,Sample72,scat,39.45124,-121.64909,1,1,2014,KM,coyote
S15-0027,Sample73,scat,38.53166,-121.83627,1,7,2015,KM,coyote
S15-0029,Sample74,scat,39.77557,-122.0396,1,8,2015,KM,coyote
S15-0032,Sample75,scat,39.98315,-122.1622,1,8,2015,KM,coyote
S15-0035,Sample76,scat,39.0063,-122.09399,1,21,2015,KM,coyote
S15-0037,Sample77,scat,39.88229,-122.19189,1,22,2015,KM,coyote
S15-0039,Sample78,scat,39.88228,-122.19182,1,22,2015,KM,coyote
S15-0046,Sample79,scat,39.66802,-121.78268,1,29,2015,KM,coyote
S15-0049,Sample80,scat,39.00537,-122.09526,2,5,2015,KM,coyote
S13-1474,Sample82,scat,38.52991,-121.75757,5,2,2013,KM,D
S13-1297,Sample83,scat,38.52334,-121.95891,5,3,2013,KM,D
S13-1481,Sample84,scat,38.52433,-121.95644,5,10,2013,KM,D
S13-1483,Sample85,scat,38.52363,-121.95801,5,10,2013,KM,D
S13-1497,Sample86,scat,38.52363,-121.95801,5,10,2013,KM,D
S13-1498,Sample87,scat,38.52363,-121.95801,5,10,2013,KM,D
S13-1500,Sample88,scat,38.52442,-121.95626,5,10,2013,MH,D
S13-1486,Sample89,scat,38.53038,-121.75766,5,14,2013,KM,D
S13-1487,Sample90,scat,38.52396,-121.95721,5,21,2013,KM,D
S13-1692,Sample91,scat,38.52602,-121.7571,6,12,2013,KM,D
S13-1693,Sample92,scat,38.52594,-121.75719,6,12,2013,KM,D
S13-1696,Sample93,scat,38.526,-121.75948,6,12,2013,KM,D
S13-1697,Sample94,scat,38.52585,-121.75926,6,12,2013,KM,D
S13-1702,Sample95,scat,38.52771,-121.7575,6,12,2013,KM,D
S13-1704,Sample96,scat,38.52771,-121.7575,6,12,2013,KM,D
S13-1857,Sample97,scat,38.4322,-121.69824,6,14,2013,MH,D
S13-1864,Sample98,scat,38.54272,-121.70623,6,14,2013,MH,D
S13-1866,Sample99,scat,38.5236,-121.95798,6,14,2013,MH,D
S13-1867,Sample100,scat,38.52337,-121.95865,6,14,2013,MH,D
S13-1871,Sample101,scat,38.5233,-121.95896,6,14,2013,MH,D
S13-1872,Sample102,scat,38.52304,-121.96004,6,14,2013,MH,D
S13-1873,Sample103,scat,38.52304,-121.96004,6,14,2013,MH,D
S13-1874,Sample104,scat,38.52304,-121.96004,6,14,2013,MH,D
S13-1876,Sample105,scat,38.52226,-121.96257,6,15,2013,KM,D
S13-1877,Sample106,scat,38.52251,-121.96161,6,15,2013,KM,D
S13-1733,Sample107,Other,38.52304,-121.96004,6,15,2013,KM,D
S13-1967,Sample108,scat,38.45175,-121.85353,6,21,2013,KM,D
S13-2217,Sample109,scat,38.54304,-121.69641,7,12,2013,KM,D
S13-2382,Sample110,scat,38.40551,-121.98385,7,26,2013,MH,D
S13-2434,Sample111,scat,38.52284,-121.96239,8,2,2013,MH,D
S13-2436,Sample112,scat,38.52285,-121.9621,8,2,2013,MH,D
S13-2439,Sample113,scat,38.52269,-121.96249,8,2,2013,KM,D
S13-2442,Sample114,scat,38.52286,-121.96234,8,2,2013,KM,D
S13-2443,Sample115,scat,38.5228,-121.96227,8,2,2013,KM,D
S13-2444,Sample116,scat,38.5228,-121.96212,8,2,2013,KM,D
S13-2445,Sample117,scat,38.52282,-121.96214,8,2,2013,KM,D
S13-0915,Sample118,scat,38.54339,-121.6957,4,19,2013,MH,D
S13-2066,Sample119,scat,38.54298,-121.6974,6,28,2013,KM,D
S13-2378,Sample120,scat,38.543,-121.70557,7,26,2013,KM,D
S13-2432,Sample121,scat,38.52254,-121.96269,8,2,2013,MH,D
S13-2433,Sample122,scat,38.52261,-121.96252,8,2,2013,MH,D
S13-2889,Sample123,scat,38.45673,-121.8149,8,30,2013,KM,D
S13-3555,Sample124,scat,39.45119,-121.65357,12,3,2013,PBA,D
S13-3558,Sample125,scat,39.45137,-121.64959,12,3,2013,KM,D
S14-0894,Sample126,scat,38.74824,-121.32331,5,23,2014,PBA,D
S14-0898,Sample127,scat,38.74765,-121.32522,5,23,2014,KM,D
S14-0899,Sample128,scat,38.7487,-121.32696,5,23,2014,KM,D
S13-3557,Sample129,scat,39.45169,-121.6494,12,3,2013,KM,D
S13-1494,Sample130,scat,38.52187,-121.96441,5,21,2013,KM,dog
S13-2241,Sample131,scat,38.45437,-121.81321,7,12,2013,KM,dog
S13-2247,Sample132,scat,38.52354,-121.92099,7,15,2013,MH,dog
S13-2280,Sample133,scat,38.51777,-121.68724,7,19,2013,SC,dog
S14-0327,Sample134,scat,39.87983,-122.04237,1,17,2014,KM,dog
S14-0329,Sample135,scat,39.87976,-122.04995,1,17,2014,KM,dog
S15-1989,Sample136,scat,39.67843,-121.77721,10,6,2015,SPQ,dog
S15-3149,Sample137,scat,39.55658,-121.99313,11,24,2015,TB,dog
S13-0812,Sample138,hair,38.54267,-121.70632,4,5,2013,KM,G
S13-0916,Sample139,scat,38.54333,-121.69638,4,19,2013,KM,G
S13-0917,Sample140,scat,38.54267,-121.70632,4,19,2013,KM,G
S13-0807,Sample141,hair,38.54267,-121.70632,4,19,2013,KM,G
S13-1430,Sample142,scat,38.54337,-121.69608,4,29,2013,MH,G
S13-1431,Sample143,scat,38.54339,-121.69617,4,29,2013,JH,G
S13-1472,Sample144,scat,38.54332,-121.69785,4,29,2013,JH,G
S13-1783,Sample145,scat,38.54337,-121.69617,5,13,2013,KM,G
S13-1785,Sample146,scat,38.54345,-121.69485,5,13,2013,JH,G
S13-1863,Sample147,scat,38.54332,-121.69711,6,14,2013,MH,G
S13-2067,Sample148,scat,38.54327,-121.69731,6,28,2013,KM,G
S13-2069,Sample149,scat,38.54325,-121.69781,6,28,2013,KM,G
S13-2075,Sample150,scat,38.5432,-121.70028,6,28,2013,MH,G
S13-2199,Sample151,scat,38.54321,-121.69788,7,12,2013,MH,G
S13-2220,Sample152,scat,38.54343,-121.69532,7,12,2013,KM,G
S13-2223,Sample153,scat,38.54341,-121.6964,7,12,2013,KM,G
S13-2361,Sample154,scat,38.54334,-121.69616,7,26,2013,SC,G
S13-2365,Sample155,scat,38.54304,-121.69686,7,26,2013,KM,G
S13-2372,Sample156,scat,38.54321,-121.69894,7,26,2013,KM,G
S13-2387,Sample157,scat,38.54302,-121.69719,7,26,2013,MH,G
S13-2388,Sample158,scat,38.54302,-121.69721,7,26,2013,MH,G
S13-2390,Sample159,scat,38.54304,-121.69742,7,26,2013,MH,G
S13-2391,Sample160,scat,38.54297,-121.69765,7,26,2013,MH,G
S13-2394,Sample161,scat,38.54339,-121.69624,7,26,2013,MH,G
S13-2396,Sample162,scat,38.54333,-121.69667,7,26,2013,MH,G
S13-2447,Sample163,scat,38.54326,-121.69517,8,7,2013,KM,G
S13-2448,Sample164,scat,38.54319,-121.69636,8,7,2013,KM,G
S13-2449,Sample165,scat,38.54319,-121.69673,8,7,2013,KM,G
S13-2450,Sample166,scat,38.54322,-121.69675,8,7,2013,KM,G
S13-2451,Sample167,scat,38.54302,-121.69651,8,7,2013,MH,G
S13-2452,Sample168,scat,38.54302,-121.69651,8,7,2013,MH,G
S13-2453,Sample169,scat,38.54301,-121.69731,8,7,2013,MH,G
S13-2454,Sample170,scat,38.54299,-121.69724,8,7,2013,MH,G
S13-1834,Sample171,scat,38.54323,-121.69794,5,31,2013,KM,G
S13-1827,Sample172,scat,38.52514,-121.75566,5,30,2013,BNS,gray_fox
S13-3019,Sample173,scat,40.39643,-122.16416,10,5,2013,KM,gray_fox
S13-3020,Sample174,scat,40.39143,-122.18139,10,5,2013,KM,gray_fox
S13-3021,Sample175,scat,40.39281,-122.22383,10,5,2013,KM,gray_fox
S13-3022,Sample176,scat,40.39635,-122.16382,10,5,2013,PBA,gray_fox
S13-3023,Sample177,scat,40.39062,-122.18259,10,5,2013,PBA,gray_fox
S13-3024,Sample178,scat,40.39035,-122.22331,10,12,2013,KM,gray_fox
S13-3025,Sample179,scat,40.38975,-122.22598,10,12,2013,PBA,gray_fox
S13-3399,Sample180,scat,40.38874,-122.18378,11,12,2013,KM,gray_fox
S13-3400,Sample181,scat,40.38573,-122.18619,11,12,2013,KM,gray_fox
S13-3401,Sample182,scat,40.38741,-122.18466,11,12,2013,KM,gray_fox
S13-3554,Sample183,scat,39.49352,-121.58099,12,3,2013,PBA,gray_fox
S13-3556,Sample184,scat,39.45121,-121.65192,12,3,2013,KM,gray_fox
S14-0005,Sample185,scat,39.45276,-121.64686,12,20,2013,PBA,gray_fox
S14-0008,Sample186,scat,40.39708,-122.1601,12,28,2013,PBA,gray_fox
S14-0015,Sample187,scat,39.44721,-121.63371,1,1,2014,KM,gray_fox
S14-0113,Sample188,scat,40.39698,-122.16441,1,10,2014,KM,gray_fox
S14-0115,Sample189,scat,40.39066,-122.18261,1,10,2014,KM,gray_fox
S14-0895,Sample191,scat,38.52272,-121.96193,5,23,2014,PBA,gray_fox
S14-0896,Sample192,scat,38.52272,-121.96193,5,23,2014,PBA,gray_fox
S14-0897,Sample193,scat,38.52272,-121.96193,5,23,2014,PBA,gray_fox
S14-2872,Sample194,scat,39.77559,-122.03959,10,28,2014,KM,gray_fox
S14-2927,Sample195,scat,39.98339,-122.16222,11,25,2014,KM,gray_fox
S15-0052,Sample196,scat,40.14729,-122.12201,2,11,2015,PBA,gray_fox
S15-0057,Sample197,scat,39.88242,-122.1927,2,18,2015,TB,gray_fox
S15-0058,Sample198,scat,39.88175,-122.19083,2,18,2015,TB,gray_fox
S15-0059,Sample199,scat,39.88191,-122.19162,2,18,2015,TB,gray_fox
S15-0061,Sample200,scat,39.90203,-122.21844,2,18,2015,TB,gray_fox
S15-0200,Sample201,scat,40.1512,-122.1267,2,26,2015,TB,gray_fox
S15-0551,Sample202,scat,39.67853,-121.77717,3,25,2015,TB,gray_fox
S15-0552,Sample203,scat,39.67822,-121.77723,3,25,2015,TB,gray_fox
S15-0555,Sample204,scat,39.90095,-122.21626,4,3,2015,TB,gray_fox
S15-0556,Sample205,scat,39.9011,-122.21691,4,3,2015,TB,gray_fox
S15-0557,Sample206,scat,39.90215,-122.21873,4,3,2015,TB,gray_fox
S15-0558,Sample207,scat,39.90215,-122.21873,4,3,2015,TB,gray_fox
S15-0560,Sample208,scat,39.88319,-122.1973,4,3,2015,TB,gray_fox
S15-0562,Sample209,scat,39.88228,-122.19242,4,3,2015,TB,gray_fox
S15-0564,Sample210,scat,40.10059,-122.15144,4,9,2015,TB,gray_fox
S15-0808,Sample211,scat,39.90108,-122.21691,4,16,2015,TB,gray_fox
S15-0809,Sample212,scat,39.90117,-122.21735,4,16,2015,TB,gray_fox
S15-0816,Sample213,scat,40.10197,-122.15214,4,23,2015,TB,gray_fox
S15-0820,Sample214,scat,39.90183,-122.21863,4,30,2015,TB,gray_fox
S15-0825,Sample215,scat,39.67726,-121.77765,5,6,2015,TB,gray_fox
S15-0860,Sample216,scat,40.09606,-122.15111,5,7,2015,TB,gray_fox
S15-0995,Sample217,scat,38.54881,-121.47376,6,2,2015,TB,gray_fox
S15-1980,Sample218,scat,40.01416,-122.14503,10,5,2015,SPQ,gray_fox
S15-1990,Sample219,scat,39.67992,-121.77677,10,6,2015,SPQ,gray_fox
S15-1991,Sample220,scat,39.68034,-121.77663,10,6,2015,SPQ,gray_fox
S15-1992,Sample221,scat,39.69554,-121.77824,10,6,2015,SPQ,gray_fox
S15-1993,Sample222,scat,39.69575,-121.777,10,6,2015,SPQ,gray_fox
S15-2000,Sample223,scat,39.92489,-122.21782,10,12,2015,SPQ,gray_fox
S15-2001,Sample224,scat,39.9249,-122.21788,10,12,2015,SPQ,gray_fox
S15-2173,Sample225,scat,39.92477,-122.21713,10,27,2015,SPQ,gray_fox
S15-2174,Sample226,scat,39.9248,-122.21754,10,27,2015,SPQ,gray_fox
S15-2176,Sample227,scat,39.92499,-122.21811,10,27,2015,SPQ,gray_fox
S15-2177,Sample228,scat,39.92499,-122.21811,10,27,2015,SPQ,gray_fox
S15-2178,Sample229,scat,39.92501,-122.21806,10,27,2015,SPQ,gray_fox
S15-3138,Sample230,scat,38.72945,-121.80541,11,12,2015,SPQ,gray_fox
S15-3144,Sample231,scat,39.92487,-122.21793,11,23,2015,SPQ,gray_fox
S15-3145,Sample232,scat,39.92493,-122.21815,11,23,2015,SPQ,gray_fox
S15-3146,Sample233,scat,39.92493,-122.21815,11,23,2015,SPQ,gray_fox
S15-3147,Sample234,scat,39.93464,-122.20716,11,23,2015,SPQ,gray_fox
S15-3150,Sample235,scat,40.11289,-122.16239,11,30,2015,SPQ,gray_fox
S16-0012,Sample236,scat,38.7293,-121.80528,12,23,2015,RE,gray_fox
S16-0015,Sample237,scat,38.72931,-121.80527,12,31,2015,SPQ,gray_fox
S16-0016,Sample238,scat,38.72931,-121.80527,12,31,2015,SPQ,gray_fox
S16-0017,Sample239,scat,38.72931,-121.80527,12,31,2015,SPQ,gray_fox
S16-0018,Sample240,scat,38.72931,-121.80527,12,31,2015,SPQ,gray_fox
S13-1475,Sample241,scat,38.54137,-121.71068,5,6,2013,JH,possum
S13-1882,Sample242,scat,38.51611,-121.69507,6,19,2013,KM,possum
S13-1883,Sample243,scat,38.51543,-121.69096,6,19,2013,KM,possum
S13-1966,Sample244,scat,38.52914,-121.92448,6,21,2013,KM,possum
S13-2404,Sample245,scat,38.45453,-121.81335,7,29,2013,KM,possum
S13-2407,Sample246,scat,38.45457,-121.81364,7,29,2013,KM,possum
S13-2411,Sample247,scat,38.4546,-121.81412,7,29,2013,KM,possum
S13-2423,Sample248,scat,38.45456,-121.81344,7,29,2013,MH,possum
S13-2464,Sample249,scat,38.45456,-121.81351,8,8,2013,KM,possum
S13-2890,Sample250,scat,38.45328,-121.81358,8,30,2013,KM,possum
S13-3549,Sample251,scat,38.54317,-121.69757,11,24,2013,PBA,possum
S13-1823,Sample252,scat,38.4917,-121.78967,5,24,2013,KM,raccoon
S13-2076,Sample253,scat,38.44029,-121.83466,6,28,2013,MH,raccoon
S13-2393,Sample254,scat,38.54335,-121.69585,7,26,2013,MH,raccoon
S13-2469,Sample255,scat,38.5335,-121.89304,8,8,2013,MH,raccoon
S13-2565,Sample256,scat,38.45331,-121.81366,8,23,2013,MH,raccoon
S13-2892,Sample257,scat,38.42344,-121.98356,8,30,2013,KM,raccoon
S13-2893,Sample258,scat,38.53497,-121.89107,8,30,2013,KM,raccoon
S13-2894,Sample259,scat,38.53497,-121.89107,8,30,2013,KM,raccoon
S13-3551,Sample260,scat,38.54315,-121.69745,11,24,2013,PBA,raccoon
S14-0003,Sample261,scat,39.30139,-121.78695,12,13,2013,KM,raccoon
S15-0987,Sample262,scat,38.05431,-121.69755,6,1,2015,TB,raccoon
S15-1664,Sample263,scat,39.56804,-122.08138,6,30,2015,SPQ,raccoon
S15-1974,Sample264,scat,40.12942,-122.17123,10,5,2015,SPQ,raccoon
S15-1975,Sample265,scat,40.12942,-122.17123,10,5,2015,SPQ,raccoon
S15-1999,Sample266,scat,39.54422,-122.20271,10,12,2015,SPQ,raccoon
S15-2010,Sample267,scat,38.71407,-122.05986,10,15,2015,AK,raccoon
S15-3134,Sample268,scat,39.68007,-121.77714,11,5,2015,SA,raccoon
S15-1697,Sample269,scat,39.587,-121.67144,9,22,2015,SPQ,raccoon
S15-1698,Sample270,scat,39.587,-121.67144,9,22,2015,SPQ,raccoon
S15-1699,Sample271,scat,39.587,-121.67144,9,22,2015,SPQ,raccoon
S14-2255,Sample272,scat,39.22018,-122.01665,9,29,2014,KM,D
S14-2256,Sample273,scat,39.22033,-122.01662,9,29,2014,KM,D
S15-0051,Sample274,scat,40.10059,-122.15135,2,11,2015,PBA,D
S15-0196,Sample275,scat,40.10035,-122.15134,2,26,2015,KM,D
S15-0197,Sample276,scat,40.09964,-122.15109,2,26,2015,KM,D
S15-0198,Sample277,scat,40.09937,-122.15098,2,26,2015,KM,D
S15-0199,Sample278,scat,40.10088,-122.15167,2,26,2015,TB,D
S15-0553,Sample279,scat,39.33926,-121.68563,3,25,2015,TB,D
,Sample280,hair,40.14675,-122.12125,3,26,2015,TB,D
S15-0815,Sample281,scat,39.67431,-121.77988,4,21,2015,TB,D
S15-0819,Sample282,scat,39.73418,-122.1593,4,30,2015,TB,D
S15-0823,Sample283,scat,38.54301,-121.69803,5,4,2015,TB,D
S15-0826,Sample284,scat,39.22057,-122.01743,5,6,2015,TB,D
S15-0827,Sample285,scat,39.22057,-122.01743,5,6,2015,TB,D
S15-0832,Sample286,scat,39.22005,-122.01719,5,6,2015,TB,D
S15-0833,Sample287,scat,39.22005,-122.01719,5,6,2015,TB,D
S15-0834,Sample288,scat,39.22005,-122.01719,5,6,2015,TB,D
S15-0835,Sample289,scat,39.22005,-122.01719,5,6,2015,TB,D
S15-0836,Sample290,scat,39.22005,-122.01719,5,6,2015,TB,D
S15-0837,Sample291,scat,39.22005,-122.01719,5,6,2015,TB,D
S15-0838,Sample292,scat,39.22005,-122.01719,5,6,2015,TB,D
S15-0839,Sample293,scat,39.22005,-122.01719,5,6,2015,TB,D
S15-0840,Sample294,scat,39.22023,-122.01701,5,6,2015,TB,D
S15-0841,Sample295,scat,39.22023,-122.01701,5,6,2015,TB,D
S15-0842,Sample296,scat,39.22023,-122.01701,5,6,2015,TB,D
S15-0843,Sample297,scat,39.22023,-122.01701,5,6,2015,TB,D
S15-0845,Sample298,scat,39.22023,-122.01701,5,6,2015,TB,D
S15-0846,Sample299,scat,39.22023,-122.01701,5,6,2015,TB,D
S15-0847,Sample300,scat,39.22023,-122.01701,5,6,2015,TB,D
S15-0848,Sample301,scat,39.22023,-122.01701,5,6,2015,TB,D
S15-0849,Sample302,scat,39.22023,-122.01701,5,6,2015,TB,D
S15-0850,Sample303,scat,39.22023,-122.01701,5,6,2015,TB,D
S15-0851,Sample304,scat,39.22023,-122.01701,5,6,2015,TB,D
S15-0852,Sample305,scat,39.22023,-122.01701,5,6,2015,TB,D
S15-0853,Sample306,scat,39.22023,-122.01701,5,6,2015,TB,D
S15-0854,Sample307,scat,39.22023,-122.01701,5,6,2015,TB,D
S15-0855,Sample308,scat,39.22023,-122.01701,5,6,2015,TB,D
S15-0856,Sample309,scat,39.22023,-122.01701,5,6,2015,TB,D
S15-0857,Sample310,scat,39.22023,-122.01701,5,6,2015,TB,D
S15-0858,Sample311,scat,39.22023,-122.01701,5,6,2015,TB,D
S15-0859,Sample312,scat,39.22023,-122.01701,5,6,2015,TB,D
S15-0888,Sample313,scat,38.97074,-122.10047,5,14,2015,TB,D
S15-0889,Sample314,scat,38.97074,-122.10047,5,14,2015,TB,D
S15-0890,Sample315,scat,38.97074,-122.10047,5,14,2015,TB,D
S15-0891,Sample316,scat,38.97074,-122.10047,5,14,2015,TB,D
S15-0892,Sample317,scat,38.97074,-122.10047,5,14,2015,TB,D
S15-0895,Sample318,scat,38.97074,-122.10047,5,14,2015,TB,D
S15-0897,Sample319,scat,39.21995,-122.01704,5,14,2015,TB,D
S15-0899,Sample320,scat,39.22005,-122.01719,5,14,2015,TB,D
S15-0900,Sample321,scat,39.22005,-122.01719,5,14,2015,TB,D
S15-0901,Sample322,scat,39.22005,-122.01719,5,14,2015,TB,D
S15-0902,Sample323,scat,39.22005,-122.01719,5,14,2015,TB,D
S15-0903,Sample324,scat,39.22023,-122.01701,5,14,2015,TB,D
S15-0904,Sample325,scat,39.22023,-122.01701,5,14,2015,TB,D
S15-0905,Sample326,scat,39.22023,-122.01701,5,14,2015,TB,D
S15-0960,Sample327,scat,38.97074,-122.10047,5,21,2015,TB,D
S15-0961,Sample328,scat,38.97074,-122.10047,5,21,2015,TB,D
S15-0962,Sample329,scat,38.97074,-122.10047,5,21,2015,TB,D
S15-0963,Sample330,scat,38.97074,-122.10047,5,21,2015,TB,D
S15-0964,Sample331,scat,38.97074,-122.10047,5,21,2015,TB,D
S15-0965,Sample332,scat,38.97074,-122.10047,5,21,2015,TB,D
S15-0966,Sample333,scat,38.97074,-122.10047,5,21,2015,TB,D
S15-0967,Sample334,scat,38.97074,-122.10047,5,21,2015,TB,D
S15-0968,Sample335,scat,38.97074,-122.10047,5,21,2015,TB,D
S15-0969,Sample336,scat,38.97074,-122.10047,5,21,2015,TB,D
S15-0970,Sample337,scat,38.97074,-122.10047,5,21,2015,TB,D
S15-0971,Sample338,scat,38.97074,-122.10047,5,21,2015,TB,D
S15-0972,Sample339,scat,38.97074,-122.10047,5,21,2015,TB,D
S15-0973,Sample340,scat,38.97074,-122.10047,5,21,2015,TB,D
S15-0974,Sample341,scat,39.22057,-122.01743,5,21,2015,TB,D
S15-0975,Sample342,scat,39.22005,-122.01719,5,21,2015,TB,D
S15-0976,Sample343,scat,39.22005,-122.01719,5,21,2015,TB,D
S15-0977,Sample344,scat,39.22023,-122.01701,5,21,2015,TB,D
S15-0978,Sample345,scat,39.22023,-122.01701,5,21,2015,TB,D
S15-0979,Sample346,scat,39.22023,-122.01701,5,21,2015,TB,D
S15-0980,Sample347,scat,39.22023,-122.01701,5,21,2015,TB,D
S15-0981,Sample348,scat,39.22023,-122.01701,5,21,2015,TB,D
S15-1072,Sample349,scat,38.54309,-121.69879,5,27,2015,TB,D
S15-1074,Sample350,scat,38.97074,-122.10047,5,28,2015,TB,D
S15-1075,Sample351,scat,38.97074,-122.10047,5,28,2015,TB,D
S15-1076,Sample352,scat,38.97074,-122.10047,5,28,2015,TB,D
S15-1077,Sample353,scat,38.97074,-122.10047,5,28,2015,TB,D
S15-1078,Sample354,scat,38.97074,-122.10047,5,28,2015,TB,D
S15-1079,Sample355,scat,38.97074,-122.10047,5,28,2015,TB,D
S15-1080,Sample356,scat,38.97074,-122.10047,5,28,2015,TB,D
S15-1081,Sample357,scat,38.97074,-122.10047,5,28,2015,TB,D
S15-1082,Sample358,scat,38.97074,-122.10047,5,28,2015,TB,D
S15-1083,Sample359,scat,38.97074,-122.10047,5,28,2015,TB,D
S15-1084,Sample360,scat,39.22018,-122.01639,5,28,2015,TB,D
S15-1085,Sample361,scat,39.22023,-122.01701,5,28,2015,TB,D
S15-1086,Sample362,scat,39.22054,-122.01727,5,28,2015,TB,D
S15-1087,Sample363,scat,39.22005,-122.01719,5,28,2015,TB,D
S15-1088,Sample364,scat,39.22005,-122.01719,5,28,2015,TB,D
S15-1089,Sample365,scat,39.22005,-122.01719,5,28,2015,TB,D
S15-0996,Sample366,scat,39.65219,-121.79004,6,2,2015,TB,D
S15-0998,Sample367,scat,39.65219,-121.79004,6,2,2015,TB,D
S15-0999,Sample368,scat,39.65219,-121.79004,6,2,2015,TB,D
S15-1000,Sample369,scat,39.65219,-121.79004,6,2,2015,TB,D
S15-1006,Sample370,scat,39.00423,-122.09678,6,4,2015,TB,D
S15-1007,Sample371,scat,39.00423,-122.09678,6,4,2015,TB,D
S15-1008,Sample372,scat,39.00423,-122.09678,6,4,2015,TB,D
S15-1010,Sample373,scat,39.00423,-122.09678,6,4,2015,TB,D
S15-1011,Sample374,scat,39.00423,-122.09678,6,4,2015,TB,D
S15-1012,Sample375,scat,39.00423,-122.09678,6,4,2015,TB,D
S15-1013,Sample376,scat,39.00423,-122.09678,6,4,2015,TB,D
S15-1014,Sample377,scat,39.00423,-122.09678,6,4,2015,TB,D
S15-1015,Sample378,scat,39.00423,-122.09678,6,4,2015,TB,D
S15-1016,Sample379,scat,39.00423,-122.09678,6,4,2015,TB,D
S15-1017,Sample380,scat,39.00423,-122.09678,6,4,2015,TB,D
S15-1018,Sample381,scat,39.00423,-122.09678,6,4,2015,TB,D
S15-1019,Sample382,scat,39.00423,-122.09678,6,4,2015,TB,D
S15-1020,Sample383,scat,39.22023,-122.01701,6,4,2015,TB,D
S15-1021,Sample384,scat,39.22023,-122.01701,6,4,2015,TB,D
S15-1022,Sample385,scat,39.21991,-122.01702,6,4,2015,TB,D
S15-1023,Sample386,scat,39.22012,-122.01701,6,4,2015,TB,D
S15-1025,Sample387,scat,39.22063,-122.01712,6,4,2015,TB,D
S15-1026,Sample388,scat,39.22063,-122.01712,6,4,2015,TB,D
S15-1027,Sample389,scat,39.22063,-122.01712,6,4,2015,TB,D
S15-1028,Sample390,scat,39.22063,-122.01712,6,4,2015,TB,D
S15-1029,Sample391,scat,39.22063,-122.01712,6,4,2015,TB,D
S15-1030,Sample392,scat,39.22063,-122.01712,6,4,2015,TB,D
S15-1046,Sample393,scat,39.64966,-121.78941,6,10,2015,TB,D
S15-1048,Sample394,scat,39.64966,-121.78941,6,10,2015,TB,D
S15-1049,Sample395,scat,39.6485,-121.78828,6,10,2015,TB,D
S15-1053,Sample396,scat,39.64966,-121.78941,6,10,2015,SPQ,D
S15-1059,Sample397,scat,39.00423,-122.09678,6,11,2015,TB,D
S15-1060,Sample398,scat,39.00423,-122.09678,6,11,2015,TB,D
S15-1061,Sample399,scat,39.00423,-122.09678,6,11,2015,TB,D
S15-1063,Sample400,scat,39.00423,-122.09678,6,11,2015,TB,D
S15-1064,Sample401,scat,39.00423,-122.09678,6,11,2015,TB,D
S15-1065,Sample402,scat,39.22062,-122.01714,6,11,2015,SPQ,D
S15-1067,Sample403,scat,39.22062,-122.01714,6,11,2015,SPQ,D
S15-1068,Sample404,scat,39.22062,-122.01714,6,11,2015,SPQ,D
S15-1069,Sample405,scat,39.22062,-122.01714,6,11,2015,SPQ,D
S15-1070,Sample406,scat,39.2205,-122.01734,6,11,2015,SPQ,D
S15-1655,Sample407,scat,38.97024,-122.10004,6,17,2015,SPQ,D
S15-1656,Sample408,scat,39.21886,-122.0167,6,17,2015,TB,D
S15-1661,Sample409,scat,39.56614,-122.07818,6,30,2015,TB,D
S15-1663,Sample410,scat,39.56957,-122.08218,6,30,2015,SPQ,D
S15-1665,Sample411,scat,39.56614,-122.07818,6,30,2015,SPQ,D
S15-1667,Sample412,scat,39.5724,-122.08392,6,30,2015,SPQ,D
S15-1608,Sample413,tissue,39.23046,-122.02312,9,9,2015,SPQ,D
S15-1696,Sample414,scat,38.80994,-121.63431,9,15,2015,SPQ,D
S15-1965,Sample415,scat,38.89532,-121.41235,9,29,2015,SPQ,D
S15-1966,Sample416,scat,38.89542,-121.41272,9,29,2015,SPQ,D
S15-1967,Sample417,scat,38.8956,-121.41308,9,29,2015,SPQ,D
S15-1968,Sample418,scat,38.89565,-121.41315,9,29,2015,SPQ,D
S15-1969,Sample419,scat,38.89565,-121.41315,9,29,2015,SPQ,D
S15-1971,Sample420,scat,38.89565,-121.41315,9,29,2015,SPQ,D
S15-1976,Sample421,scat,40.10925,-122.16334,10,5,2015,SPQ,D
S14-2257,Sample422,scat,39.98382,-122.16186,10,4,2014,KM,F
S14-2907,Sample423,scat,39.98383,-122.16144,11,14,2014,PBA,F
S15-0829,Sample424,scat,39.65207,-121.79006,5,6,2015,TB,F
S15-0831,Sample425,scat,39.65219,-121.79004,5,6,2015,TB,F
S15-0931,Sample426,tissue,39.65082,-121.78991,5,19,2015,TB,F
S15-0932,Sample427,scat,39.65106,-121.79018,5,19,2015,TB,F
S15-0933,Sample428,scat,39.65194,-121.79025,5,19,2015,TB,F
S15-0934,Sample429,scat,39.65219,-121.79004,5,19,2015,TB,F
S15-0935,Sample430,scat,39.65219,-121.79004,5,19,2015,TB,F
S15-0936,Sample431,scat,39.65219,-121.79004,5,19,2015,TB,F
S15-0937,Sample432,scat,39.65219,-121.79004,5,19,2015,TB,F
S15-0938,Sample433,scat,39.65219,-121.79004,5,19,2015,TB,F
S15-0939,Sample434,scat,39.65219,-121.79004,5,19,2015,TB,F
S15-0940,Sample435,scat,39.65219,-121.79004,5,19,2015,TB,F
S15-0941,Sample436,scat,39.65219,-121.79004,5,19,2015,TB,F
S15-0942,Sample437,scat,39.65219,-121.79004,5,19,2015,TB,F
S15-0943,Sample438,scat,39.65219,-121.79004,5,19,2015,TB,F
S15-0945,Sample439,scat,39.65219,-121.79004,5,19,2015,TB,F
S15-0946,Sample440,scat ,39.65079,-121.78999,5,19,2015,TB,F
S15-0947,Sample441,scat,39.65079,-121.78999,5,19,2015,TB,F
S15-1657,Sample442,scat,39.64968,-121.78947,6,25,2015,TB,F
S15-1668,Sample443,scat,39.64946,-121.78922,7,10,2015,SPQ,F
S15-1671,Sample444,scat,39.65027,-121.78993,7,10,2015,SPQ,F
S15-1672,Sample445,scat,39.65027,-121.78993,7,10,2015,SPQ,F
S15-1673,Sample446,scat,39.65027,-121.78993,7,10,2015,SPQ,F
S15-1674,Sample447,scat,39.65027,-121.78999,7,10,2015,SPQ,F
S15-1675,Sample448,scat,39.65083,-121.79019,7,10,2015,SPQ,F
S15-1677,Sample449,scat,39.65181,-121.79017,7,10,2015,SPQ,F
S15-0812,Sample450,scat,38.54319,-121.69475,4,20,2015,TB,G
S15-0817,Sample451,scat,38.54299,-121.69752,4,27,2015,TB,G
S15-0822,Sample452,scat,38.54304,-121.69,5,4,2015,TB,G
S15-0824,Sample453,scat,38.54305,-121.69803,5,4,2015,TB,G
S15-0828,Sample454,scat,39.22014,-122.01687,5,6,2015,TB,G
S15-0862,Sample455,scat,38.54297,-121.69805,5,8,2015,TB,G
S15-0864,Sample456,scat,38.54297,-121.69805,5,8,2015,TB,G
S15-0865,Sample457,scat,38.54297,-121.69805,5,8,2015,TB,G
S15-0866,Sample458,scat,38.54297,-121.69805,5,8,2015,TB,G
S15-0867,Sample459,scat,38.54297,-121.69805,5,8,2015,TB,G
S15-0868,Sample460,scat,38.54297,-121.69805,5,8,2015,TB,G
S15-0869,Sample461,scat,38.54297,-121.69805,5,8,2015,TB,G
S15-0870,Sample462,scat,38.54297,-121.69805,5,8,2015,TB,G
S15-0871,Sample463,scat,38.54297,-121.69805,5,8,2015,TB,G
S15-0880,Sample464,scat,38.54297,-121.69805,5,13,2015,TB,G
S15-0881,Sample465,scat,38.54297,-121.69805,5,13,2015,TB,G
S15-0882,Sample466,scat,38.54297,-121.69805,5,13,2015,TB,G
S15-0884,Sample467,scat,38.54297,-121.69805,5,13,2015,TB,G
S15-0885,Sample468,scat,38.54297,-121.69805,5,13,2015,TB,G
S15-0886,Sample469,scat,38.54297,-121.69805,5,13,2015,TB,G
S15-0948,Sample470,scat,38.54268,-121.69741,5,20,2015,TB,G
S15-0949,Sample471,scat,38.54297,-121.69805,5,20,2015,TB,G
S15-0950,Sample472,scat,38.54297,-121.69805,5,20,2015,TB,G
S15-0951,Sample473,scat,38.54297,-121.69805,5,20,2015,TB,G
S15-0952,Sample474,scat,38.54297,-121.69805,5,20,2015,TB,G
S15-0954,Sample475,scat,38.54297,-121.69805,5,20,2015,TB,G
S15-0955,Sample476,scat,38.54297,-121.69805,5,20,2015,TB,G
S15-0956,Sample477,scat,38.54297,-121.69805,5,20,2015,TB,G
S15-0957,Sample478,scat,38.54297,-121.69805,5,20,2015,TB,G
S15-0958,Sample479,scat,38.54297,-121.69805,5,20,2015,TB,G
S15-0959,Sample480,scat,38.54297,-121.69805,5,20,2015,TB,G
S15-0988,Sample481,scat,38.54297,-121.69805,6,1,2015,TB,G
S15-0989,Sample482,scat,38.54297,-121.69805,6,1,2015,TB,G
S15-0990,Sample483,scat,38.54297,-121.69805,6,1,2015,TB,G
S15-0991,Sample484,scat,38.54297,-121.69805,6,1,2015,TB,G
S15-0992,Sample485,scat,38.54297,-121.69805,6,1,2015,TB,G
S15-0993,Sample486,scat,38.54297,-121.69805,6,1,2015,TB,G
S16-0005,Sample487,scat,38.81169,-121.63482,12,15,2015,SPQ,D
S16-0007,Sample488,scat,39.02434,-121.81716,12,18,2015,SPQ,D
S15-1978,Sample489,scat,40.00539,-122.13945,10,5,2015,SPQ,F
S15-1979,Sample490,scat,40.00512,-122.13993,10,5,2015,SPQ,F
S15-1981,Sample491,scat,40.0132,-122.14539,10,5,2015,SPQ,F
S15-2167,Sample492,scat,40.01327,-122.14536,10,19,2015,TB,F
S15-3156,Sample493,scat,40.01348,-122.14521,11,30,2015,SPQ,F
S15-3157,Sample494,scat,40.01339,-122.1453,11,30,2015,SPQ,F
S15-3158,Sample495,scat,40.01337,-122.14536,11,30,2015,SPQ,F
S15-3159,Sample496,scat,40.01294,-122.14495,11,30,2015,SPQ,F
S16-0001,Sample497,scat,40.01279,-122.14483,12,14,2015,SPQ,F
S14-0902,Sample498,scat,38.52635,-121.7605,5,29,2014,KM,skunk
