ID,Gender,ADCYCa,ADCYCb,BM6506a,BM6506b,CELB9a,CELB9b,CERVID1a,CERVID1b,ETH152a,ETH152b,SBTD04a,SBTD04b,SBTD05a,SBTD05b,SBTD06a,SBTD06b,SBTD07a,SBTD07b,TGLA94a,TGLA94b
S13-1424a,,241,239,198,196,233,231,177,177,239,221,282,274,135,127,198,182,194,194,143,129
S13-1438a,,241,241,198,194,233,231,181,179,,,278,270,135,111,198,190,202,186,129,121
S13-1442a,180,241,241,198,194,233,233,181,179,223,223,286,270,135,111,198,190,186,170,143,129
S13-1443a,180,241,241,198,194,233,233,181,179,223,223,270,270,135,111,198,190,186,170,143,129
S13-1448a,,241,241,198,194,233,231,181,179,,,,,135,111,198,198,202,186,129,121
S13-1450a,,241,241,198,194,233,231,181,179,221,221,278,278,135,111,198,190,202,186,129,121
S13-1451a,,,,198,196,227,227,177,175,,,,,135,131,194,190,190,182,143,121
S13-1452a,,241,241,198,194,233,231,181,179,223,221,278,270,135,111,198,190,202,186,129,121
S13-1453a,180,,,198,196,227,227,181,181,231,219,278,236,135,127,194,190,190,190,143,121
S13-1454a,180,241,239,198,194,227,227,175,173,223,217,278,262,135,135,194,194,198,178,129,121
S13-1611a,,241,241,196,194,227,227,181,177,229,227,278,278,129,129,190,190,190,174,143,143
S13-1612a,,241,241,196,194,227,227,177,163,219,219,258,258,135,129,190,190,174,174,143,119
S13-1613a,180,241,241,200,194,227,227,,,229,219,278,260,135,135,194,190,186,178,143,121
S13-1614a,,241,241,196,194,231,227,177,163,,,282,258,129,127,190,190,190,190,143,121
S13-1615a,,241,237,198,196,231,227,181,163,227,223,278,258,127,127,198,190,190,190,121,121
S13-1616a,,241,239,196,194,237,227,177,171,235,225,282,270,139,139,190,190,190,190,129,121
S13-1617a,,241,239,196,194,237,227,177,171,235,225,282,270,139,139,190,190,190,190,129,121
S13-1618a,,239,239,196,194,237,231,177,177,231,213,282,278,131,127,190,190,190,182,121,121
S13-1622a,180,241,241,200,198,227,227,175,173,235,227,278,262,127,123,194,190,190,190,121,119
S13-1623a,,239,239,198,196,229,229,173,173,,,260,260,139,135,194,190,182,174,121,121
S13-1676a,180,241,239,200,198,,,,,229,229,268,262,139,127,198,190,190,182,121,121
S13-1677a,,241,239,200,194,237,237,183,177,229,217,270,268,139,131,190,190,194,182,121,121
S13-1682a,,241,241,196,196,233,229,181,173,229,225,282,266,135,135,190,182,190,178,121,121
S13-1683a,,241,241,196,194,,,,,241,225,278,278,139,139,190,190,194,190,121,119
S13-1684a,180,239,239,196,196,227,227,177,175,225,213,282,274,139,135,194,182,190,190,143,119
S13-1685a,180,241,239,196,194,233,233,181,173,229,229,268,266,135,129,190,182,190,174,143,121
S13-1686a,180,241,239,196,194,233,233,181,173,229,229,268,266,135,129,190,182,190,174,143,121
S13-1735a,180,239,239,200,198,,,,,223,223,270,260,135,135,190,182,190,182,143,121
S13-1737a,,,,196,196,227,227,,,227,221,,,135,135,190,190,194,186,143,121
S13-1738a,,239,239,194,194,237,227,183,177,225,225,278,274,135,135,190,190,190,174,143,121
S13-1741a,,239,239,196,196,231,229,161,161,229,221,274,270,135,127,194,190,194,174,121,121
S13-1743a,,241,239,196,194,237,227,177,171,235,225,282,270,139,139,190,190,190,190,129,121
S13-1745a,,239,239,200,196,229,227,181,173,227,223,282,260,135,135,194,190,182,182,143,121
S13-1746a,,239,239,196,194,227,227,177,171,235,225,,,139,139,190,190,190,190,129,121
S13-1751a,,239,239,196,196,,,,,217,217,254,254,129,129,194,190,190,190,121,121
S13-1760a,180,241,239,200,198,237,237,183,177,229,227,268,262,139,127,198,190,190,182,121,121
S13-1762a,,241,239,200,194,237,237,,,229,229,270,270,139,131,190,190,194,182,121,121
S13-1765a,,241,239,196,194,233,227,169,163,229,227,286,274,135,127,198,190,190,190,121,121
S13-1772a,,241,241,194,194,,,183,183,229,223,,,127,127,190,190,190,190,143,121
S13-1773a,180,239,239,198,196,227,227,173,173,229,223,274,258,127,127,194,190,186,178,143,121
S13-1774a,180,239,239,198,196,227,227,181,173,229,223,274,258,127,127,194,190,186,178,143,121
S13-1777a,180,239,239,200,200,,,,,227,217,282,282,135,127,190,190,182,178,143,143
S13-1778a,180,,,198,198,237,237,177,177,231,231,282,260,131,127,194,194,190,174,121,121
S13-1779a,,241,241,194,194,227,227,183,169,229,225,286,258,139,127,198,190,190,190,143,121
S13-1780a,180,239,239,200,198,237,237,181,177,227,227,262,262,123,123,190,190,178,174,121,121
S13-1892a,,,,196,196,227,227,,,,,274,268,139,135,190,190,186,182,143,121
S13-1893a,,241,241,198,194,227,227,169,163,225,219,274,258,129,127,190,190,194,174,143,119
S13-1894a,,241,239,196,194,237,227,177,171,235,225,282,270,139,139,190,190,190,190,129,121
S13-1895a,,241,239,196,194,237,227,177,171,235,225,282,270,139,139,190,190,190,190,129,121
S13-1897a,,241,239,196,194,237,227,177,171,235,225,282,270,139,139,190,190,190,190,129,121
S13-1900a,180,241,241,200,196,227,227,181,161,241,219,262,248,135,123,198,194,190,190,121,121
S13-1904a,180,239,239,200,200,237,237,177,173,229,223,278,248,139,139,190,190,182,174,143,143
S13-1907a,,,,194,194,,,177,177,239,227,278,278,135,131,194,190,186,174,121,121
S13-1911a,,241,241,200,194,237,237,177,177,229,229,270,268,139,131,190,190,194,182,121,121
S13-1912a,,241,239,200,194,237,237,183,177,229,217,268,268,139,131,190,190,194,182,121,121
S13-1913a,,239,239,196,196,231,227,171,169,227,223,274,264,139,139,194,190,190,182,121,121
S13-1914a,180,241,239,196,194,229,229,173,173,227,225,274,268,135,135,190,190,190,174,121,121
S13-1915a,,239,239,196,196,231,227,171,169,227,223,274,264,139,135,194,190,190,182,121,121
S13-1918a,,239,239,196,196,,,177,173,229,229,282,248,139,135,194,190,190,160,121,121
S13-1919a,,241,239,196,196,237,227,177,173,225,225,282,260,139,135,190,190,190,190,121,121
S13-1920a,,239,239,196,196,241,237,177,173,227,225,274,270,135,135,194,190,190,174,121,119
S13-1921a,180,239,239,196,194,227,227,183,175,239,225,270,268,135,135,190,190,190,182,143,143
S13-1922a,180,239,239,196,196,231,231,175,161,225,219,274,244,131,129,190,190,190,178,121,121
S13-1923a,180,241,239,196,196,237,237,173,161,227,225,290,274,135,135,190,190,190,190,121,121
S13-1924a,180,239,239,196,194,233,233,179,173,227,213,274,270,135,127,190,190,194,190,143,121
S13-1925a,180,,,198,198,,,,,227,227,270,270,139,135,190,190,190,170,143,121
S13-1926a,180,239,239,200,196,233,233,179,165,227,225,274,270,139,135,190,190,182,174,121,119
S13-1929a,,241,239,200,196,237,227,179,175,225,225,274,262,139,135,194,190,190,174,129,119
S13-1932a,180,241,239,200,196,227,227,177,175,229,217,274,274,135,123,190,182,182,182,121,119
S13-1933a,180,241,241,196,194,227,227,177,161,229,227,286,260,139,135,190,190,194,178,143,121
S13-1935a,,239,239,198,196,227,227,177,175,229,227,274,268,139,135,190,190,186,182,143,121
S13-1938a,,241,237,196,196,227,227,173,173,227,225,290,278,139,127,190,190,190,182,121,121
S13-1939a,,239,239,194,194,237,237,177,161,227,217,282,270,139,135,190,190,194,182,143,143
S13-1940a,,,,196,196,227,227,,,225,223,290,248,129,129,190,190,190,182,121,121
S13-1941a,,241,241,196,196,,,,,225,215,,,129,129,182,182,182,166,143,121
S13-1942a,,239,237,196,196,231,227,173,173,225,213,290,268,135,129,190,190,190,182,143,121
S13-1945a,,239,237,196,196,231,227,173,173,225,213,290,268,135,129,190,190,190,182,143,121
S13-1951a,180,239,239,198,196,227,227,181,173,229,223,274,258,127,127,194,190,186,178,143,121
S13-1959a,180,239,239,198,196,227,227,173,173,229,223,274,258,127,127,194,190,186,178,143,121
S13-1962a,,241,239,198,196,233,233,177,171,241,241,278,262,135,135,190,190,190,174,143,121
S13-1963a,,241,241,194,194,227,227,183,169,229,227,286,258,139,127,198,190,190,190,143,121
S13-1964a,,241,241,196,196,227,227,173,161,241,227,264,254,131,127,190,190,190,182,121,121
S13-1985a,,241,239,200,198,227,227,175,175,217,217,282,274,139,135,190,190,194,186,143,129
S13-1992a,,241,239,194,194,237,227,179,181,235,225,290,274,135,135,198,190,190,178,143,121
S13-1993a,,241,239,196,196,237,237,179,177,225,213,282,270,135,127,190,182,190,182,121,121
S13-1994a,,241,239,196,196,237,237,179,177,225,213,282,270,135,127,190,182,190,182,121,121
S13-2005a,,239,239,196,196,231,227,177,171,223,217,274,270,139,135,190,190,190,182,121,121
S13-2006a,,239,239,196,196,231,227,171,169,227,223,274,264,139,139,194,190,190,182,121,121
S13-2007a,180,239,239,200,194,239,227,177,171,229,225,274,264,139,127,194,190,190,186,121,121
S13-2008a,,241,239,200,196,237,227,179,175,225,225,274,262,139,139,194,190,190,174,129,119
S13-2010a,,239,239,200,196,,,179,173,207,207,274,262,139,131,194,190,174,174,129,121
S13-2012a,180,239,239,200,196,227,227,177,177,229,213,278,260,139,135,190,190,190,182,143,121
S13-2013a,180,241,239,200,196,237,237,179,175,235,229,274,254,139,127,194,190,194,182,121,119
S13-2014a,,241,239,196,194,237,227,177,171,235,225,282,270,139,139,190,190,190,190,129,121
S13-2015a,,241,239,196,194,237,227,177,171,235,225,282,270,139,139,190,190,190,190,129,121
S13-2016a,,241,239,196,194,,,,,,,270,270,139,139,190,190,190,190,129,121
S13-2018a,,241,239,198,194,227,227,181,161,227,225,282,270,135,135,190,190,194,194,121,121
S13-2021a,180,239,239,196,194,,,,,,,,,135,127,190,190,194,190,143,121
S13-2029a,,241,239,198,194,227,227,179,161,225,213,270,254,135,135,190,190,194,170,143,119
S13-2032a,,241,241,198,194,,,,,,,274,274,139,139,194,190,190,186,143,121
S13-2035a,,241,239,200,200,229,227,179,171,227,225,274,268,139,123,190,190,174,170,121,119
S13-2039a,,239,239,196,196,,,177,173,,,274,270,135,135,194,190,190,174,121,119
S13-2040a,180,239,239,196,196,231,231,175,161,,,,,131,129,190,190,190,178,121,121
S13-2049a,,241,239,198,196,227,227,177,177,229,229,282,248,139,135,190,190,190,190,121,121
S13-2054a,180,241,241,196,194,,,177,161,229,227,286,260,139,135,190,190,194,178,143,121
S13-2055a,,239,239,196,194,235,235,177,173,227,227,264,264,135,129,190,190,190,190,143,121
S13-2056a,,239,239,196,194,235,229,177,173,227,227,290,264,135,129,190,190,190,190,143,121
S13-2059a,,241,241,194,194,,,169,169,229,227,286,258,139,127,198,190,190,190,143,121
S13-2088a,,239,239,194,194,,,177,177,239,225,278,278,135,135,190,190,174,174,143,123
S13-2091a,,,,200,196,,,173,171,223,223,266,266,135,123,194,190,194,190,143,123
S13-2092a,180,239,239,196,196,237,237,179,177,225,223,282,274,135,135,194,190,190,178,121,121
S13-2093a,,241,239,198,198,231,227,175,173,227,217,290,278,139,135,190,190,190,174,143,121
S13-2094a,,241,239,198,198,231,227,175,173,217,217,290,278,139,135,190,190,190,174,143,121
S13-2096a,,239,239,196,194,237,233,161,161,223,217,,,135,127,190,190,,,,
S13-2099a,,241,239,196,194,233,229,177,173,227,227,274,258,139,127,194,190,194,190,121,121
S13-2101a,180,239,239,196,196,,,,,221,213,260,260,139,123,194,194,182,182,143,121
S13-2102a,180,239,239,196,196,231,231,175,173,221,213,268,260,139,123,194,190,182,182,143,121
S13-2103a,180,239,239,196,196,231,231,175,173,221,213,268,260,139,123,194,190,182,182,143,121
S13-2104a,,241,239,200,200,237,229,181,169,227,217,264,248,135,135,194,190,190,182,129,121
S13-2106a,180,241,241,200,194,233,233,177,171,231,231,286,264,131,127,194,190,182,182,143,119
S13-2111a,,241,239,198,194,241,233,,,229,219,290,274,139,139,194,190,190,186,143,121
S13-2112a,,241,241,200,194,233,227,179,177,225,225,274,270,135,123,190,190,174,170,121,119
S13-2114a,,241,241,194,198,225,233,,,223,223,,,139,139,194,194,186,186,121,143
S13-2123a,,241,241,194,194,227,227,169,169,229,227,286,258,139,127,198,190,190,190,143,121
S13-2125a,,241,241,194,194,227,227,183,169,229,227,286,258,139,127,198,190,190,190,143,121
S13-2135a,,241,239,194,194,237,229,173,171,235,231,290,282,135,127,190,190,190,174,129,121
S13-2141a,180,239,239,194,194,227,227,179,179,225,217,282,282,135,135,190,190,182,182,143,121
S13-2149a,180,239,239,198,198,227,227,177,161,241,219,260,258,127,123,190,190,190,182,121,121
S13-2154a,,241,241,196,196,237,231,177,173,227,223,268,268,135,135,190,190,182,182,121,121
S13-2159a,180,239,239,196,196,231,231,175,173,221,213,268,260,139,123,194,190,182,182,143,121
S13-2163a,180,239,239,196,194,,,,,229,227,282,244,131,129,190,190,194,194,119,119
S13-2167a,,239,239,196,196,237,229,179,175,225,223,278,248,131,123,190,190,186,182,121,119
s13-2170a,180,243,243,200,200,235,235,161,177,223,229,248,276,129,131,194,194,180,194,121,121
S13-2177a,,241,241,198,196,,,177,177,217,215,,,139,127,194,190,182,182,143,121
S13-2178a,,239,239,198,196,,,,,227,227,274,270,131,127,190,182,190,182,143,121
S13-2180a,180,241,239,196,194,227,227,173,167,229,223,278,270,135,127,190,190,186,178,143,121
S13-2187,,239,241,200,200,227,229,171,179,225,227,268,274,123,139,190,190,170,174,119,121
S13-2189a,,241,239,200,200,229,227,179,171,227,225,274,268,139,123,190,190,174,170,121,119
S13-2296a,,241,241,196,196,237,227,181,169,219,217,274,254,129,123,190,190,190,190,121,119
S13-2298a,,241,239,194,192,233,229,183,161,231,227,290,282,135,123,194,190,190,190,143,121
S13-2303a,180,239,239,196,196,231,231,175,173,231,227,290,278,135,135,190,190,190,178,121,121
S13-2306a,180,241,239,200,196,237,237,175,165,229,227,274,270,139,139,194,190,190,182,121,121
S13-2308a,180,239,239,,,,,177,173,,,270,254,127,127,194,190,170,170,121,121
S13-2310a,180,239,239,200,196,237,237,177,173,229,227,270,254,127,127,194,190,182,170,121,121
S13-2311a,180,239,239,200,196,,,177,173,229,227,,,127,127,190,190,182,170,121,121
S13-2312a,,239,239,200,200,,,177,173,229,227,254,254,127,127,194,194,182,182,121,121
S13-2316a,,241,241,196,194,,,,,223,223,282,260,129,127,190,190,190,190,121,121
S13-2322a,180,239,239,194,194,227,227,179,167,227,223,278,248,135,135,190,182,190,186,143,121
S13-2323a,180,241,239,194,194,237,229,173,171,235,231,290,282,135,127,190,190,190,174,129,121
S13-2326a,,239,237,196,196,231,227,173,171,225,213,290,268,135,129,190,190,190,182,143,121
S13-2331a,180,241,241,198,196,229,229,177,161,227,227,270,270,139,135,194,190,190,182,121,121
S13-2332a,180,241,241,198,196,229,229,177,161,227,217,270,268,139,135,194,190,190,182,121,121
S13-2333a,180,241,241,198,196,,,177,161,227,227,270,270,139,135,194,190,190,182,121,121
S13-2335a,,243,239,196,194,237,233,,,223,217,282,274,135,127,190,190,190,178,121,119
S13-2355a,180,241,241,196,196,,,,,,,274,274,139,129,190,190,,,121,121
S13-2478a,,241,239,196,194,237,237,175,175,239,225,264,248,139,127,198,190,190,182,121,119
S13-2484a,180,239,239,200,200,237,237,177,173,229,227,254,254,127,127,194,190,182,170,121,121
S13-2485a,180,,,196,196,,,173,173,,,,,127,127,194,190,170,170,121,121
S13-2487a,180,239,239,200,196,,,177,173,229,227,270,254,127,127,194,190,182,170,121,121
S13-2488a,180,239,239,200,196,,,177,173,,,,,127,127,194,190,182,170,121,121
S13-2489a,180,239,239,196,196,231,231,175,173,231,227,290,278,135,135,190,190,190,178,121,121
S13-2491a,180,239,239,200,198,,,179,179,223,223,,,129,127,190,190,182,174,143,143
S13-2493a,,241,241,200,194,237,233,173,173,235,223,282,266,129,129,190,190,190,186,143,121
S13-2508a,,239,239,198,196,,,177,175,235,219,286,270,139,127,190,190,194,190,121,121
S13-2511a,,239,239,196,194,227,227,181,179,223,217,290,274,139,127,190,190,190,190,143,121
S13-2512a,180,241,239,198,196,237,237,179,173,219,219,286,274,139,129,190,190,194,164,121,121
S13-2518a,,241,241,198,196,235,227,177,173,219,219,282,274,139,135,198,194,190,178,143,121
S13-2525a,180,239,239,194,194,227,227,179,167,227,223,278,248,135,135,190,182,190,186,143,121
S13-2526a,,241,241,196,194,237,237,175,173,235,223,282,260,129,129,190,190,190,190,121,121
S13-2528a,,241,241,200,194,,,,,,,282,266,129,129,190,190,190,186,143,121
S13-2529a,180,239,239,194,194,227,227,183,179,225,217,282,282,135,135,190,190,182,182,143,121
S13-2531a,,241,241,200,194,237,233,173,173,235,223,282,282,129,127,190,190,186,186,143,121
S13-2533a,,239,239,196,194,237,227,181,179,223,217,290,274,139,127,190,190,190,190,143,121
S13-2534a,180,239,239,198,196,229,229,179,175,229,225,290,274,123,123,194,190,190,182,121,121
S13-2535a,180,241,239,196,196,227,227,177,173,225,217,282,262,131,127,198,190,190,190,121,119
S13-2536a,,241,241,200,196,237,227,175,175,229,217,270,260,135,129,194,190,182,164,121,121
S13-2538a,,241,241,198,196,,,177,177,219,219,,,139,135,194,190,190,164,143,121
S13-2540a,180,241,241,196,196,,,177,175,227,227,274,260,135,135,190,190,190,190,143,121
S13-3559a,,239,239,196,194,237,227,181,179,223,217,290,274,139,127,190,190,190,190,143,121
S13-3561a,180,241,239,196,196,227,227,177,173,225,217,282,262,131,127,198,190,190,190,121,119
S13-3562a,180,241,239,196,196,227,227,177,173,225,217,282,262,131,131,198,190,190,190,121,119
s14-1008a,,241,239,200,198,237,227,177,163,227,225,270,260,135,135,190,180,194,190,121,119
S14-1009a,,239,239,196,196,237,231,177,175,225,217,270,270,135,131,190,182,190,190,143,121
S14-1010a,180,241,239,196,196,227,227,177,173,229,219,278,262,135,127,194,190,182,182,121,121
S14-1011a,,239,239,196,194,237,227,183,175,241,231,262,248,129,123,190,190,194,186,143,121
S14-1012a,,239,239,194,194,237,237,177,161,227,217,282,270,139,135,190,190,194,182,143,143
S14-1013a,,241,239,194,194,235,229,175,173,231,227,278,278,135,127,190,190,190,174,143,121
S14-1014a,180,241,239,196,196,227,227,177,169,225,219,282,254,139,139,190,190,178,178,143,121
S14-1015a,180,241,241,200,196,235,235,173,173,219,213,290,270,139,135,194,190,182,182,143,121
S14-1016a,180,241,239,196,196,227,227,175,175,227,227,274,270,135,127,194,190,174,170,121,119
S14-1017a,180,239,239,200,196,237,237,177,173,229,227,270,254,127,127,194,190,182,170,121,121
S14-1019a,,241,241,200,194,237,233,173,173,235,223,282,266,129,129,190,190,190,186,143,121
S14-1020a,180,241,239,198,196,,,175,173,223,217,,,127,127,190,190,194,190,121,121
S14-1023a,,241,241,196,194,227,227,177,163,225,219,274,258,135,129,190,190,174,174,143,119
S14-1024a,,241,241,196,194,227,227,177,163,225,219,274,258,135,129,190,190,174,174,143,119
S14-1025a,,241,241,196,194,227,227,177,163,225,219,274,258,135,129,190,190,174,174,143,119
S14-1026a,,241,241,196,194,227,227,177,163,225,219,274,258,135,129,190,190,174,174,143,119
S14-1027a,,241,241,196,194,227,227,177,163,225,219,274,258,135,129,190,190,174,174,143,119
S14-1028a,180,241,241,200,194,,,183,183,229,219,278,260,135,135,194,190,186,178,143,121
S14-1029a,180,241,241,200,194,227,227,183,181,229,219,278,260,135,135,194,190,186,178,143,121
S14-1030a,,239,239,196,196,229,229,175,161,229,221,274,270,135,127,194,190,194,174,121,121
S14-1031a,180,241,239,198,194,237,237,177,173,225,217,282,270,139,129,190,190,190,190,121,121
S14-1032a,,241,239,194,194,241,229,,177,239,227,274,270,139,139,190,190,190,182,121,121
S14-1033a,,241,239,196,194,237,227,177,171,235,225,282,270,139,139,190,190,190,190,129,121
S14-1034a,,241,239,196,194,233,229,179,175,229,225,270,260,135,129,190,182,190,182,121,119
S14-1035a,180,241,239,194,194,227,227,181,171,235,229,282,270,139,127,198,190,190,164,121,121
S14-1036a,,241,239,196,194,237,227,177,171,235,225,282,270,139,139,190,190,190,190,129,121
S14-1037a,,241,239,196,194,237,227,177,171,235,225,282,270,139,139,190,190,190,190,129,121
S14-1038a,180,241,241,196,196,227,227,181,171,235,227,282,270,139,135,190,190,190,164,129,121
S14-1039a,,241,239,196,194,237,227,177,171,235,225,282,270,139,139,190,190,190,190,129,121
S14-1040a,,241,239,196,194,227,227,177,163,225,219,274,258,135,129,190,190,174,174,143,119
S14-1041a,,241,241,196,194,227,227,177,163,225,219,274,258,135,129,190,190,174,174,143,119
S14-1042a,180,241,239,200,196,227,227,177,169,229,219,260,254,135,123,190,190,190,190,121,121
S14-1043a,,241,239,196,194,237,237,177,177,,,278,278,135,131,194,190,186,174,121,121
S14-1044a,,241,239,196,196,237,231,179,175,219,213,282,254,129,127,190,190,190,190,143,129
S14-1045a,,241,239,200,196,231,227,175,175,225,225,282,274,127,123,190,190,190,190,121,119
S14-1046a,,239,239,198,196,,,,,235,235,286,286,139,127,190,190,,,121,121
S14-1047a,,239,239,200,196,229,227,177,169,229,227,274,248,139,135,190,182,190,182,143,121
S14-1049a,,241,239,200,194,237,237,183,177,229,217,270,268,139,131,190,190,194,182,121,121
S14-1050a,,241,239,200,196,227,227,171,171,227,223,264,254,139,135,194,190,190,182,121,121
S14-1051a,,241,239,200,194,237,237,183,177,223,217,270,268,139,131,190,190,194,182,121,121
S14-1152a,,241,239,196,194,237,227,175,175,239,225,264,248,139,127,198,190,190,182,121,119
S14-1153a,180,241,239,200,194,233,233,177,177,229,229,278,256,135,131,198,190,164,164,143,121
S14-1154a,180,241,239,200,194,233,233,179,179,229,207,278,256,135,131,198,190,164,164,143,121
S14-1155a,,241,239,196,194,237,227,175,175,239,225,264,248,139,127,198,190,190,182,121,119
S14-1156a,180,239,239,194,194,,,,,,,270,270,135,135,190,190,,,121,121
S14-1163a,,241,239,200,194,231,227,175,163,225,217,266,260,135,135,190,182,194,182,143,123
S14-1165a,,239,237,196,196,231,227,173,173,225,213,290,268,135,129,190,190,190,182,143,121
S14-1166a,,243,239,196,194,231,227,175,173,213,207,290,274,135,129,190,190,190,174,143,121
S14-1167a,,241,239,194,194,235,229,175,173,231,227,278,278,135,127,190,190,190,174,143,121
S14-1168a,,241,237,196,196,235,227,177,173,227,213,290,286,135,135,194,190,190,182,121,121
S14-1169a,180,241,241,200,196,235,235,173,171,219,213,290,270,139,135,194,190,182,182,143,121
S14-1172a,,239,237,196,196,227,227,179,173,241,225,278,254,139,127,190,190,190,186,121,121
S14-1174a,180,241,239,198,194,227,227,177,161,231,219,278,270,131,131,190,190,194,174,121,121
S14-1175a,,241,239,196,196,237,237,,,225,213,,,135,127,190,182,,,121,121
S14-1176a,,241,239,200,198,237,227,177,163,227,225,270,260,135,135,190,190,194,190,121,119
S14-1179a,,241,241,200,194,227,227,181,161,219,219,278,248,131,123,198,190,190,174,121,119
S14-1186a,,241,239,196,196,237,231,179,175,219,213,282,254,129,129,190,190,190,190,143,129
S14-1188a,,241,239,196,196,233,231,183,173,227,227,286,268,135,135,190,190,190,182,121,121
S14-1189a,,241,239,200,200,237,229,181,169,227,217,264,248,135,135,194,190,190,182,129,121
S14-1190a,,239,239,200,194,237,237,183,177,229,217,,,139,131,190,190,194,182,121,121
S14-1192a,180,241,239,198,196,237,237,173,173,221,219,286,268,135,123,190,190,190,190,121,119
S14-1193a,180,241,241,196,196,227,227,181,171,235,227,282,270,139,135,190,190,190,164,129,121
S14-1194a,180,241,239,194,194,227,227,181,171,235,229,282,270,139,127,198,190,190,164,121,121
S14-1195a,180,241,239,194,194,227,227,181,171,235,229,282,270,139,127,198,190,190,164,121,121
S14-1197a,,241,241,196,194,227,227,177,163,225,219,274,258,135,129,190,190,174,174,143,119
S14-1198a,180,241,241,198,198,235,235,177,177,227,219,278,270,135,127,194,182,190,164,121,121
S14-1200a,,241,241,200,194,237,227,173,161,227,223,274,260,135,129,190,190,190,178,121,121
s14-1269a,,241,241,198,194,233,227,179,171,229,227,286,278,139,131,198,190,190,164,121,119
S14-1272a,,241,239,196,194,237,227,175,173,239,225,264,248,139,127,198,190,190,182,121,119
S14-1275a,,243,239,196,194,231,227,175,173,213,207,290,274,135,129,190,190,190,174,143,121
S14-1277a,,239,237,196,196,231,227,173,173,225,213,290,268,135,129,190,190,190,182,143,121
S14-1279a,,239,239,196,194,237,227,183,175,241,231,262,248,129,123,190,190,194,186,143,121
S14-1280a,,241,239,196,196,237,229,179,177,231,229,278,270,135,127,190,190,194,170,121,121
S14-1282a,,241,239,196,196,237,237,179,177,225,213,282,270,135,127,190,182,190,182,121,121
S14-1283a,,239,239,196,196,237,231,177,175,225,217,270,270,135,131,190,182,190,190,143,121
S14-1285a,,241,239,196,196,233,233,183,173,227,227,286,268,135,135,190,190,190,182,121,121
S14-1286a,,239,239,200,196,229,227,177,169,229,227,274,248,139,135,190,182,190,182,143,121
S14-1287a,,241,239,200,200,237,229,181,169,227,217,264,248,135,135,194,190,190,182,129,121
S14-1289a,180,239,239,200,194,227,227,177,171,229,225,274,264,139,127,194,190,190,186,121,121
S14-1292a,,241,239,200,194,237,237,183,177,229,217,270,268,139,131,190,190,194,182,121,121
S14-1293a,180,239,239,200,194,227,227,177,171,229,225,274,264,139,127,194,190,190,186,121,121
S14-1294a,180,239,239,200,194,227,227,177,171,229,225,274,264,139,127,194,190,190,186,121,121
s14-1298a,,241,239,200,196,227,227,171,169,227,223,264,254,139,139,194,190,190,182,121,121
S14-1299a,,241,241,196,194,237,229,173,171,231,227,282,278,139,135,194,190,186,186,121,119
S14-1303a,,241,241,198,194,233,227,179,171,229,227,286,278,139,131,198,190,190,164,121,119
S14-1304a,,241,239,196,194,237,227,175,175,239,225,264,248,139,127,198,190,190,182,121,119
S14-1305a,180,241,241,196,194,233,233,183,169,227,219,278,270,139,129,190,190,190,182,121,121
S14-1306a,,241,241,196,194,231,227,177,163,227,225,278,258,135,127,190,190,190,174,143,121
S14-1307a,180,241,241,198,198,235,235,177,175,227,219,278,270,135,127,194,182,190,164,121,121
S14-1308a,,241,239,196,194,237,233,177,175,239,235,278,274,139,123,198,190,190,164,129,119
S14-1309a,180,241,239,200,198,237,237,177,173,227,225,282,270,135,127,190,190,190,178,121,121
S14-1310a,180,241,239,200,198,237,237,177,173,227,225,282,270,135,127,190,190,190,178,121,121
S14-1311a,,241,239,198,196,233,227,175,175,227,217,290,282,135,127,194,190,190,182,143,121
S14-1312a,180,239,237,200,194,237,237,175,161,227,223,278,268,127,123,198,194,190,178,143,119
S14-1313a,180,239,239,200,198,227,227,179,179,227,223,290,282,129,129,190,190,182,174,143,143
S14-1314a,180,241,241,198,198,235,235,177,177,227,219,278,270,135,127,194,182,190,164,121,121
S14-1315a,,241,241,196,194,231,227,177,163,227,225,278,258,135,127,190,190,190,174,143,121
S14-1316a,,241,241,196,194,231,227,177,163,227,225,278,258,135,127,190,190,190,174,143,121
S14-1317a,,241,239,194,194,241,229,177,177,239,227,274,270,139,139,190,190,190,182,121,121
S14-1318a,,241,239,194,192,241,229,177,177,239,227,274,270,139,139,190,190,190,182,121,121
S14-1319a,180,241,241,196,196,227,227,181,171,235,227,282,270,139,135,190,190,190,164,129,121
S14-1320a,180,241,239,194,194,227,227,181,171,235,229,282,282,139,127,198,190,190,164,121,121
S14-1321a,180,241,239,196,196,227,227,175,173,225,221,282,262,131,129,194,190,182,182,143,121
S14-1322a,,239,237,196,196,231,227,173,171,225,213,290,268,135,129,190,190,190,182,143,121
S14-1323a,180,241,241,196,194,227,227,175,173,229,227,274,264,139,131,190,190,190,190,121,121
S14-1324a,180,241,241,196,194,227,227,175,173,229,227,274,264,139,131,190,190,190,190,121,121
S14-1325a,,241,239,194,194,237,227,179,179,227,219,270,260,135,135,194,190,194,190,121,121
S14-1326a,,241,239,196,196,233,231,183,173,227,227,286,268,135,135,190,190,190,182,121,121
S14-1329a,,241,239,196,194,237,229,179,177,231,229,278,270,135,127,190,190,194,170,121,121
S14-1330a,,241,239,200,194,237,237,183,177,229,217,270,268,139,131,190,190,194,182,121,121
S14-1331a,180,239,239,200,194,227,227,177,171,229,225,274,264,139,127,194,190,190,186,121,121
S14-1332a,180,239,239,200,194,227,227,177,171,229,225,274,264,139,127,194,190,190,186,121,121
S14-1333a,,241,239,200,196,227,227,171,169,227,223,264,254,139,135,194,190,190,182,121,121
S14-1335a,,241,239,200,196,227,227,171,171,227,223,264,254,139,135,194,190,190,182,121,121
S14-1336a,,241,239,200,196,227,227,171,169,227,223,264,254,139,135,194,190,190,182,121,121
S14-1337a,,241,239,200,194,237,237,183,177,229,217,270,268,139,131,190,190,194,182,121,121
S14-1341a,,241,239,196,196,233,227,177,173,229,217,270,264,135,129,190,190,186,182,143,143
S14-1342a,,241,241,198,194,233,227,179,171,229,227,286,278,139,131,198,190,190,164,121,119
S14-1562a,,243,239,196,194,231,227,175,173,213,213,290,274,135,129,190,190,190,174,143,121
S14-1563a,,243,239,196,196,231,227,175,173,213,211,290,274,135,129,190,190,174,174,143,121
S14-1564a,180,239,239,194,194,227,227,183,179,225,217,282,282,135,135,190,190,182,182,143,121
S14-1566a,,239,237,196,196,227,227,179,173,241,225,278,254,139,127,190,190,190,186,121,121
S14-1568a,180,239,239,198,196,235,235,175,173,227,227,270,262,135,135,194,190,190,190,143,121
S14-1573a,,241,239,196,194,237,231,177,161,231,227,260,260,135,127,190,190,190,190,121,121
S14-1575a,180,241,239,194,194,227,227,181,171,235,229,282,270,139,127,198,190,190,164,121,121
S14-1576a,180,241,239,194,194,227,227,181,171,235,229,282,270,139,127,198,190,190,164,121,121
S14-1578a,180,239,239,196,194,227,227,167,161,235,229,,,135,135,190,190,190,182,121,119
S14-1580a,180,241,239,198,196,233,233,181,165,229,217,278,270,139,123,194,190,186,182,121,121
S14-1581a,180,239,239,200,194,227,227,177,171,229,225,274,264,139,127,194,190,190,186,121,121
S14-1583a,,239,239,200,196,237,229,179,173,231,227,278,270,135,127,194,190,194,170,121,121
S14-1586a,180,241,239,198,196,229,229,181,175,223,221,282,270,135,123,190,190,194,190,143,119
S14-1587a,,243,239,196,194,231,227,175,173,213,213,274,274,135,129,190,190,190,190,143,121
S14-1589a,,241,241,200,194,237,233,173,173,235,223,282,266,129,127,190,190,190,186,143,121
S14-1590a,,241,239,194,194,237,229,173,171,235,231,290,282,135,127,190,190,190,174,129,121
S14-1591a,,239,237,196,196,227,227,179,173,241,225,278,254,139,127,190,190,190,186,121,121
S14-1592a,180,241,239,196,194,227,227,177,175,225,213,278,278,135,127,190,190,194,178,123,121
S14-1593a,180,239,239,200,194,227,227,177,171,229,225,274,264,139,127,194,190,190,186,121,121
S14-1594a,180,239,239,200,194,227,227,177,171,229,225,274,264,139,127,194,190,190,186,121,121
S14-1595a,180,239,239,200,194,227,227,177,171,229,225,274,264,139,127,194,190,190,186,121,121
S14-1596a,180,239,239,200,194,227,227,177,171,,,264,264,139,127,190,190,190,186,121,121
S14-1597a,,241,239,200,196,231,227,175,175,225,207,282,274,127,123,190,190,190,190,121,119
S14-1599a,180,241,241,196,194,233,233,173,169,227,227,278,268,129,129,190,190,190,182,143,119
S14-1600a,,241,241,196,194,233,233,177,169,235,227,278,270,139,129,190,190,186,182,143,121
S14-1601a,180,239,239,198,196,237,237,179,169,231,213,270,260,131,129,194,190,174,174,121,121
S14-1606a,,241,241,196,194,231,227,177,163,227,225,278,258,135,127,190,190,190,174,143,121
S14-1608a,180,241,241,196,196,,,181,171,235,227,282,270,139,135,190,190,190,164,129,121
S14-1609a,180,241,241,196,196,227,227,181,171,235,227,282,270,139,135,190,190,190,164,129,121
S14-1610a,,243,239,196,194,235,231,177,177,231,229,274,264,127,123,198,194,194,178,121,119
S14-1611a,,243,239,196,194,235,231,177,177,231,229,274,264,127,123,198,194,194,178,121,119
S14-1612a,180,241,241,196,196,227,227,181,171,235,227,282,270,139,135,190,190,190,164,129,121
S14-1613a,,241,241,196,194,231,227,177,163,227,225,278,258,135,127,190,190,190,174,143,121
S14-1614a,,241,241,198,196,233,227,177,175,231,227,260,258,135,135,190,190,190,190,143,121
S14-1615a,,241,239,198,196,227,227,179,179,219,217,262,254,139,135,194,182,194,190,129,121
S14-1616a,,241,239,198,196,227,227,179,177,225,219,262,254,139,135,194,182,194,190,129,121
S14-1617a,,241,239,198,196,237,227,175,175,227,223,266,258,139,127,190,190,182,182,143,121
S14-1618a,,241,239,200,196,237,227,179,175,225,207,274,262,139,139,194,190,190,174,129,119
S14-1619a,,239,239,,,233,233,,,235,235,,,135,135,190,190,190,190,121,121
S14-1620a,,241,239,200,196,237,227,179,175,225,225,274,262,139,139,194,190,190,174,129,119
s14-1621a,0,239,237,196,194,237,227,187,179,235,223,282,274,139,135,194,190,190,190,121,119
S14-1622a,,241,239,200,196,237,227,179,175,225,225,262,262,139,139,194,190,190,174,129,119
S14-1624a,180,241,241,194,194,,,175,175,229,229,274,274,135,129,190,190,190,190,143,143
S14-1626a,180,241,241,200,196,229,229,173,171,227,207,282,274,139,135,190,190,182,170,143,119
S14-1627a,180,241,241,200,196,229,229,173,171,229,227,282,274,139,135,190,190,182,170,143,119
S14-1628a,180,239,239,200,198,227,227,179,175,227,225,270,270,139,135,190,190,190,170,143,121
S14-1629a,,239,239,198,194,227,227,179,161,,,254,254,135,135,190,190,170,170,143,119
S14-1634a,,241,239,200,198,229,227,179,171,227,225,274,268,139,123,190,190,174,170,121,119
S14-1635a,,,,200,200,227,227,171,171,229,227,268,268,139,123,194,190,190,170,121,119
S14-1636a,,241,239,198,196,237,227,175,175,227,223,278,274,139,127,194,190,190,170,121,121
S14-1638a,180,239,237,200,194,237,237,175,161,227,223,278,268,127,123,198,194,190,178,143,119
S14-1639a,,241,239,194,194,237,229,173,171,235,231,290,282,135,127,190,190,190,174,129,121
S14-1640a,180,241,239,198,196,237,237,175,173,223,217,278,260,127,127,190,190,194,190,121,121
S14-1641a,,241,241,200,194,237,233,173,173,235,223,282,266,129,127,190,190,190,186,143,121
S14-1642a,180,239,237,200,194,237,237,175,161,227,223,278,268,127,123,198,194,190,178,143,119
S14-1643a,180,241,241,200,196,235,235,173,173,219,213,290,270,139,135,194,190,182,182,143,121
S14-1846a,,241,239,200,196,237,227,179,175,225,225,274,262,139,139,194,190,190,174,129,119
S14-1847a,,241,239,200,196,231,227,177,173,227,225,274,274,139,127,194,190,190,174,143,121
S14-1849a,,241,239,200,196,,,179,175,225,207,274,262,139,139,194,190,190,174,129,119
S14-1853a,,241,239,198,196,237,227,177,177,217,217,290,270,139,127,194,190,182,182,143,121
S14-1854a,,241,239,198,194,241,233,,,229,219,290,274,139,139,194,190,190,186,143,121
S14-1855a,,241,239,198,196,237,227,177,175,217,215,290,270,139,127,194,190,182,182,143,121
S14-1858a,,241,239,198,194,227,227,179,161,225,213,270,254,135,135,190,190,174,170,143,119
S14-1859a,180,241,239,198,196,227,227,179,161,229,219,278,270,135,129,190,190,186,182,143,121
S14-1861a,180,239,239,196,196,227,227,179,175,223,221,270,270,127,127,194,190,194,190,143,121
S14-1862a,,239,239,196,194,235,227,175,173,227,221,278,262,139,127,190,190,194,174,143,121
S14-1864a,180,241,241,198,198,227,227,175,173,235,229,282,260,135,127,194,190,182,178,119,119
S14-1865a,180,239,239,196,194,227,227,175,173,235,227,274,248,129,123,194,190,194,190,129,121
S14-1870a,180,241,239,200,196,227,227,177,175,229,217,274,274,135,123,190,182,182,182,121,119
S14-1871a,180,241,239,200,196,227,227,177,175,229,217,274,274,135,123,190,182,182,182,121,119
S14-1872a,180,241,241,196,196,237,237,177,175,223,221,270,268,135,123,190,190,190,182,143,143
S14-1873a,180,239,239,198,198,227,227,,,229,223,258,258,127,127,194,190,186,178,143,121
S14-1875a,,241,239,196,194,233,227,169,163,229,227,286,274,135,127,198,190,190,190,121,121
S14-1876a,,241,241,196,194,229,227,177,177,227,219,270,268,135,135,190,190,182,178,143,143
S14-1877a,,239,239,196,194,237,237,181,179,217,207,290,274,139,127,190,190,190,190,143,121
S14-1878a,180,239,239,196,196,237,237,177,175,225,221,282,274,135,135,194,190,190,178,121,121
S14-1880a,180,241,241,200,196,227,227,175,161,227,219,274,254,127,127,190,190,194,186,121,121
S14-1882a,180,241,241,196,196,227,227,175,161,,,274,254,127,127,190,190,194,186,121,121
S14-1885a,,241,241,200,196,233,231,177,177,235,219,274,254,139,129,190,190,190,190,143,143
S14-1893a,,239,239,198,196,233,233,173,173,227,227,274,270,131,127,190,182,190,182,143,121
S14-1894a,,241,241,196,194,227,227,179,179,229,225,282,274,135,131,190,190,190,190,121,121
S14-1895a,,239,239,196,196,235,227,177,177,217,207,290,274,139,135,190,190,194,182,143,121
s14-1896a,,239,239,196,196,235,227,175,175,227,221,278,262,139,127,190,190,194,174,143,121
S14-1898a,,241,239,198,194,229,229,173,173,231,223,260,260,139,135,194,190,182,174,121,121
S14-1900a,,241,241,196,194,237,229,175,173,231,227,282,278,139,135,194,190,186,186,121,119
S14-1903a,,241,241,194,194,227,227,179,161,225,219,270,254,135,135,190,190,190,182,121,119
S14-1904a,180,241,239,196,194,233,233,177,173,227,225,,,139,135,194,190,190,190,121,121
S14-1905a,180,241,239,196,196,227,227,181,165,227,219,270,262,139,123,190,190,194,190,121,121
S14-1906a,,239,239,200,198,,,179,175,227,225,270,270,139,135,190,190,190,170,143,121
S14-1907a,,241,241,200,200,237,233,177,175,227,227,274,270,139,123,190,190,182,174,121,119
S14-1909a,180,241,239,198,196,227,227,179,161,229,219,278,270,135,129,190,190,186,182,143,121
S14-1911a,,241,239,200,200,229,227,179,171,227,225,274,268,139,123,190,190,174,170,121,119
S14-1912a,,241,241,196,194,227,227,179,179,229,225,274,274,135,131,190,190,190,190,121,121
S14-1913a,180,241,239,196,194,227,227,161,161,225,213,270,270,135,135,190,190,186,182,143,121
S14-2041a,,241,237,198,196,233,231,177,175,241,217,282,274,139,135,190,190,182,182,143,143
S14-2042a,,241,237,198,196,233,231,177,175,241,217,282,274,139,135,190,190,182,182,143,143
S14-2044a,180,241,241,196,196,231,231,173,169,231,225,282,270,135,127,190,190,190,182,143,121
S14-2045a,,241,241,198,196,231,227,175,169,241,225,274,270,139,135,190,190,186,182,143,121
S14-2056a,,241,239,198,198,237,237,179,173,,,274,262,139,135,190,190,194,174,121,121
S14-2057a,180,241,241,200,196,227,227,175,161,227,219,274,254,127,127,190,190,194,186,121,121
S14-2059a,,239,239,200,198,227,227,181,175,225,219,274,270,135,135,190,190,194,170,123,121
S14-2064a,,241,241,196,194,229,227,177,175,227,219,270,268,135,135,190,190,182,178,143,143
S14-2066a,,241,237,198,196,233,231,177,175,241,217,282,274,139,135,190,190,182,182,143,143
S14-2067a,180,241,239,196,194,233,233,181,173,229,229,268,266,135,129,190,182,190,174,143,121
S14-2070a,,,,196,196,237,227,,,219,217,282,274,135,129,190,182,190,182,121,119
S14-2071a,,241,237,198,196,233,231,177,175,241,217,282,274,139,135,190,190,182,182,143,143
S14-2072a,,241,241,198,196,231,227,175,169,241,225,274,270,139,135,190,190,186,182,143,121
S14-2073a,,241,241,196,196,227,227,177,175,219,219,,,135,129,190,190,190,182,121,119
S14-2077a,180,241,239,196,196,227,227,181,181,219,217,274,266,139,135,190,190,194,190,121,119
S14-2081a,,241,239,200,196,,,181,171,235,219,282,262,139,135,190,190,190,190,121,121
S14-2082a,,241,241,196,196,,,181,169,241,227,268,262,135,129,190,190,190,174,123,121
S14-2084a,180,241,241,196,194,237,237,177,175,223,221,268,268,135,123,190,190,190,182,143,143
S14-2086a,180,241,239,196,194,227,227,183,175,231,221,282,262,127,123,198,190,194,190,143,121
S14-2087a,,239,239,196,196,235,227,175,173,227,221,278,262,139,127,190,190,194,174,143,121
S14-2088a,,239,239,196,194,235,227,177,175,217,207,290,274,139,135,190,190,194,182,143,121
S14-2091a,,241,239,196,196,231,227,173,173,229,213,274,260,139,135,190,190,190,190,143,121
S14-2092a,,241,239,196,194,227,227,177,175,231,227,274,270,139,127,190,190,190,174,121,121
S14-2093a,,241,239,196,194,227,227,177,175,231,227,274,270,139,127,190,190,190,174,121,121
S14-2097a,,241,239,196,196,237,227,177,173,227,225,282,260,139,135,190,190,190,190,121,121
S14-2098a,,241,239,198,194,227,227,179,161,225,213,270,254,135,135,190,190,194,170,143,119
S14-2102a,,241,239,200,200,229,227,179,179,227,227,,,139,123,190,190,174,170,121,119
S14-2103a,180,241,241,194,194,231,231,177,177,227,217,282,282,139,135,190,190,190,182,121,121
S14-2104a,,241,239,198,196,227,227,175,173,235,229,282,262,127,127,194,190,190,182,119,119
S14-2105a,,239,239,196,194,237,227,181,179,223,217,290,274,139,127,190,190,190,190,143,121
S14-2106a,180,,,196,196,237,237,179,177,225,225,282,274,135,135,194,190,190,178,121,121
S14-2107a,180,239,239,196,196,237,237,179,177,225,223,282,274,135,135,194,190,190,178,121,121
S14-2109a,,241,239,198,198,237,237,179,173,223,219,274,262,139,135,190,190,194,194,121,121
S14-2114a,180,241,239,196,194,227,227,177,173,229,223,270,248,139,127,194,190,190,182,143,121
S14-2115a,180,239,239,198,194,227,227,177,177,,,278,278,139,135,190,190,182,178,121,121
S14-2567a,,241,241,196,194,237,229,173,171,231,227,282,278,139,135,194,190,186,186,121,119
S14-2568a,,241,241,196,194,229,227,177,173,231,227,278,270,135,127,190,190,194,190,143,121
S14-2569a,,239,239,196,194,237,237,179,175,229,219,278,274,127,127,190,190,182,182,121,119
S14-2570a,,241,239,198,196,227,227,179,177,225,219,262,262,139,135,194,182,194,190,129,121
S14-2571a,,241,239,200,196,237,227,179,175,225,225,274,262,139,139,194,190,190,174,129,119
S14-2572a,,241,239,196,194,227,227,177,175,231,227,274,270,139,127,190,190,190,174,121,121
S14-2573a,180,241,239,196,194,233,233,177,173,227,225,282,270,139,135,194,190,190,190,121,121
S14-2575a,,,,198,194,227,227,179,161,225,213,,,135,135,190,190,170,170,143,119
S14-2576a,,241,239,196,194,233,227,173,169,231,225,270,254,135,131,190,190,190,190,121,119
S14-2578a,,241,241,200,196,229,229,175,171,229,227,282,274,139,135,190,190,,,143,119
S14-2579a,,241,241,196,194,227,227,179,179,229,225,282,274,135,131,190,190,190,190,121,121
S14-2582a,,239,239,196,196,235,227,175,173,227,221,278,260,139,127,190,190,194,174,143,121
S14-2583a,180,241,239,196,194,227,227,177,177,229,225,278,274,127,127,190,190,194,182,121,119
S14-2584a,,241,239,198,196,237,227,177,175,229,219,282,270,129,127,194,190,190,190,143,121
S14-2586a,,241,239,200,196,237,229,173,171,227,223,282,260,127,123,190,182,194,174,143,121
