"uniqueGroup","rowType","uniqueIndex","matchIndex","nUniqueGroup","alleleMismatch","matchThreshold","cutHeight","Psib","score","ADCYC","ADCYC.1","BM6506","BM6506.1","CELB9","CELB9.1","ETH152","ETH152.1","SBTD04_3","SBTD04_3.1","SBTD05_4","SBTD05_4.1","SBTD06_2","SBTD06_2.1","SBTD07_5","SBTD07_5.1","SRY","SRY.1","TGLA94","TGLA94.1"
"1","UNIQUE","S16-2048_77","S16-2048_77","3","3","0.85","0.15","0.000136702480511484","","239","241","196","196","227","229","219","223","255","273","126","134","182","194","178","202","200","200","129","141"
"1","MATCH","S16-2048_77","S16-2049_77","3","3","0.85","0.15","0.000136702480511484","1","239","241","196","196","227","229","219","223","255","273","126","134","182","194","178","202","200","200","129","141"
"1","MATCH","S16-2048_77","S16-2050_77","3","3","0.85","0.15","0.000136702480511484","1","239","241","196","196","227","229","219","223","255","273","126","134","182","194","178","202","200","200","129","141"
"2","UNIQUE","S16-2051_0","S16-2051_0","1","3","0.85","0.15","0.000108487287583178","","239","241","194","196","227","229","223","239","255","267","122","126","194","198","178","190","200","200","141","141"
"3","UNIQUE","S16-2052_18","S16-2052_18","2","3","0.85","0.15","0.000362252467686504","","241","241","196","200","231","233","219","231","245","255","122","138","190","190","170","190","200","200","119","141"
"3","MATCH","S16-2052_18","S16-2053_18","2","3","0.85","0.15","0.000362252467686504","1","241","241","196","200","231","233","219","231","245","255","122","138","190","190","170","190","200","200","119","141"
"4","UNIQUE","S16-2054_0","S16-2054_0","1","3","0.85","0.15","0.00302553238256514","","239","241","196","196","233","233","-99","-99","-99","-99","122","134","190","198","164","190","200","200","129","141"
"5","UNIQUE","S16-2055_19","S16-2055_19","3","3","0.85","0.15","0.000188833311291622","","239","241","194","194","233","235","219","219","273","277","122","128","182","194","182","190","200","200","121","141"
"5","MATCH","S16-2055_19","S16-2068_19","3","3","0.85","0.15","0.000188833311291622","1","239","241","194","194","233","235","219","219","273","277","122","128","182","194","182","190","200","200","121","141"
"5","MATCH","S16-2055_19","S16-2142_19","3","3","0.85","0.15","0.000188833311291622","1","239","241","194","194","233","235","219","219","273","277","122","128","182","194","182","190","200","200","121","141"
"6","UNIQUE","S16-2056_0","S16-2056_0","1","3","0.85","0.15","0.000200535261608152","","239","239","196","196","233","233","223","231","265","273","122","130","190","194","160","186","200","200","121","141"
"7","UNIQUE","S16-2057_20","S16-2057_20","2","3","0.85","0.15","0.000453462461172948","","241","241","194","196","231","233","219","223","263","273","128","134","190","190","160","190","200","200","141","141"
"7","MATCH","S16-2057_20","S16-2139_20","2","3","0.85","0.15","0.000453462461172948","1","241","241","194","196","231","233","219","223","263","273","128","134","190","190","160","190","200","200","141","141"
"8","UNIQUE","S16-2058_21","S16-2058_21","2","3","0.85","0.15","0.000275385321557858","","241","241","196","196","229","233","217","239","245","255","122","134","190","198","178","190","200","200","141","141"
"8","MATCH","S16-2058_21","S16-2065_21","2","3","0.85","0.15","0.000275385321557858","1","241","241","196","196","229","233","217","239","245","255","122","134","190","198","178","190","200","200","141","141"
"9","UNIQUE","S16-2060_0","S16-2060_0","1","3","0.85","0.15","0.000116158869655335","","239","241","194","194","233","233","231","231","255","273","122","130","182","190","160","182","180","180","121","141"
"10","UNIQUE","S16-2061_22","S16-2061_22","7","3","0.85","0.15","0.000287170427676544","","239","241","196","198","227","231","219","227","255","277","128","134","182","182","164","190","200","200","121","141"
"10","MATCH","S16-2061_22","S16-2062_22","7","3","0.85","0.15","0.000287170427676544","1","239","241","196","198","227","231","219","227","255","277","128","134","182","182","164","190","200","200","121","141"
"10","MATCH","S16-2061_22","S16-2063_22","7","3","0.85","0.15","0.000287170427676544","1","239","241","196","198","227","231","219","227","255","277","128","134","182","182","164","190","200","200","121","141"
"10","MATCH","S16-2061_22","S16-2064_22","7","3","0.85","0.15","0.000287170427676544","1","239","241","196","198","227","231","219","227","255","277","128","134","182","182","164","190","200","200","121","141"
"10","MATCH","S16-2061_22","S16-2069_22","7","3","0.85","0.15","0.000287170427676544","1","239","241","196","198","227","231","219","227","255","277","128","134","182","182","164","190","200","200","121","141"
"10","MATCH","S16-2061_22","S16-2145_22","7","3","0.85","0.15","","0.95","241","241","196","198","227","231","219","227","255","277","128","134","182","182","164","190","200","200","121","141"
"10","MATCH","S16-2061_22","S16-2059_22","7","3","0.85","0.15","","0.9","239","241","196","198","227","231","-99","-99","255","255","128","134","182","182","164","190","200","200","121","141"
"11","UNIQUE","S16-2066_0","S16-2066_0","1","3","0.85","0.15","0.00172873749550204","","241","241","194","196","-99","-99","219","227","277","277","128","134","190","190","190","194","200","200","121","141"
"12","UNIQUE","S16-2067_0","S16-2067_0","1","3","0.85","0.15","0.000200144136407472","","239","241","196","196","231","231","217","217","263","263","122","128","190","194","160","160","200","200","121","141"
"13","UNIQUE","S16-2070_0","S16-2070_0","1","3","0.85","0.15","0.000162943829470938","","241","241","196","196","227","227","223","227","261","277","128","134","182","182","164","170","180","180","121","141"
"14","UNIQUE","S16-2071_23","S16-2071_23","2","3","0.85","0.15","0.000395580750280026","","239","239","196","196","227","233","231","241","253","273","128","134","190","194","190","190","200","200","121","141"
"14","MATCH","S16-2071_23","S16-2252_23","2","3","0.85","0.15","0.000395580750280026","1","239","239","196","196","227","233","231","241","253","273","128","134","190","194","190","190","200","200","121","141"
"15","UNIQUE","S16-2072_0","S16-2072_0","1","3","0.85","0.15","0.000254508787881029","","239","241","196","200","233","233","219","219","245","255","126","128","190","190","164","182","180","180","121","141"
"16","UNIQUE","S16-2073_0","S16-2073_0","1","3","0.85","0.15","0.000188615700620215","","239","241","194","200","227","241","227","231","263","273","130","130","190","190","160","190","200","200","119","121"
"17","UNIQUE","S16-2074_0","S16-2074_0","1","3","0.85","0.15","0.000149759523877221","","239","239","194","196","227","231","219","219","269","273","128","128","190","190","164","182","200","200","119","141"
"18","UNIQUE","S16-2075_24","S16-2075_24","2","3","0.85","0.15","0.000316113104714645","","239","241","194","200","233","241","223","227","273","273","126","134","182","190","160","190","200","200","121","141"
"18","MATCH","S16-2075_24","S16-2177_24","2","3","0.85","0.15","0.000316113104714645","1","239","241","194","200","233","241","223","227","273","273","126","134","182","190","160","190","200","200","121","141"
"19","UNIQUE","S16-2076_0","S16-2076_0","1","3","0.85","0.15","0.00108980899405319","","241","241","200","200","227","227","-99","-99","269","273","122","138","-99","-99","160","160","200","200","121","139"
"20","UNIQUE","S16-2077_0","S16-2077_0","1","3","0.85","0.15","0.000401422955214372","","241","241","200","200","227","229","219","223","273","273","122","126","190","190","160","190","200","200","141","141"
"21","UNIQUE","S16-2078_0","S16-2078_0","1","3","0.85","0.15","0.00144242054374894","","-99","-99","196","200","233","233","-99","-99","263","263","120","130","186","190","190","190","200","200","121","141"
"22","UNIQUE","S16-2079_0","S16-2079_0","1","3","0.85","0.15","0.000404969324769816","","239","241","196","200","227","233","219","231","255","255","134","138","190","190","178","182","200","200","141","141"
"23","UNIQUE","S16-2080_0","S16-2080_0","1","3","0.85","0.15","0.000127437562228955","","241","241","196","198","239","239","231","235","255","263","126","134","190","190","186","190","180","180","141","141"
"24","UNIQUE","S16-2082_0","S16-2082_0","1","3","0.85","0.15","0.000275122776360504","","241","241","196","198","229","239","219","219","255","273","126","134","182","190","186","190","200","200","121","141"
"25","UNIQUE","S16-2083_0","S16-2083_0","1","3","0.85","0.15","0.000234222476045371","","239","241","196","196","233","235","227","231","269","269","126","126","182","190","164","178","200","200","121","121"
"26","UNIQUE","S16-2084_0","S16-2084_0","1","3","0.85","0.15","0.00107973065295074","","241","241","196","198","227","227","213","223","273","273","-99","-99","190","190","164","164","200","200","121","141"
"27","UNIQUE","S16-2085_25","S16-2085_25","3","3","0.85","0.15","0.00057888793548848","","241","241","196","200","233","233","227","227","263","277","130","134","190","190","190","190","180","180","121","141"
"27","MATCH","S16-2085_25","S16-2086_25","3","3","0.85","0.15","0.00057888793548848","1","241","241","196","200","233","233","227","227","263","277","130","134","190","190","190","190","180","180","121","141"
"27","MATCH","S16-2085_25","S16-2357_25","3","3","0.85","0.15","0.00057888793548848","1","241","241","196","200","233","233","227","227","263","277","130","134","190","190","190","190","180","180","121","141"
"28","UNIQUE","S16-2087_26","S16-2087_26","4","3","0.85","0.15","0.000538770966715344","","241","241","196","200","231","235","213","217","273","277","122","126","190","190","190","190","200","200","141","141"
"28","MATCH","S16-2087_26","S16-2092_26","4","3","0.85","0.15","0.000538770966715344","1","241","241","196","200","231","235","213","217","273","277","122","126","190","190","190","190","200","200","141","141"
"28","MATCH","S16-2087_26","S16-2104_26","4","3","0.85","0.15","0.000538770966715344","1","241","241","196","200","231","235","213","217","273","277","122","126","190","190","190","190","200","200","141","141"
"28","MATCH","S16-2087_26","S16-2208_26","4","3","0.85","0.15","0.000538770966715344","1","241","241","196","200","231","235","213","217","273","277","122","126","190","190","190","190","200","200","141","141"
"29","UNIQUE","S16-2089_27","S16-2089_27","2","3","0.85","0.15","0.000789262680079467","","239","241","196","200","231","235","213","223","273","277","122","134","190","190","190","190","200","200","121","141"
"29","MATCH","S16-2089_27","S16-2090_27","2","3","0.85","0.15","0.000789262680079467","1","239","241","196","200","231","235","213","223","273","277","122","134","190","190","190","190","200","200","121","141"
"30","UNIQUE","S16-2091_0","S16-2091_0","1","3","0.85","0.15","0.00069989792983069","","241","241","196","196","231","233","217","223","273","273","122","126","190","190","190","190","200","200","141","141"
"31","UNIQUE","S16-2093_0","S16-2093_0","1","3","0.85","0.15","0.000200951645058639","","241","241","196","198","233","233","219","227","245","277","126","134","190","190","162","170","180","180","141","141"
"32","UNIQUE","S16-2094_1","S16-2094_1","2","3","0.85","0.15","0.000128432487218893","","239","241","196","198","227","227","219","223","261","273","128","130","190","194","182","190","180","180","121","129"
"32","MATCH","S16-2094_1","S16-2095_1","2","3","0.85","0.15","0.000128432487218893","1","239","241","196","198","227","227","219","223","261","273","128","130","190","194","182","190","180","180","121","129"
"33","UNIQUE","S16-2096_0","S16-2096_0","1","3","0.85","0.15","0.000218820615440204","","239","241","196","196","227","235","219","231","245","269","122","138","182","194","178","190","200","200","121","121"
"34","UNIQUE","S16-2097_0","S16-2097_0","1","3","0.85","0.15","0.00191853423571229","","241","241","196","196","233","233","231","231","-99","-99","122","138","182","190","190","190","200","200","121","141"
"35","UNIQUE","S16-2098_2","S16-2098_2","3","3","0.85","0.15","0.000268919919683741","","241","241","196","200","233","233","219","231","245","277","126","134","182","194","182","190","180","180","121","121"
"35","MATCH","S16-2098_2","S16-2102_2","3","3","0.85","0.15","0.000268919919683741","1","241","241","196","200","233","233","219","231","245","277","126","134","182","194","182","190","180","180","121","121"
"35","MATCH","S16-2098_2","S16-2362_2","3","3","0.85","0.15","","0.9","241","241","196","200","-99","-99","219","231","245","245","126","134","182","194","182","190","180","180","121","121"
"36","UNIQUE","S16-2099_64","S16-2099_64","4","3","0.85","0.15","0.000809818746451017","","239","241","196","200","227","233","227","231","245","273","122","122","190","190","182","190","200","200","121","121"
"36","MATCH","S16-2099_64","S16-2373_64","4","3","0.85","0.15","0.000809818746451017","1","239","241","196","200","227","233","227","231","245","273","122","122","190","190","182","190","200","200","121","121"
"36","MATCH","S16-2099_64","S16-2374_64","4","3","0.85","0.15","","0.95","239","239","196","200","227","233","227","231","245","273","122","122","190","190","182","190","200","200","121","121"
"36","MATCH","S16-2099_64","S16-2375_64","4","3","0.85","0.15","0.00132118553449598","0.95","-99","-99","196","200","227","233","227","231","245","273","122","122","190","190","182","190","200","200","121","121"
"37","UNIQUE","S16-2100_0","S16-2100_0","1","3","0.85","0.15","0.000190896093940607","","239","241","196","196","231","231","213","227","273","285","126","134","190","190","178","178","180","180","119","121"
"38","UNIQUE","S16-2101_28","S16-2101_28","2","3","0.85","0.15","0.000277648493528488","","239","241","196","200","227","231","213","235","263","277","122","128","190","194","160","190","200","200","121","129"
"38","MATCH","S16-2101_28","S16-2214_28","2","3","0.85","0.15","0.000277648493528488","1","239","241","196","200","227","231","213","235","263","277","122","128","190","194","160","190","200","200","121","129"
"39","UNIQUE","S16-2103_0","S16-2103_0","1","3","0.85","0.15","0.000346126043332147","","241","241","194","196","233","233","227","235","263","273","122","134","190","190","170","190","180","180","121","141"
"40","UNIQUE","S16-2105_3","S16-2105_3","2","3","0.85","0.15","0.000418346260340542","","241","241","196","196","233","233","213","219","263","277","122","126","190","194","190","190","180","180","121","141"
"40","MATCH","S16-2105_3","S16-2106_3","2","3","0.85","0.15","0.000418346260340542","1","241","241","196","196","233","233","213","219","263","277","122","126","190","194","190","190","180","180","121","141"
"41","UNIQUE","S16-2107_29","S16-2107_29","3","3","0.85","0.15","0.000989381619024262","","241","241","196","196","227","233","227","229","263","277","126","134","190","190","190","190","200","200","121","121"
"41","MATCH","S16-2107_29","S16-2109_29","3","3","0.85","0.15","0.000989381619024262","1","241","241","196","196","227","233","227","229","263","277","126","134","190","190","190","190","200","200","121","121"
"41","MATCH","S16-2107_29","S16-2110_29","3","3","0.85","0.15","0.000989381619024262","1","241","241","196","196","227","233","227","229","263","277","126","134","190","190","190","190","200","200","121","121"
"42","UNIQUE","S16-2108_0","S16-2108_0","1","3","0.85","0.15","0.000499091765252218","","239","241","196","196","227","235","219","229","263","273","134","134","190","190","190","198","200","200","121","141"
"43","UNIQUE","S16-2111_0","S16-2111_0","1","3","0.85","0.15","0.000312784451009617","","239","241","196","200","231","235","219","227","245","253","122","134","182","190","164","182","200","200","121","121"
"44","UNIQUE","S16-2112_0","S16-2112_0","1","3","0.85","0.15","9.4196947971211e-05","","239","239","194","196","227","227","221","223","277","277","128","134","182","190","160","194","180","180","121","129"
"45","UNIQUE","S16-2114_30","S16-2114_30","2","3","0.85","0.15","0.000465703808044379","","239","241","194","196","227","229","219","231","245","255","134","138","190","190","190","190","200","200","121","141"
"45","MATCH","S16-2114_30","S16-2115_30","2","3","0.85","0.15","0.000465703808044379","1","239","241","194","196","227","229","219","231","245","255","134","138","190","190","190","190","200","200","121","141"
"46","UNIQUE","S16-2116_31","S16-2116_31","2","3","0.85","0.15","0.000337945069323995","","239","241","194","196","229","233","219","231","245","245","134","134","190","190","164","190","200","200","141","141"
"46","MATCH","S16-2116_31","S16-2117_31","2","3","0.85","0.15","0.000337945069323995","1","239","241","194","196","229","233","219","231","245","245","134","134","190","190","164","190","200","200","141","141"
"47","UNIQUE","S16-2118_4","S16-2118_4","2","3","0.85","0.15","0.000118873958409562","","239","239","196","198","231","231","219","219","273","277","126","126","182","190","164","182","180","180","121","121"
"47","MATCH","S16-2118_4","S16-2120_4","2","3","0.85","0.15","0.000118873958409562","1","239","239","196","198","231","231","219","219","273","277","126","126","182","190","164","182","180","180","121","121"
"48","UNIQUE","S16-2119_0","S16-2119_0","1","3","0.85","0.15","0.000411684403074751","","239","241","196","196","229","231","219","219","273","277","122","126","190","198","182","190","200","200","121","141"
"49","UNIQUE","S16-2122_0","S16-2122_0","1","3","0.85","0.15","0.000163687425391083","","241","241","194","196","233","233","223","235","273","281","128","134","190","190","182","190","180","180","129","129"
"50","UNIQUE","S16-2123_0","S16-2123_0","1","3","0.85","0.15","0.000173398228746318","","239","241","200","200","233","235","213","227","253","253","128","134","182","190","182","182","200","200","121","129"
"51","UNIQUE","S16-2124_5","S16-2124_5","3","3","0.85","0.15","0.000263812414773975","","241","241","196","200","227","227","213","219","245","263","122","134","182","190","190","190","180","180","119","141"
"51","MATCH","S16-2124_5","S16-2126_5","3","3","0.85","0.15","0.000263812414773975","1","241","241","196","200","227","227","213","219","245","263","122","134","182","190","190","190","180","180","119","141"
"51","MATCH","S16-2124_5","S16-2229_5","3","3","0.85","0.15","0.000263812414773975","1","241","241","196","200","227","227","213","219","245","263","122","134","182","190","190","190","180","180","119","141"
"52","UNIQUE","S16-2125_0","S16-2125_0","1","3","0.85","0.15","0.000232516188701413","","239","239","196","200","233","235","227","227","245","253","122","134","190","198","164","182","200","200","121","121"
"53","UNIQUE","S16-2127_0","S16-2127_0","1","3","0.85","0.15","0.000114083802751776","","239","241","196","196","227","227","219","235","253","273","126","128","194","194","160","190","180","180","141","141"
"54","UNIQUE","S16-2128_0","S16-2128_0","1","3","0.85","0.15","0.000332986954885437","","241","241","196","198","227","229","217","219","261","273","122","130","190","190","190","194","200","200","121","141"
"55","UNIQUE","S16-2129_0","S16-2129_0","1","3","0.85","0.15","0.000337572743900695","","241","241","194","196","233","233","219","219","255","289","128","134","190","190","164","182","200","200","141","141"
"56","UNIQUE","S16-2130_0","S16-2130_0","1","3","0.85","0.15","0.000342257633262757","","239","241","196","200","233","233","213","219","255","261","122","138","182","190","190","190","200","200","129","141"
"57","UNIQUE","S16-2131_0","S16-2131_0","1","3","0.85","0.15","0.000739118648646513","","239","241","196","196","227","227","-99","-99","261","273","130","134","182","190","164","182","200","200","121","129"
"58","UNIQUE","S16-2132_6","S16-2132_6","2","3","0.85","0.15","5.56338966956303e-05","","239","241","198","200","233","233","223","227","261","261","122","130","194","198","164","182","180","180","121","129"
"58","MATCH","S16-2132_6","S16-2150_6","2","3","0.85","0.15","5.56338966956303e-05","1","239","241","198","200","233","233","223","227","261","261","122","130","194","198","164","182","180","180","121","129"
"59","UNIQUE","S16-2133_0","S16-2133_0","1","3","0.85","0.15","0.000285300458584095","","241","241","194","196","227","233","219","227","267","277","128","128","190","194","186","194","200","200","121","141"
"60","UNIQUE","S16-2134_0","S16-2134_0","1","3","0.85","0.15","9.51763630875495e-05","","241","241","194","200","229","239","213","223","267","285","122","126","190","194","164","178","200","200","141","141"
"61","UNIQUE","S16-2136_32","S16-2136_32","4","3","0.85","0.15","0.000263164585546529","","241","241","194","198","227","233","219","219","273","277","128","134","194","194","190","194","200","200","121","141"
"61","MATCH","S16-2136_32","S16-2143_32","4","3","0.85","0.15","0.000263164585546529","1","241","241","194","198","227","233","219","219","273","277","128","134","194","194","190","194","200","200","121","141"
"61","MATCH","S16-2136_32","S16-2148_32","4","3","0.85","0.15","0.000263164585546529","1","241","241","194","198","227","233","219","219","273","277","128","134","194","194","190","194","200","200","121","141"
"61","MATCH","S16-2136_32","S16-2149_32","4","3","0.85","0.15","0.000673642351885469","0.95","241","241","194","198","227","233","219","219","273","277","-99","-99","194","194","190","194","200","200","121","141"
"62","UNIQUE","S16-2137_0","S16-2137_0","1","3","0.85","0.15","0.000398281658161538","","241","241","196","196","231","233","223","227","255","289","122","122","190","198","190","190","200","200","129","141"
"63","UNIQUE","S16-2138_7","S16-2138_7","2","3","0.85","0.15","0.000231216991575636","","241","241","194","196","231","231","223","227","263","273","122","128","190","190","178","190","180","180","141","141"
"63","MATCH","S16-2138_7","S16-2141_7","2","3","0.85","0.15","0.000231216991575636","1","241","241","194","196","231","231","223","227","263","273","122","128","190","190","178","190","180","180","141","141"
"64","UNIQUE","S16-2140_0","S16-2140_0","1","3","0.85","0.15","0.000148014087243746","","239","241","196","196","227","227","227","235","245","263","128","130","190","194","182","182","180","180","121","141"
"65","UNIQUE","S16-2144_0","S16-2144_0","1","3","0.85","0.15","0.00228885338680073","","241","241","196","196","233","233","235","235","-99","-99","122","128","190","190","190","190","200","200","121","121"
"66","UNIQUE","S16-2147_0","S16-2147_0","1","3","0.85","0.15","0.000189898919883378","","241","241","194","196","227","229","227","229","277","285","122","128","190","194","178","186","200","200","121","141"
"67","UNIQUE","S16-2154_0","S16-2154_0","1","3","0.85","0.15","0.000315548298633349","","239","239","196","196","229","233","227","239","261","273","126","138","190","190","164","190","200","200","121","121"
"68","UNIQUE","S16-2156_8","S16-2156_8","2","3","0.85","0.15","0.000246784015298965","","241","241","196","196","233","233","227","235","277","277","134","138","182","182","178","190","180","180","121","141"
"68","MATCH","S16-2156_8","S16-2157_8","2","3","0.85","0.15","0.000246784015298965","1","241","241","196","196","233","233","227","235","277","277","134","138","182","182","178","190","180","180","121","141"
"69","UNIQUE","S16-2158_0","S16-2158_0","1","3","0.85","0.15","0.000214474750227124","","239","241","194","196","227","233","213","231","245","255","122","126","182","190","164","182","200","200","141","141"
"70","UNIQUE","S16-2160_33","S16-2160_33","3","3","0.85","0.15","0.000165368551886011","","239","241","196","198","233","233","219","223","255","265","122","134","194","198","164","186","200","200","121","141"
"70","MATCH","S16-2160_33","S16-2161_33","3","3","0.85","0.15","0.000165368551886011","1","239","241","196","198","233","233","219","223","255","265","122","134","194","198","164","186","200","200","121","141"
"70","MATCH","S16-2160_33","S16-2264_33","3","3","0.85","0.15","0.000165368551886011","1","239","241","196","198","233","233","219","223","255","265","122","134","194","198","164","186","200","200","121","141"
"71","UNIQUE","S16-2162_34","S16-2162_34","2","3","0.85","0.15","0.000264350518879525","","239","241","194","196","227","233","217","219","255","261","134","144","190","190","190","190","200","200","119","129"
"71","MATCH","S16-2162_34","S16-2163_34","2","3","0.85","0.15","0.000264350518879525","1","239","241","194","196","227","233","217","219","255","261","134","144","190","190","190","190","200","200","119","129"
"72","UNIQUE","S16-2165_35","S16-2165_35","2","3","0.85","0.15","0.0002821803852679","","239","241","196","196","235","241","213","227","273","277","122","130","190","198","190","198","200","200","121","121"
"72","MATCH","S16-2165_35","S16-2267_35","2","3","0.85","0.15","0.0002821803852679","1","239","241","196","196","235","241","213","227","273","277","122","130","190","198","190","198","200","200","121","121"
"73","UNIQUE","S16-2166_78","S16-2166_78","2","3","0.85","0.15","0.00039707546981947","","241","241","196","196","229","233","213","231","245","289","128","134","190","190","178","190","200","200","141","141"
"73","MATCH","S16-2166_78","S16-2180_78","2","3","0.85","0.15","","0.9","241","241","196","196","229","233","213","231","245","245","128","134","190","190","178","178","200","200","141","141"
"74","UNIQUE","S16-2167_0","S16-2167_0","1","3","0.85","0.15","0.000259703306475299","","241","241","200","200","227","233","221","227","277","277","122","128","190","198","182","182","200","200","121","129"
"75","UNIQUE","S16-2168_0","S16-2168_0","1","3","0.85","0.15","0.000178937565239558","","239","241","196","200","233","239","219","231","255","273","134","138","190","198","160","178","200","200","129","141"
"76","UNIQUE","S16-2169_80","S16-2169_80","2","3","0.85","0.15","0.000246498245092631","","239","241","196","198","231","233","231","231","245","245","128","134","182","190","178","190","200","200","141","141"
"76","MATCH","S16-2169_80","S16-2172_80","2","3","0.85","0.15","","0.95","239","241","196","198","231","233","231","231","245","285","128","134","182","190","178","190","200","200","141","141"
"77","UNIQUE","S16-2170_0","S16-2170_0","1","3","0.85","0.15","0.000146733054267343","","239","241","196","198","227","239","219","231","255","285","126","134","182","190","178","186","200","200","141","141"
"78","UNIQUE","S16-2173_83","S16-2173_83","2","3","0.85","0.15","0.000269453556972532","","239","241","196","198","227","239","219","231","255","273","126","128","190","190","186","190","200","200","141","141"
"78","MATCH","S16-2173_83","S16-2174_83","2","3","0.85","0.15","","0.9","-99","-99","196","198","227","239","219","231","255","255","126","128","190","190","186","190","200","200","141","141"
"79","UNIQUE","S16-2175_0","S16-2175_0","1","3","0.85","0.15","0.000178786331799386","","239","241","196","196","233","233","219","227","277","281","122","126","190","194","182","198","180","180","141","141"
"80","UNIQUE","S16-2176_0","S16-2176_0","1","3","0.85","0.15","0.000412212249192831","","239","241","194","196","227","241","213","223","273","273","126","134","190","190","164","190","200","200","121","141"
"81","UNIQUE","S16-2179_0","S16-2179_0","1","3","0.85","0.15","0.000424588166742646","","239","239","196","196","233","233","213","231","255","255","122","134","182","190","178","190","200","200","121","121"
"82","UNIQUE","S16-2181_0","S16-2181_0","1","3","0.85","0.15","0.000349851965457841","","241","241","196","200","233","233","213","219","263","281","122","126","182","190","182","190","200","200","119","121"
"83","UNIQUE","S16-2185_0","S16-2185_0","1","3","0.85","0.15","0.000117489307486037","","239","241","198","198","227","227","223","231","263","273","128","138","190","190","160","160","180","180","121","141"
"84","UNIQUE","S16-2186_0","S16-2186_0","1","3","0.85","0.15","0.00101306230548231","","241","241","194","196","233","235","219","231","-99","-99","128","134","182","194","190","190","200","200","121","121"
"85","UNIQUE","S16-2187_0","S16-2187_0","1","3","0.85","0.15","0.00027228869949404","","239","241","196","198","227","227","219","231","273","273","128","138","182","190","190","190","180","180","121","121"
"86","UNIQUE","S16-2188_0","S16-2188_0","1","3","0.85","0.15","9.13282415835984e-05","","241","241","194","196","235","235","219","231","267","267","122","128","182","194","182","182","200","200","121","129"
"87","UNIQUE","S16-2189_51","S16-2189_51","2","3","0.85","0.15","0.000348200381944865","","239","239","196","196","227","233","213","231","255","277","128","128","190","194","190","190","200","200","141","141"
"87","MATCH","S16-2189_51","S16-2236_51","2","3","0.85","0.15","0.00107424803229177","0.98","239","239","196","196","227","233","213","231","255","277","-99","128","190","194","190","190","200","200","141","141"
"88","UNIQUE","S16-2190_36","S16-2190_36","4","3","0.85","0.15","7.53869832785459e-05","","239","241","194","200","235","237","219","231","253","267","134","138","190","198","164","182","200","200","129","141"
"88","MATCH","S16-2190_36","S16-2191_36","4","3","0.85","0.15","7.53869832785459e-05","1","239","241","194","200","235","237","219","231","253","267","134","138","190","198","164","182","200","200","129","141"
"88","MATCH","S16-2190_36","S16-2463_36","4","3","0.85","0.15","7.53869832785459e-05","1","239","241","194","200","235","237","219","231","253","267","134","138","190","198","164","182","200","200","129","141"
"88","MATCH","S16-2190_36","S16-2460_36","4","3","0.85","0.15","","0.9","239","239","194","200","-99","-99","219","231","253","267","134","138","190","198","164","182","200","200","129","141"
"89","UNIQUE","S16-2192_85","S16-2192_85","2","3","0.85","0.15","0.000288751879546155","","-99","-99","194","196","235","235","231","231","-99","-99","122","128","182","194","182","194","180","180","121","129"
"89","MATCH","S16-2192_85","S16-2200_85","2","3","0.85","0.15","","0.85","241","241","194","196","235","235","219","231","267","273","122","128","182","194","182","194","180","180","121","129"
"90","UNIQUE","S16-2193_37","S16-2193_37","3","3","0.85","0.15","0.00041674597970706","","241","241","196","196","233","235","223","227","245","277","128","134","182","190","182","194","200","200","121","141"
"90","MATCH","S16-2193_37","S16-2195_37","3","3","0.85","0.15","0.00041674597970706","1","241","241","196","196","233","235","223","227","245","277","128","134","182","190","182","194","200","200","121","141"
"90","MATCH","S16-2193_37","S16-2198_37","3","3","0.85","0.15","0.00041674597970706","1","241","241","196","196","233","235","223","227","245","277","128","134","182","190","182","194","200","200","121","141"
"91","UNIQUE","S16-2194_38","S16-2194_38","3","3","0.85","0.15","0.000175522979069269","","239","241","194","200","235","235","217","219","267","273","122","134","182","190","182","190","200","200","121","129"
"91","MATCH","S16-2194_38","S16-2462_38","3","3","0.85","0.15","0.000175522979069269","1","239","241","194","200","235","235","217","219","267","273","122","134","182","190","182","190","200","200","121","129"
"91","MATCH","S16-2194_38","S16-2201_38","3","3","0.85","0.15","","0.85","-99","-99","194","200","235","235","217","219","-99","-99","122","122","182","190","182","190","200","200","121","129"
"92","UNIQUE","S16-2196_84","S16-2196_84","3","3","0.85","0.15","0.000420464055270774","","-99","-99","196","200","233","235","227","227","245","245","128","128","182","190","160","160","200","200","121","121"
"92","MATCH","S16-2196_84","1_cons84","3","3","0.85","0.15","0.000420464055270774","0.95","241","241","196","200","233","235","227","227","245","245","128","128","182","190","160","160","200","200","121","121"
"92","MATCH","S16-2196_84","S16-2197_84","3","3","0.85","0.15","","0.85","241","241","196","196","-99","-99","227","227","245","245","128","128","182","190","160","160","200","200","121","121"
"93","UNIQUE","S16-2199_50","S16-2199_50","3","3","0.85","0.15","0.000633809570815036","","241","241","194","196","235","237","219","231","-99","-99","122","122","182","190","164","182","200","200","121","141"
"93","MATCH","S16-2199_50","S16-2461_50","3","3","0.85","0.15","0.000633809570815036","0.95","241","241","194","196","235","237","219","231","273","281","122","122","182","190","164","182","200","200","121","141"
"93","MATCH","S16-2199_50","S16-2464_50","3","3","0.85","0.15","0.000633809570815036","0.95","241","241","194","196","235","237","219","231","273","281","122","122","182","190","164","182","200","200","121","141"
"94","UNIQUE","S16-2202_0","S16-2202_0","1","3","0.85","0.15","0.000669397011627576","","241","241","196","200","229","233","213","219","273","277","122","122","190","190","190","198","200","200","121","121"
"95","UNIQUE","S16-2203_0","S16-2203_0","1","3","0.85","0.15","0.000391324832211109","","241","241","194","200","233","233","231","231","263","273","128","138","182","190","190","190","200","200","121","141"
"96","UNIQUE","S16-2206_0","S16-2206_0","1","3","0.85","0.15","0.000430604125751603","","241","241","196","200","233","233","219","219","273","277","126","128","190","194","160","190","200","200","119","121"
"97","UNIQUE","S16-2207_0","S16-2207_0","1","3","0.85","0.15","0.000106018429351063","","239","239","194","200","233","233","219","231","245","261","128","138","190","190","170","190","180","180","141","141"
"98","UNIQUE","S16-2210_9","S16-2210_9","7","3","0.85","0.15","0.000269292548884698","","239","241","194","196","233","233","213","219","273","273","122","138","190","190","190","190","180","180","129","141"
"98","MATCH","S16-2210_9","S16-2211_9","7","3","0.85","0.15","0.000269292548884698","1","239","241","194","196","233","233","213","219","273","273","122","138","190","190","190","190","180","180","129","141"
"98","MATCH","S16-2210_9","S16-2213_9","7","3","0.85","0.15","0.000269292548884698","1","239","241","194","196","233","233","213","219","273","273","122","138","190","190","190","190","180","180","129","141"
"98","MATCH","S16-2210_9","S16-2217_9","7","3","0.85","0.15","0.000269292548884698","1","239","241","194","196","233","233","213","219","273","273","122","138","190","190","190","190","180","180","129","141"
"98","MATCH","S16-2210_9","S16-2221_9","7","3","0.85","0.15","0.000269292548884698","1","239","241","194","196","233","233","213","219","273","273","122","138","190","190","190","190","180","180","129","141"
"98","MATCH","S16-2210_9","S16-2371_9","7","3","0.85","0.15","0.000269292548884698","1","239","241","194","196","233","233","213","219","273","273","122","138","190","190","190","190","180","180","129","141"
"98","MATCH","S16-2210_9","S16-2372_9","7","3","0.85","0.15","0.000269292548884698","1","239","241","194","196","233","233","213","219","273","273","122","138","190","190","190","190","180","180","129","141"
"99","UNIQUE","S16-2212_0","S16-2212_0","1","3","0.85","0.15","0.000842207387582141","","241","241","196","200","227","233","227","231","277","289","122","134","182","190","190","190","200","200","121","141"
"100","UNIQUE","S16-2215_0","S16-2215_0","1","3","0.85","0.15","0.000364157467892183","","241","241","196","196","233","233","219","231","273","273","122","138","190","198","182","190","180","180","121","121"
"101","UNIQUE","S16-2216_0","S16-2216_0","1","3","0.85","0.15","0.000326676976410341","","239","241","196","198","229","233","219","227","273","273","128","134","194","194","190","190","200","200","121","141"
"102","UNIQUE","S16-2218_0","S16-2218_0","1","3","0.85","0.15","0.00041563586815433","","241","241","196","198","229","233","219","223","273","289","126","134","190","190","186","190","200","200","121","141"
"103","UNIQUE","S16-2219_0","S16-2219_0","1","3","0.85","0.15","0.000105457260260536","","239","241","196","198","227","229","219","223","261","289","130","134","190","194","182","186","200","200","129","141"
"104","UNIQUE","S16-2220_0","S16-2220_0","1","3","0.85","0.15","0.000589330144863408","","241","241","196","196","231","233","217","219","269","277","122","128","190","190","164","190","200","200","121","141"
"105","UNIQUE","S16-2222_0","S16-2222_0","1","3","0.85","0.15","0.000105762933847306","","239","241","194","194","233","233","213","219","255","255","122","138","182","190","164","168","180","180","121","121"
"106","UNIQUE","S16-2223_0","S16-2223_0","1","3","0.85","0.15","0.000414497038224467","","239","241","196","200","227","233","213","235","273","277","128","128","190","198","182","190","200","200","121","141"
"107","UNIQUE","S16-2224_0","S16-2224_0","1","3","0.85","0.15","0.000150255988172292","","239","241","196","200","227","235","223","235","249","267","122","134","194","198","182","190","200","200","121","129"
"108","UNIQUE","S16-2225_0","S16-2225_0","1","3","0.85","0.15","0.000134179168334431","","239","241","198","200","227","227","219","231","273","281","122","134","194","198","160","190","180","180","121","121"
"109","UNIQUE","S16-2226_0","S16-2226_0","1","3","0.85","0.15","0.000393044681524554","","-99","-99","194","196","235","235","213","213","-99","-99","122","138","182","198","164","190","200","200","123","141"
"110","UNIQUE","S16-2227_39","S16-2227_39","2","3","0.85","0.15","0.000191250832459537","","239","241","196","196","233","235","213","219","249","273","134","138","182","182","182","186","200","200","121","141"
"110","MATCH","S16-2227_39","S16-2378_39","2","3","0.85","0.15","0.000191250832459537","1","239","241","196","196","233","235","213","219","249","273","134","138","182","182","182","186","200","200","121","141"
"111","UNIQUE","S16-2228_0","S16-2228_0","1","3","0.85","0.15","0.000318699021035771","","-99","-99","194","196","231","233","219","231","253","253","122","128","190","190","170","170","200","200","141","141"
"112","UNIQUE","S16-2231_0","S16-2231_0","1","3","0.85","0.15","0.000144730266202573","","241","241","194","194","227","229","219","231","255","281","144","144","182","190","160","190","200","200","121","141"
"113","UNIQUE","S16-2232_0","S16-2232_0","1","3","0.85","0.15","0.000344410868299256","","241","241","196","200","227","227","219","219","255","273","126","134","190","190","160","160","180","180","121","141"
"114","UNIQUE","S16-2234_90","S16-2234_90","1","3","0.85","0.15","0.00176943723431262","","-99","-99","196","200","-99","-99","223","223","245","245","122","126","190","190","186","190","200","200","121","141"
"115","UNIQUE","S16-2237_81","S16-2237_81","2","3","0.85","0.15","0.000186061279188711","","239","241","196","200","227","227","231","231","267","277","122","126","190","194","186","194","180","180","121","121"
"115","MATCH","S16-2237_81","S16-2240_81","2","3","0.85","0.15","0.000186061279188711","1","239","241","196","200","227","227","231","231","267","277","122","126","190","194","186","194","180","180","121","121"
"116","UNIQUE","S16-2238_90","S16-2238_90","1","3","0.85","0.15","0.000591074150964641","","239","241","196","200","227","233","223","231","245","277","122","126","190","190","186","190","200","200","121","141"
"117","UNIQUE","S16-2242_40","S16-2242_40","2","3","0.85","0.15","0.000126294387057212","","239","241","198","200","233","233","221","227","273","281","126","138","190","198","160","160","200","200","141","141"
"117","MATCH","S16-2242_40","S16-2392_40","2","3","0.85","0.15","0.000126294387057212","1","239","241","198","200","233","233","221","227","273","281","126","138","190","198","160","160","200","200","141","141"
"118","UNIQUE","S16-2245_91","S16-2245_91","2","3","0.85","0.15","0.000882269708485791","","-99","-99","196","200","227","231","213","231","245","277","122","122","190","198","190","190","200","200","121","121"
"118","MATCH","S16-2245_91","S16-2393_91","2","3","0.85","0.15","","0.85","-99","-99","196","200","-99","-99","213","213","245","245","122","122","190","198","190","190","200","200","121","121"
"119","UNIQUE","S16-2248_0","S16-2248_0","1","3","0.85","0.15","0.000220194646069172","","239","241","196","196","235","235","219","231","253","269","122","134","182","182","182","190","200","200","121","141"
"120","UNIQUE","S16-2249_0","S16-2249_0","1","3","0.85","0.15","0.00013943874537051","","241","241","196","196","229","229","227","229","273","285","122","138","190","190","178","182","180","180","141","141"
"121","UNIQUE","S16-2251_10","S16-2251_10","2","3","0.85","0.15","0.00043107017839901","","241","241","196","196","233","233","227","231","277","277","122","128","182","190","182","190","180","180","121","141"
"121","MATCH","S16-2251_10","S16-2254_10","2","3","0.85","0.15","0.00043107017839901","1","241","241","196","196","233","233","227","231","277","277","122","128","182","190","182","190","180","180","121","141"
"122","UNIQUE","S16-2255_0","S16-2255_0","1","3","0.85","0.15","0.000809323223646163","","241","241","196","196","227","227","227","227","255","277","134","138","182","190","190","190","200","200","121","141"
"123","UNIQUE","S16-2256_0","S16-2256_0","1","3","0.85","0.15","0.000231693941157862","","241","241","196","196","233","233","227","231","245","261","122","128","190","198","190","190","180","180","119","141"
"124","UNIQUE","S16-2257_0","S16-2257_0","1","3","0.85","0.15","0.000206072431754609","","239","239","194","196","227","233","219","231","245","255","122","126","182","190","178","182","200","200","121","141"
"125","UNIQUE","S16-2260_79","S16-2260_79","2","3","0.85","0.15","0.000739316999645057","","241","241","196","196","227","231","219","219","269","277","128","134","190","190","182","190","200","200","121","141"
"125","MATCH","S16-2260_79","S16-2261_79","2","3","0.85","0.15","","0.9","241","241","196","196","227","231","219","219","269","269","128","128","190","190","182","190","200","200","121","141"
"126","UNIQUE","S16-2262_0","S16-2262_0","1","3","0.85","0.15","0.000189461531002865","","239","241","196","196","233","233","223","231","245","277","128","134","182","190","160","182","180","180","119","121"
"127","UNIQUE","S16-2263_41","S16-2263_41","2","3","0.85","0.15","0.000289373414313158","","241","241","196","200","233","235","227","235","245","273","126","138","190","198","190","198","200","200","121","141"
"127","MATCH","S16-2263_41","S16-2270_41","2","3","0.85","0.15","0.000289373414313158","1","241","241","196","200","233","235","227","235","245","273","126","138","190","198","190","198","200","200","121","141"
"128","UNIQUE","S16-2266_0","S16-2266_0","1","3","0.85","0.15","0.000136123705239919","","239","241","194","194","227","233","219","235","245","273","128","138","190","194","182","182","200","200","141","141"
"129","UNIQUE","S16-2269_0","S16-2269_0","1","3","0.85","0.15","0.000445732688096632","","241","241","196","196","233","235","227","231","273","273","122","126","190","198","190","198","200","200","121","141"
"130","UNIQUE","S16-2272_42","S16-2272_42","2","3","0.85","0.15","0.000638088807512701","","239","241","196","196","227","233","231","235","255","273","126","134","190","190","186","190","200","200","121","141"
"130","MATCH","S16-2272_42","S16-2274_42","2","3","0.85","0.15","0.000638088807512701","1","239","241","196","196","227","233","231","235","255","273","126","134","190","190","186","190","200","200","121","141"
"131","UNIQUE","S16-2275_0","S16-2275_0","1","3","0.85","0.15","0.00022522055423011","","241","241","196","198","233","239","223","231","273","277","126","134","182","182","182","190","200","200","141","141"
"132","UNIQUE","S16-2276_0","S16-2276_0","1","3","0.85","0.15","0.000273326708352573","","241","241","196","196","239","239","219","231","273","289","128","134","182","190","190","190","180","180","121","121"
"133","UNIQUE","S16-2277_0","S16-2277_0","1","3","0.85","0.15","0.000625088193532825","","-99","-99","194","198","227","227","219","221","281","289","-99","-99","190","190","160","190","180","180","121","121"
"134","UNIQUE","S16-2278_0","S16-2278_0","1","3","0.85","0.15","6.86430856973115e-05","","239","241","194","200","235","235","217","219","267","277","122","138","182","198","182","182","200","200","121","129"
"135","UNIQUE","S16-2279_0","S16-2279_0","1","3","0.85","0.15","0.000182225856890499","","239","241","196","200","233","233","213","235","273","285","134","138","190","190","170","182","180","180","141","141"
"136","UNIQUE","S16-2280_43","S16-2280_43","2","3","0.85","0.15","0.000456661632311582","","241","241","196","200","231","231","219","231","277","277","128","138","182","190","160","190","200","200","121","121"
"136","MATCH","S16-2280_43","S16-2282_43","2","3","0.85","0.15","0.000456661632311582","1","241","241","196","200","231","231","219","231","277","277","128","138","182","190","160","190","200","200","121","121"
"137","UNIQUE","S16-2281_0","S16-2281_0","1","3","0.85","0.15","0.00113534268525679","","-99","-99","196","200","-99","-99","213","227","263","263","126","126","182","190","182","190","200","200","121","129"
"138","UNIQUE","S16-2283_0","S16-2283_0","1","3","0.85","0.15","0.0002336500885807","","241","241","200","200","229","233","213","213","263","277","134","144","190","194","160","182","200","200","121","141"
"139","UNIQUE","S16-2284_0","S16-2284_0","1","3","0.85","0.15","0.000551290993978381","","239","241","196","200","233","233","223","227","255","261","122","134","190","190","160","160","200","200","121","121"
"140","UNIQUE","S16-2285_89","S16-2285_89","2","3","0.85","0.15","0.00125124599486887","","241","241","196","200","-99","-99","223","223","277","277","126","126","182","190","190","194","200","200","121","121"
"140","MATCH","S16-2285_89","S16-2290_89","2","3","0.85","0.15","","0.85","241","241","196","200","227","231","223","227","277","277","126","134","182","190","190","194","200","200","121","121"
"141","UNIQUE","S16-2288_44","S16-2288_44","2","3","0.85","0.15","0.000568793330875123","","241","241","200","200","227","233","223","227","273","277","122","126","182","190","178","190","200","200","121","121"
"141","MATCH","S16-2288_44","S16-2289_44","2","3","0.85","0.15","0.000568793330875123","1","241","241","200","200","227","233","223","227","273","277","122","126","182","190","178","190","200","200","121","121"
"142","UNIQUE","S16-2291_0","S16-2291_0","1","3","0.85","0.15","0.000330735050495644","","239","241","200","200","227","233","213","227","263","277","134","138","190","194","178","194","200","200","121","121"
"143","UNIQUE","S16-2292_45","S16-2292_45","2","3","0.85","0.15","0.000107524395709835","","239","241","196","200","229","241","213","221","261","277","126","134","194","194","178","190","200","200","129","141"
"143","MATCH","S16-2292_45","S16-2299_45","2","3","0.85","0.15","0.000107524395709835","1","239","241","196","200","229","241","213","221","261","277","126","134","194","194","178","190","200","200","129","141"
"144","UNIQUE","S16-2293_46","S16-2293_46","2","3","0.85","0.15","0.000568725113611544","","241","241","196","200","227","227","213","227","277","277","128","128","182","190","190","194","200","200","121","121"
"144","MATCH","S16-2293_46","S16-2412_46","2","3","0.85","0.15","0.000568725113611544","1","241","241","196","200","227","227","213","227","277","277","128","128","182","190","190","194","200","200","121","121"
"145","UNIQUE","S16-2295_52","S16-2295_52","2","3","0.85","0.15","0.00119088662300621","","-99","-99","196","200","227","233","213","227","277","277","122","134","190","194","190","194","200","200","121","121"
"145","MATCH","S16-2295_52","S16-2298_52","2","3","0.85","0.15","0.00309079249933864","0.95","-99","-99","196","200","227","233","213","227","-99","-99","122","134","190","194","190","194","200","200","121","121"
"146","UNIQUE","S16-2296_0","S16-2296_0","1","3","0.85","0.15","0.0014242054141411","","-99","-99","196","200","227","227","227","239","255","263","-99","-99","182","190","160","182","200","200","121","121"
"147","UNIQUE","S16-2297_0","S16-2297_0","1","3","0.85","0.15","0.000158687598005911","","239","241","196","196","231","231","227","227","273","277","134","138","190","194","160","178","180","180","119","141"
"148","UNIQUE","S16-2300_47","S16-2300_47","4","3","0.85","0.15","0.000498734179569604","","239","241","196","200","231","233","213","227","263","277","122","128","190","190","178","194","200","200","121","121"
"148","MATCH","S16-2300_47","S16-2301_47","4","3","0.85","0.15","0.000498734179569604","1","239","241","196","200","231","233","213","227","263","277","122","128","190","190","178","194","200","200","121","121"
"148","MATCH","S16-2300_47","S16-2485_47","4","3","0.85","0.15","0.000498734179569604","1","239","241","196","200","231","233","213","227","263","277","122","128","190","190","178","194","200","200","121","121"
"148","MATCH","S16-2300_47","S16-2414_47","4","3","0.85","0.15","0.00192529363310713","0.9","-99","-99","196","200","-99","-99","213","227","263","277","122","128","190","190","178","194","200","200","121","121"
"149","UNIQUE","S16-2302_0","S16-2302_0","1","3","0.85","0.15","0.000352024575522861","","241","241","196","198","233","233","227","227","255","277","134","134","190","194","186","190","180","180","121","121"
"150","UNIQUE","S16-2303_48","S16-2303_48","8","3","0.85","0.15","0.000240919113331069","","239","241","200","200","231","233","227","227","255","277","126","134","194","198","164","194","200","200","121","121"
"150","MATCH","S16-2303_48","S16-2306_48","8","3","0.85","0.15","0.000240919113331069","1","239","241","200","200","231","233","227","227","255","277","126","134","194","198","164","194","200","200","121","121"
"150","MATCH","S16-2303_48","S16-2434_48","8","3","0.85","0.15","0.000240919113331069","1","239","241","200","200","231","233","227","227","255","277","126","134","194","198","164","194","200","200","121","121"
"150","MATCH","S16-2303_48","S16-2438_48","8","3","0.85","0.15","0.000240919113331069","1","239","241","200","200","231","233","227","227","255","277","126","134","194","198","164","194","200","200","121","121"
"150","MATCH","S16-2303_48","S16-2510_48","8","3","0.85","0.15","0.000240919113331069","1","239","241","200","200","231","233","227","227","255","277","126","134","194","198","164","194","200","200","121","121"
"150","MATCH","S16-2303_48","S16-2325_58","8","3","0.85","0.15","","0.9","239","241","196","200","231","233","227","227","255","277","126","134","194","198","182","194","200","200","121","121"
"150","MATCH","S16-2303_48","S16-2326_58","8","3","0.85","0.15","","0.9","239","241","196","200","231","233","227","227","255","277","126","134","194","198","182","194","200","200","121","121"
"150","MATCH","S16-2303_48","S16-2440_58","8","3","0.85","0.15","","0.9","239","241","196","200","231","233","227","227","255","277","126","134","194","198","182","194","200","200","121","121"
"151","UNIQUE","S16-2304_49","S16-2304_49","5","3","0.85","0.15","0.000768519774614041","","239","241","196","200","231","231","223","227","273","277","126","134","190","190","182","190","200","200","121","121"
"151","MATCH","S16-2304_49","S16-2316_49","5","3","0.85","0.15","0.000768519774614041","1","239","241","196","200","231","231","223","227","273","277","126","134","190","190","182","190","200","200","121","121"
"151","MATCH","S16-2304_49","S16-2317_49","5","3","0.85","0.15","0.000768519774614041","1","239","241","196","200","231","231","223","227","273","277","126","134","190","190","182","190","200","200","121","121"
"151","MATCH","S16-2304_49","S16-2511_49","5","3","0.85","0.15","0.000768519774614041","1","239","241","196","200","231","231","223","227","273","277","126","134","190","190","182","190","200","200","121","121"
"151","MATCH","S16-2304_49","S16-2315_49","5","3","0.85","0.15","","0.95","239","239","196","200","231","231","223","227","273","277","126","134","190","190","182","190","200","200","121","121"
"152","UNIQUE","S16-2305_53","S16-2305_53","4","3","0.85","0.15","0.000169015965338061","","241","241","200","200","231","231","213","223","255","277","134","134","194","198","194","194","200","200","119","121"
"152","MATCH","S16-2305_53","S16-2308_53","4","3","0.85","0.15","0.000169015965338061","1","241","241","200","200","231","231","213","223","255","277","134","134","194","198","194","194","200","200","119","121"
"152","MATCH","S16-2305_53","S16-2310_53","4","3","0.85","0.15","0.000169015965338061","1","241","241","200","200","231","231","213","223","255","277","134","134","194","198","194","194","200","200","119","121"
"152","MATCH","S16-2305_53","S16-2435_53","4","3","0.85","0.15","0.000169015965338061","1","241","241","200","200","231","231","213","223","255","277","134","134","194","198","194","194","200","200","119","121"
"153","UNIQUE","S16-2307_11","S16-2307_11","3","3","0.85","0.15","0.000169416629610989","","241","241","196","200","231","231","223","239","273","273","134","134","190","194","190","194","180","180","119","129"
"153","MATCH","S16-2307_11","S16-2312_11","3","3","0.85","0.15","0.000169416629610989","1","241","241","196","200","231","231","223","239","273","273","134","134","190","194","190","194","180","180","119","129"
"153","MATCH","S16-2307_11","S16-2507_11","3","3","0.85","0.15","0.000381989494081338","0.95","241","241","196","200","231","231","223","239","273","273","-99","-99","190","194","190","194","180","180","119","129"
"154","UNIQUE","S16-2309_54","S16-2309_54","2","3","0.85","0.15","0.000694391332176802","","241","241","196","200","231","233","219","223","255","277","122","134","190","194","190","194","200","200","121","121"
"154","MATCH","S16-2309_54","S16-2318_54","2","3","0.85","0.15","0.000694391332176802","1","241","241","196","200","231","233","219","223","255","277","122","134","190","194","190","194","200","200","121","121"
"155","UNIQUE","S16-2311_55","S16-2311_55","9","3","0.85","0.15","0.000263190385605992","","239","241","200","200","227","231","213","227","269","289","134","134","190","198","194","194","200","200","121","121"
"155","MATCH","S16-2311_55","S16-2320_55","9","3","0.85","0.15","0.000263190385605992","1","239","241","200","200","227","231","213","227","269","289","134","134","190","198","194","194","200","200","121","121"
"155","MATCH","S16-2311_55","S16-2322_55","9","3","0.85","0.15","0.000263190385605992","1","239","241","200","200","227","231","213","227","269","289","134","134","190","198","194","194","200","200","121","121"
"155","MATCH","S16-2311_55","S16-2331_55","9","3","0.85","0.15","0.000263190385605992","1","239","241","200","200","227","231","213","227","269","289","134","134","190","198","194","194","200","200","121","121"
"155","MATCH","S16-2311_55","S16-2439_55","9","3","0.85","0.15","0.000263190385605992","1","239","241","200","200","227","231","213","227","269","289","134","134","190","198","194","194","200","200","121","121"
"155","MATCH","S16-2311_55","S16-2515_55","9","3","0.85","0.15","0.000263190385605992","1","239","241","200","200","227","231","213","227","269","289","134","134","190","198","194","194","200","200","121","121"
"155","MATCH","S16-2311_55","S16-2517_55","9","3","0.85","0.15","0.000263190385605992","1","239","241","200","200","227","231","213","227","269","289","134","134","190","198","194","194","200","200","121","121"
"155","MATCH","S16-2311_55","S16-2518_55","9","3","0.85","0.15","0.000263190385605992","1","239","241","200","200","227","231","213","227","269","289","134","134","190","198","194","194","200","200","121","121"
"155","MATCH","S16-2311_55","S16-2519_55","9","3","0.85","0.15","0.000263190385605992","1","239","241","200","200","227","231","213","227","269","289","134","134","190","198","194","194","200","200","121","121"
"156","UNIQUE","S16-2313_12","S16-2313_12","2","3","0.85","0.15","0.000150908743376896","","239","241","200","200","233","233","223","227","255","277","134","134","182","198","164","198","180","180","121","121"
"156","MATCH","S16-2313_12","S16-2324_12","2","3","0.85","0.15","0.000150908743376896","1","239","241","200","200","233","233","223","227","255","277","134","134","182","198","164","198","180","180","121","121"
"157","UNIQUE","S16-2321_57","S16-2321_57","2","3","0.85","0.15","0.000407266546219784","","241","241","196","200","231","231","223","227","273","277","122","122","182","194","190","194","200","200","121","141"
"157","MATCH","S16-2321_57","S16-2505_57","2","3","0.85","0.15","0.000407266546219784","1","241","241","196","200","231","231","223","227","273","277","122","122","182","194","190","194","200","200","121","141"
"158","UNIQUE","S16-2328_13","S16-2328_13","2","3","0.85","0.15","0.000265681537675985","","241","241","196","200","231","231","217","227","255","269","122","134","190","194","190","194","180","180","121","141"
"158","MATCH","S16-2328_13","S16-2329_13","2","3","0.85","0.15","0.000265681537675985","1","241","241","196","200","231","231","217","227","255","269","122","134","190","194","190","194","180","180","121","141"
"159","UNIQUE","S16-2330_59","S16-2330_59","2","3","0.85","0.15","0.000761584703452281","","241","241","200","200","227","231","227","239","277","277","134","134","190","190","182","190","200","200","121","121"
"159","MATCH","S16-2330_59","S16-2516_59","2","3","0.85","0.15","0.000761584703452281","1","241","241","200","200","227","231","227","239","277","277","134","134","190","190","182","190","200","200","121","121"
"160","UNIQUE","S16-2332_60","S16-2332_60","2","3","0.85","0.15","0.000792171080257859","","241","241","200","200","227","227","223","227","255","277","122","134","190","190","190","194","200","200","121","121"
"160","MATCH","S16-2332_60","S16-2520_60","2","3","0.85","0.15","0.000792171080257859","1","241","241","200","200","227","227","223","227","255","277","122","134","190","190","190","194","200","200","121","121"
"161","UNIQUE","S16-2335_0","S16-2335_0","1","3","0.85","0.15","0.000328956650409577","","239","241","198","200","231","233","223","231","255","273","122","134","190","190","182","194","200","200","141","141"
"162","UNIQUE","S16-2336_0","S16-2336_0","1","3","0.85","0.15","0.000234759907980323","","241","241","200","200","227","231","227","227","261","261","134","134","190","194","182","194","200","200","119","141"
"163","UNIQUE","S16-2337_0","S16-2337_0","2","3","0.85","0.15","0.000977063879356619","","241","241","196","200","231","231","227","227","277","277","134","134","190","190","190","194","200","200","121","121"
"163","MATCH","S16-2337_0","S16-2415_0","2","3","0.85","0.15","","0.85","241","241","196","200","231","231","219","227","277","277","134","134","190","190","164","190","200","200","121","121"
"164","UNIQUE","S16-2338_92","S16-2338_92","3","3","0.85","0.15","0.000966253796167037","","-99","-99","200","200","227","231","227","235","273","273","122","122","190","190","182","190","200","200","121","121"
"164","MATCH","S16-2338_92","4_cons92","3","3","0.85","0.15","","0.95","-99","-99","200","200","227","231","227","235","273","273","122","134","190","190","182","190","200","200","121","121"
"164","MATCH","S16-2338_92","S16-2404_92","3","3","0.85","0.15","","0.9","-99","-99","200","200","-99","-99","227","235","273","273","122","134","190","190","182","190","200","200","121","121"
"165","UNIQUE","S16-2339_61","S16-2339_61","2","3","0.85","0.15","0.000837344303762662","","241","241","200","200","-99","-99","213","223","269","273","134","134","190","190","190","190","180","180","119","121"
"165","MATCH","S16-2339_61","S16-2344_61","2","3","0.85","0.15","0.000837344303762662","0.95","241","241","200","200","231","231","213","223","269","273","134","134","190","190","190","190","180","180","119","121"
"166","UNIQUE","S16-2340_14","S16-2340_14","2","3","0.85","0.15","0.000179263029940575","","239","241","198","200","227","227","227","227","255","277","134","138","190","194","194","194","180","180","121","121"
"166","MATCH","S16-2340_14","S16-2341_14","2","3","0.85","0.15","0.000179263029940575","1","239","241","198","200","227","227","227","227","255","277","134","138","190","194","194","194","180","180","121","121"
"167","UNIQUE","S16-2343_62","S16-2343_62","10","3","0.85","0.15","0.000423708292865083","","239","241","196","200","227","227","231","235","277","285","122","134","190","190","186","194","200","200","121","141"
"167","MATCH","S16-2343_62","S16-2345_62","10","3","0.85","0.15","0.000423708292865083","1","239","241","196","200","227","227","231","235","277","285","122","134","190","190","186","194","200","200","121","141"
"167","MATCH","S16-2343_62","S16-2348_62","10","3","0.85","0.15","0.000423708292865083","1","239","241","196","200","227","227","231","235","277","285","122","134","190","190","186","194","200","200","121","141"
"167","MATCH","S16-2343_62","S16-2445_62","10","3","0.85","0.15","0.000423708292865083","1","239","241","196","200","227","227","231","235","277","285","122","134","190","190","186","194","200","200","121","141"
"167","MATCH","S16-2343_62","S16-2524_62","10","3","0.85","0.15","0.000423708292865083","1","239","241","196","200","227","227","231","235","277","285","122","134","190","190","186","194","200","200","121","141"
"167","MATCH","S16-2343_62","S16-2525_62","10","3","0.85","0.15","0.000423708292865083","1","239","241","196","200","227","227","231","235","277","285","122","134","190","190","186","194","200","200","121","141"
"167","MATCH","S16-2343_62","S16-2526_62","10","3","0.85","0.15","0.000423708292865083","1","239","241","196","200","227","227","231","235","277","285","122","134","190","190","186","194","200","200","121","141"
"167","MATCH","S16-2343_62","S16-2527_62","10","3","0.85","0.15","0.000423708292865083","1","239","241","196","200","227","227","231","235","277","285","122","134","190","190","186","194","200","200","121","141"
"167","MATCH","S16-2343_62","S16-2528_62","10","3","0.85","0.15","0.000423708292865083","1","239","241","196","200","227","227","231","235","277","285","122","134","190","190","186","194","200","200","121","141"
"167","MATCH","S16-2343_62","S16-2349_62","10","3","0.85","0.15","0.00217725519725043","0.9","-99","-99","196","200","227","227","231","235","-99","-99","122","134","190","190","186","194","200","200","121","141"
"168","UNIQUE","S16-2346_15","S16-2346_15","2","3","0.85","0.15","0.00049323198032736","","241","241","200","200","231","231","219","227","277","277","134","138","190","190","190","190","180","180","121","121"
"168","MATCH","S16-2346_15","S16-2347_15","2","3","0.85","0.15","0.00049323198032736","1","241","241","200","200","231","231","219","227","277","277","134","138","190","190","190","190","180","180","121","121"
"169","UNIQUE","S16-2351_16","S16-2351_16","3","3","0.85","0.15","0.000295502502501705","","239","241","196","196","231","231","219","239","255","277","134","134","190","194","190","194","180","180","121","141"
"169","MATCH","S16-2351_16","S16-2353_16","3","3","0.85","0.15","0.000295502502501705","1","239","241","196","196","231","231","219","239","255","277","134","134","190","194","190","194","180","180","121","141"
"169","MATCH","S16-2351_16","S16-2354_16","3","3","0.85","0.15","0.000295502502501705","1","239","241","196","196","231","231","219","239","255","277","134","134","190","194","190","194","180","180","121","141"
"170","UNIQUE","S16-2352_0","S16-2352_0","1","3","0.85","0.15","0.00122500797318509","","-99","-99","196","200","227","227","227","231","255","255","122","134","190","190","190","194","200","200","121","141"
"171","UNIQUE","S16-2355_0","S16-2355_0","1","3","0.85","0.15","0.000479934073709477","","241","241","196","200","227","233","227","231","245","277","134","138","182","198","190","190","200","200","121","141"
"172","UNIQUE","S16-2358_0","S16-2358_0","1","3","0.85","0.15","0.000931155468504728","","241","241","196","196","233","233","227","231","273","273","122","122","190","194","190","190","200","200","121","121"
"173","UNIQUE","S16-2363_63","S16-2363_63","2","3","0.85","0.15","0.000212000940452367","","239","241","196","198","233","233","219","227","253","263","122","122","182","190","160","190","180","180","121","141"
"173","MATCH","S16-2363_63","S16-2370_63","2","3","0.85","0.15","0.000776520068003878","0.9","-99","-99","196","198","-99","-99","219","227","253","263","122","122","182","190","160","190","180","180","121","141"
"174","UNIQUE","S16-2368_0","S16-2368_0","1","3","0.85","0.15","0.00237887138152119","","-99","-99","196","200","231","231","223","231","-99","-99","122","138","190","190","190","194","200","200","121","141"
"175","UNIQUE","S16-2376_65","S16-2376_65","2","3","0.85","0.15","0.000106255705046658","","239","239","194","196","227","233","213","221","245","277","128","128","190","198","182","190","200","200","129","129"
"175","MATCH","S16-2376_65","S16-2377_65","2","3","0.85","0.15","0.000106255705046658","1","239","239","194","196","227","233","213","221","245","277","128","128","190","198","182","190","200","200","129","129"
"176","UNIQUE","S16-2381_0","S16-2381_0","1","3","0.85","0.15","0.00036913851657825","","-99","-99","200","200","-99","-99","217","231","263","263","144","144","190","190","186","194","180","180","141","141"
"177","UNIQUE","S16-2390_0","S16-2390_0","1","3","0.85","0.15","0.0010377299200556","","-99","-99","196","200","-99","-99","219","223","273","277","126","128","190","194","186","190","180","180","121","141"
"178","UNIQUE","S16-2391_0","S16-2391_0","1","3","0.85","0.15","0.000306255325127117","","239","241","196","200","227","227","213","231","253","273","122","144","190","190","178","190","200","200","129","141"
"179","UNIQUE","S16-2394_0","S16-2394_0","1","3","0.85","0.15","0.00183951698444436","","239","239","196","200","-99","-99","213","213","273","277","-99","-99","190","190","190","190","180","180","121","129"
"180","UNIQUE","S16-2398_0","S16-2398_0","1","3","0.85","0.15","0.000129242175261266","","239","239","194","200","231","231","213","227","255","263","134","138","182","190","190","194","180","180","121","121"
"181","UNIQUE","S16-2399_0","S16-2399_0","1","3","0.85","0.15","0.000777323833694294","","-99","-99","196","200","-99","-99","213","219","273","273","128","128","190","190","186","194","180","180","121","129"
"182","UNIQUE","S16-2402_0","S16-2402_0","1","3","0.85","0.15","0.000243430114733399","","239","239","196","200","229","231","213","213","263","263","128","134","182","190","182","190","200","200","121","121"
"183","UNIQUE","S16-2405_0","S16-2405_0","1","3","0.85","0.15","0.000654622432106662","","-99","-99","196","196","227","227","213","239","255","277","134","134","182","190","164","178","200","200","121","121"
"184","UNIQUE","S16-2406_82","S16-2406_82","2","3","0.85","0.15","0.000911749497207242","","241","241","200","200","227","233","225","227","255","273","122","134","190","190","190","190","200","200","121","121"
"184","MATCH","S16-2406_82","S16-2408_82","2","3","0.85","0.15","","0.95","241","241","200","200","227","233","225","227","255","273","122","122","190","190","190","190","200","200","121","121"
"185","UNIQUE","S16-2407_0","S16-2407_0","1","3","0.85","0.15","0.000321009186915346","","239","239","196","196","233","233","227","227","261","277","134","134","190","190","194","194","180","180","121","121"
"186","UNIQUE","S16-2409_0","S16-2409_0","1","3","0.85","0.15","0.000376021993588699","","239","241","200","200","231","231","223","235","263","273","122","134","190","190","182","194","200","200","121","121"
"187","UNIQUE","S16-2411_0","S16-2411_0","1","3","0.85","0.15","0.000334698133519288","","239","241","196","198","233","233","219","227","255","277","134","144","182","190","178","182","200","200","121","121"
"188","UNIQUE","S16-2413_0","S16-2413_0","1","3","0.85","0.15","0.000480318134536508","","239","241","200","200","227","227","223","227","261","277","122","134","190","190","190","190","180","180","121","121"
"189","UNIQUE","S16-2418_66","S16-2418_66","2","3","0.85","0.15","0.00184953781462559","","241","241","196","200","227","231","213","223","-99","-99","122","138","190","190","190","194","200","200","121","121"
"189","MATCH","S16-2418_66","S16-2539_66","2","3","0.85","0.15","0.00184953781462559","0.95","241","241","196","200","227","231","213","223","289","289","122","138","190","190","190","194","200","200","121","121"
"190","UNIQUE","S16-2419_87","S16-2419_87","3","3","0.85","0.15","0.000401465674374297","","-99","-99","200","200","227","227","231","239","277","277","126","134","190","190","190","194","180","180","119","121"
"190","MATCH","S16-2419_87","2_cons87","3","3","0.85","0.15","0.000401465674374297","0.95","241","241","200","200","227","227","231","239","277","277","126","134","190","190","190","194","180","180","119","121"
"190","MATCH","S16-2419_87","S16-2430_87","3","3","0.85","0.15","","0.9","241","241","200","200","227","227","231","231","277","277","126","134","190","190","190","194","180","180","119","121"
"191","UNIQUE","S16-2423_0","S16-2423_0","1","3","0.85","0.15","0.000542024648918075","","-99","-99","198","200","-99","-99","227","227","255","255","126","126","190","194","178","194","180","180","121","121"
"192","UNIQUE","S16-2424_86","S16-2424_86","3","3","0.85","0.15","0.00295493777252169","","-99","-99","196","196","-99","-99","213","223","273","277","122","122","190","190","178","190","200","200","121","121"
"192","MATCH","S16-2424_86","S16-2425_86","3","3","0.85","0.15","","0.9","-99","-99","196","196","227","227","213","223","273","277","122","134","190","190","178","190","200","200","121","121"
"192","MATCH","S16-2424_86","S16-2473_86","3","3","0.85","0.15","","0.85","239","239","196","196","227","231","213","223","273","277","122","134","190","190","178","190","200","200","121","121"
"193","UNIQUE","S16-2427_88","S16-2427_88","2","3","0.85","0.15","0.00124613336862914","","-99","-99","196","198","-99","-99","219","223","277","277","126","126","190","190","190","194","200","200","119","141"
"193","MATCH","S16-2427_88","S16-2479_88","2","3","0.85","0.15","","0.85","239","241","196","198","231","231","219","223","277","277","126","134","190","190","190","194","200","200","119","141"
"194","UNIQUE","S16-2429_0","S16-2429_0","1","3","0.85","0.15","8.20400048265222e-05","","239","241","196","200","227","227","223","235","269","273","134","134","198","198","178","190","180","180","119","119"
"195","UNIQUE","S16-2431_67","S16-2431_67","3","3","0.85","0.15","0.00048048523775603","","241","241","196","200","227","231","213","227","277","289","134","144","190","190","164","194","200","200","121","121"
"195","MATCH","S16-2431_67","S16-2468_67","3","3","0.85","0.15","0.00048048523775603","1","241","241","196","200","227","231","213","227","277","289","134","144","190","190","164","194","200","200","121","121"
"195","MATCH","S16-2431_67","S16-2476_67","3","3","0.85","0.15","0.00048048523775603","1","241","241","196","200","227","231","213","227","277","289","134","144","190","190","164","194","200","200","121","121"
"196","UNIQUE","S16-2437_68","S16-2437_68","3","3","0.85","0.15","0.000304414080137004","","241","241","200","200","227","231","227","231","245","277","134","134","182","190","164","194","200","200","119","121"
"196","MATCH","S16-2437_68","S16-2512_68","3","3","0.85","0.15","0.000304414080137004","1","241","241","200","200","227","231","227","231","245","277","134","134","182","190","164","194","200","200","119","121"
"196","MATCH","S16-2437_68","S16-2513_68","3","3","0.85","0.15","0.000304414080137004","1","241","241","200","200","227","231","227","231","245","277","134","134","182","190","164","194","200","200","119","121"
"197","UNIQUE","S16-2441_0","S16-2441_0","1","3","0.85","0.15","0.000588633941395844","","241","241","196","200","227","231","223","235","273","277","134","134","190","198","190","194","200","200","121","121"
"198","UNIQUE","S16-2442_0","S16-2442_0","7","3","0.85","0.15","0.000534115568383525","","241","241","200","200","227","231","223","227","255","273","134","134","190","198","190","194","200","200","121","121"
"198","MATCH","S16-2442_0","S16-2319_56","7","3","0.85","0.15","","0.85","239","241","200","200","227","231","223","227","255","289","134","134","194","198","190","194","200","200","121","121"
"198","MATCH","S16-2442_0","S16-2323_56","7","3","0.85","0.15","","0.85","239","241","200","200","227","231","223","227","255","289","134","134","194","198","190","194","200","200","121","121"
"198","MATCH","S16-2442_0","S16-2436_56","7","3","0.85","0.15","","0.85","239","241","200","200","227","231","223","227","255","289","134","134","194","198","190","194","200","200","121","121"
"198","MATCH","S16-2442_0","S16-2506_56","7","3","0.85","0.15","","0.85","239","241","200","200","227","231","223","227","255","289","134","134","194","198","190","194","200","200","121","121"
"198","MATCH","S16-2442_0","S16-2508_56","7","3","0.85","0.15","","0.85","239","241","200","200","227","231","223","227","255","289","134","134","194","198","190","194","200","200","121","121"
"198","MATCH","S16-2442_0","S16-2514_56","7","3","0.85","0.15","","0.85","239","241","200","200","227","231","223","227","255","289","134","134","194","198","190","194","200","200","121","121"
"199","UNIQUE","S16-2443_69","S16-2443_69","3","3","0.85","0.15","0.000287374638565593","","239","241","198","200","231","231","223","223","255","269","134","134","190","190","182","194","200","200","121","141"
"199","MATCH","S16-2443_69","S16-2521_69","3","3","0.85","0.15","0.000287374638565593","1","239","241","198","200","231","231","223","223","255","269","134","134","190","190","182","194","200","200","121","141"
"199","MATCH","S16-2443_69","S16-2523_69","3","3","0.85","0.15","0.000287374638565593","1","239","241","198","200","231","231","223","223","255","269","134","134","190","190","182","194","200","200","121","141"
"200","UNIQUE","S16-2444_0","S16-2444_0","1","3","0.85","0.15","0.00041970070511593","","239","241","196","200","231","231","223","227","261","277","122","134","190","190","190","194","180","180","121","121"
"201","UNIQUE","S16-2446_70","S16-2446_70","3","3","0.85","0.15","0.000226385363401023","","239","241","200","200","227","231","223","231","255","277","126","134","182","182","194","194","200","200","121","121"
"201","MATCH","S16-2446_70","S16-2447_70","3","3","0.85","0.15","0.000226385363401023","1","239","241","200","200","227","231","223","231","255","277","126","134","182","182","194","194","200","200","121","121"
"201","MATCH","S16-2446_70","S16-2497_70","3","3","0.85","0.15","0.000226385363401023","1","239","241","200","200","227","231","223","231","255","277","126","134","182","182","194","194","200","200","121","121"
"202","UNIQUE","S16-2448_17","S16-2448_17","6","3","0.85","0.15","0.000195742681042991","","239","241","200","200","227","227","231","231","261","277","126","134","190","190","160","190","180","180","119","141"
"202","MATCH","S16-2448_17","S16-2449_17","6","3","0.85","0.15","0.000195742681042991","1","239","241","200","200","227","227","231","231","261","277","126","134","190","190","160","190","180","180","119","141"
"202","MATCH","S16-2448_17","S16-2450_17","6","3","0.85","0.15","0.000195742681042991","1","239","241","200","200","227","227","231","231","261","277","126","134","190","190","160","190","180","180","119","141"
"202","MATCH","S16-2448_17","S16-2451_17","6","3","0.85","0.15","0.000195742681042991","1","239","241","200","200","227","227","231","231","261","277","126","134","190","190","160","190","180","180","119","141"
"202","MATCH","S16-2448_17","S16-2495_17","6","3","0.85","0.15","0.000195742681042991","1","239","241","200","200","227","227","231","231","261","277","126","134","190","190","160","190","180","180","119","141"
"202","MATCH","S16-2448_17","S16-2496_17","6","3","0.85","0.15","","0.95","241","241","200","200","227","227","231","231","261","277","126","134","190","190","160","190","180","180","119","141"
"203","UNIQUE","S16-2452_0","S16-2452_0","1","3","0.85","0.15","0.000364084401226557","","239","241","196","196","227","231","217","227","261","261","134","138","190","190","190","190","180","180","121","141"
"204","UNIQUE","S16-2454_75","S16-2454_75","4","3","0.85","0.15","0.000484645172799239","","241","241","196","200","227","227","213","227","261","289","134","138","190","198","190","190","200","200","121","141"
"204","MATCH","S16-2454_75","S16-2501_75","4","3","0.85","0.15","0.000484645172799239","1","241","241","196","200","227","227","213","227","261","289","134","138","190","198","190","190","200","200","121","141"
"204","MATCH","S16-2454_75","S16-2502_75","4","3","0.85","0.15","0.000484645172799239","1","241","241","196","200","227","227","213","227","261","289","134","138","190","198","190","190","200","200","121","141"
"204","MATCH","S16-2454_75","S16-2503_75","4","3","0.85","0.15","0.000484645172799239","1","241","241","196","200","227","227","213","227","261","289","134","138","190","198","190","190","200","200","121","141"
"205","UNIQUE","S16-2455_0","S16-2455_0","1","3","0.85","0.15","9.58155357514897e-05","","239","239","196","200","233","233","213","239","263","277","138","138","190","194","160","190","180","180","129","141"
"206","UNIQUE","S16-2456_0","S16-2456_0","1","3","0.85","0.15","0.000373053202793842","","239","239","196","200","231","233","217","227","277","277","128","134","190","190","164","178","200","200","121","141"
"207","UNIQUE","S16-2457_71","S16-2457_71","2","3","0.85","0.15","0.00035862595413721","","239","241","196","200","233","233","213","227","263","281","126","128","182","190","190","190","200","200","119","121"
"207","MATCH","S16-2457_71","S16-2458_71","2","3","0.85","0.15","0.00035862595413721","1","239","241","196","200","233","233","213","227","263","281","126","128","182","190","190","190","200","200","119","121"
"208","UNIQUE","S16-2459_0","S16-2459_0","1","3","0.85","0.15","0.000340582962939295","","241","241","196","196","233","233","219","231","267","273","122","128","190","194","190","194","180","180","121","121"
"209","UNIQUE","S16-2465_0","S16-2465_0","1","3","0.85","0.15","0.000329519821732797","","239","241","198","200","227","227","227","231","277","277","122","130","190","190","190","190","180","180","121","141"
"210","UNIQUE","S16-2466_0","S16-2466_0","1","3","0.85","0.15","7.16090225996972e-05","","241","241","194","194","235","235","217","227","253","267","122","122","182","190","164","182","180","180","121","141"
"211","UNIQUE","S16-2467_0","S16-2467_0","1","3","0.85","0.15","0.000483079104684057","","241","241","196","200","231","233","213","231","263","273","134","138","182","190","190","190","200","200","119","121"
"212","UNIQUE","S16-2475_0","S16-2475_0","1","3","0.85","0.15","0.000189994663386611","","241","241","196","200","231","231","223","239","277","277","126","144","190","190","164","182","200","200","129","129"
"213","UNIQUE","S16-2478_0","S16-2478_0","1","3","0.85","0.15","0.000249247374772136","","239","241","196","200","227","227","223","227","255","273","122","134","190","198","164","194","180","180","121","141"
"214","UNIQUE","S16-2480_0","S16-2480_0","1","3","0.85","0.15","0.000217202313619874","","239","241","196","198","231","231","213","239","255","273","134","134","190","194","160","190","200","200","119","141"
"215","UNIQUE","S16-2481_0","S16-2481_0","1","3","0.85","0.15","0.000384506193856563","","239","239","200","200","231","231","213","227","255","255","134","134","190","194","190","190","200","200","121","121"
"216","UNIQUE","S16-2482_0","S16-2482_0","1","3","0.85","0.15","0.000394504018116736","","239","239","196","200","233","233","213","227","255","273","134","134","190","190","178","190","180","180","121","121"
"217","UNIQUE","S16-2483_0","S16-2483_0","1","3","0.85","0.15","0.000282152371733507","","239","239","196","196","233","233","223","239","255","277","122","126","190","190","178","190","180","180","121","121"
"218","UNIQUE","S16-2484_0","S16-2484_0","1","3","0.85","0.15","0.00027742215408779","","239","241","196","200","229","229","227","231","277","277","122","134","190","190","164","194","180","180","121","121"
"219","UNIQUE","S16-2486_0","S16-2486_0","1","3","0.85","0.15","0.000851786167391713","","241","241","196","200","231","233","227","227","255","277","122","122","190","194","190","190","200","200","121","121"
"220","UNIQUE","S16-2487_72","S16-2487_72","3","3","0.85","0.15","0.00019127753335063","","239","239","196","196","227","231","217","227","267","273","122","134","190","194","190","194","200","200","119","119"
"220","MATCH","S16-2487_72","S16-2540_72","3","3","0.85","0.15","0.00019127753335063","1","239","239","196","196","227","231","217","227","267","273","122","134","190","194","190","194","200","200","119","119"
"220","MATCH","S16-2487_72","S16-2547_72","3","3","0.85","0.15","0.00019127753335063","1","239","239","196","196","227","231","217","227","267","273","122","134","190","194","190","194","200","200","119","119"
"221","UNIQUE","S16-2488_0","S16-2488_0","1","3","0.85","0.15","0.00038147721248847","","239","241","196","200","227","233","219","227","261","273","122","144","190","194","182","190","200","200","141","141"
"222","UNIQUE","S16-2489_0","S16-2489_0","1","3","0.85","0.15","0.000780242413270285","","239","241","196","196","233","233","227","227","263","277","126","134","190","190","178","190","200","200","121","141"
"223","UNIQUE","S16-2490_73","S16-2490_73","2","3","0.85","0.15","0.000302391930025709","","239","239","196","200","231","231","227","227","263","285","126","134","190","190","160","194","200","200","121","121"
"223","MATCH","S16-2490_73","S16-2552_73","2","3","0.85","0.15","0.000302391930025709","1","239","239","196","200","231","231","227","227","263","285","126","134","190","190","160","194","200","200","121","121"
"224","UNIQUE","S16-2491_74","S16-2491_74","2","3","0.85","0.15","0.00012209085330995","","239","241","196","200","227","231","217","223","273","285","122","126","194","194","164","190","200","200","119","119"
"224","MATCH","S16-2491_74","S16-2492_74","2","3","0.85","0.15","0.00012209085330995","1","239","241","196","200","227","231","217","223","273","285","122","126","194","194","164","190","200","200","119","119"
"225","UNIQUE","S16-2494_0","S16-2494_0","1","3","0.85","0.15","0.000294550763120106","","241","241","196","200","227","227","213","223","255","273","134","134","190","190","160","182","180","180","121","129"
"226","UNIQUE","S16-2499_0","S16-2499_0","1","3","0.85","0.15","0.000143225626674527","","239","239","196","200","227","227","217","223","255","261","134","134","182","190","164","190","180","180","119","121"
"227","UNIQUE","S16-2500_0","S16-2500_0","1","3","0.85","0.15","0.000132684243001099","","241","241","196","198","231","231","213","239","281","289","122","126","182","190","190","190","180","180","119","121"
"228","UNIQUE","S16-2504_0","S16-2504_0","1","3","0.85","0.15","0.000228193884997376","","239","241","200","200","231","231","213","231","273","277","126","134","182","190","178","194","200","200","119","121"
"229","UNIQUE","S16-2509_0","S16-2509_0","1","3","0.85","0.15","0.000460054063305735","","239","239","196","200","231","231","227","227","255","273","134","134","190","194","182","190","200","200","121","121"
"230","UNIQUE","S16-2522_0","S16-2522_0","1","3","0.85","0.15","0.000320097533420168","","241","241","200","200","231","231","217","227","269","273","122","134","190","194","190","190","200","200","119","141"
"231","UNIQUE","S16-2529_0","S16-2529_0","1","3","0.85","0.15","0.000517707968847873","","241","241","196","196","227","227","227","239","255","273","122","134","190","190","164","190","180","180","121","121"
"232","UNIQUE","S16-2531_0","S16-2531_0","1","3","0.85","0.15","0.000473398002145726","","241","241","196","196","227","233","219","231","245","273","128","134","190","198","190","190","200","200","119","141"
"233","UNIQUE","S16-2532_0","S16-2532_0","1","3","0.85","0.15","0.0011132127643233","","-99","-99","198","200","-99","-99","223","223","245","277","134","138","182","190","190","190","200","200","121","129"
"234","UNIQUE","S16-2533_0","S16-2533_0","1","3","0.85","0.15","0.000192913474882906","","239","239","196","196","233","233","227","239","277","277","134","134","190","194","190","190","180","180","119","129"
"235","UNIQUE","S16-2535_0","S16-2535_0","1","3","0.85","0.15","0.00072393945965401","","-99","-99","200","200","231","231","213","223","255","277","122","126","182","190","190","190","200","200","121","121"
"236","UNIQUE","S16-2536_0","S16-2536_0","1","3","0.85","0.15","0.0010177758959836","","239","241","200","200","227","233","223","227","273","273","134","134","190","190","190","190","200","200","121","121"
"237","UNIQUE","S16-2537_0","S16-2537_0","1","3","0.85","0.15","0.000242880614822963","","239","241","196","198","231","233","213","223","263","277","126","134","182","190","190","190","200","200","119","119"
"238","UNIQUE","S16-2538_0","S16-2538_0","1","3","0.85","0.15","0.000620808928734782","","241","241","196","200","227","231","213","227","255","289","122","122","190","194","190","190","200","200","121","121"
"239","UNIQUE","S16-2542_76","S16-2542_76","3","3","0.85","0.15","0.000481942738839359","","239","241","196","200","231","231","227","239","255","277","122","134","190","194","178","190","200","200","121","121"
"239","MATCH","S16-2542_76","S16-2548_76","3","3","0.85","0.15","0.000481942738839359","1","239","241","196","200","231","231","227","239","255","277","122","134","190","194","178","190","200","200","121","121"
"239","MATCH","S16-2542_76","S16-2549_76","3","3","0.85","0.15","0.000481942738839359","1","239","241","196","200","231","231","227","239","255","277","122","134","190","194","178","190","200","200","121","121"
"240","UNIQUE","S16-2543_0","S16-2543_0","1","3","0.85","0.15","0.000218648442138455","","239","241","196","196","227","227","219","223","245","255","122","122","190","190","160","164","180","180","141","141"
"241","UNIQUE","S16-2544_0","S16-2544_0","1","3","0.85","0.15","0.000259984139917479","","241","241","196","200","227","233","217","227","273","277","122","134","182","190","178","182","180","180","119","121"
"242","CHECK_UNIQUE","S16-2545_91","S16-2545_91","2","3","0.85","0.15","0.000502574025657443","","239","241","196","200","227","227","219","227","273","289","126","134","190","194","190","190","200","200","141","141"
"242","MULTIPLE_MATCH","S16-2545_91","3_cons91","2","3","0.85","0.15","","0.85","239","241","196","200","227","231","219","227","273","289","126","134","190","194","190","194","200","200","119","141"
"243","CHECK_UNIQUE","S16-2546_91","S16-2546_91","2","3","0.85","0.15","0.000838941048205273","","239","241","196","200","227","231","219","227","273","289","-99","-99","190","194","190","194","200","200","119","141"
"243","MULTIPLE_MATCH","S16-2546_91","3_cons91","2","3","0.85","0.15","0.000838941048205273","0.95","239","241","196","200","227","231","219","227","273","289","126","134","190","194","190","194","200","200","119","141"
