"uniqueGroup","rowType","uniqueIndex","matchIndex","nUniqueGroup","alleleMismatch","matchThreshold","cutHeight","Psib","score","ADCYCa","ADCYCb","BM6506a","BM6506b","CELB9a","CELB9b","CERVID1a","CERVID1b","ETH152a","ETH152b","SBTD04a","SBTD04b","SBTD05a","SBTD05b","SBTD06a","SBTD06b","SBTD07a","SBTD07b","TGLA94a","TGLA94b"
"","UNCLASSIFIED","S13-2311a","","","4","0.8","0.2","","","239","239","200","196","-99","-99","177","173","229","227","-99","-99","127","127","190","190","182","170","121","121"
"1","UNIQUE","S13-1424a","S13-1424a","1","4","0.8","0.2","3.20793656576926e-05","","241","239","198","196","233","231","177","177","239","221","282","274","135","127","198","182","194","194","143","129"
"2","UNIQUE","S13-1438a","S13-1438a","4","4","0.8","0.2","0.000110085472386304","","241","241","198","194","233","231","181","179","-99","-99","278","270","135","111","198","190","202","186","129","121"
"2","MATCH","S13-1438a","S13-1452a","4","4","0.8","0.2","0.000110085472386304","0.95","241","241","198","194","233","231","181","179","223","221","278","270","135","111","198","190","202","186","129","121"
"2","MATCH","S13-1438a","S13-1448a","4","4","0.8","0.2","","0.9","241","241","198","194","233","231","181","179","-99","-99","-99","-99","135","111","198","198","202","186","129","121"
"2","MATCH","S13-1438a","S13-1450a","4","4","0.8","0.2","","0.9","241","241","198","194","233","231","181","179","221","221","278","278","135","111","198","190","202","186","129","121"
"3","UNIQUE","S13-1442a","S13-1442a","2","4","0.8","0.2","2.46702688492729e-05","","241","241","198","194","233","233","181","179","223","223","286","270","135","111","198","190","186","170","143","129"
"3","MATCH","S13-1442a","S13-1443a","2","4","0.8","0.2","","0.95","241","241","198","194","233","233","181","179","223","223","270","270","135","111","198","190","186","170","143","129"
"4","UNIQUE","S13-1451a","S13-1451a","1","4","0.8","0.2","0.00412154784720358","","-99","-99","198","196","227","227","177","175","-99","-99","-99","-99","135","131","194","190","190","182","143","121"
"5","UNIQUE","S13-1453a","S13-1453a","1","4","0.8","0.2","0.000330952229031717","","-99","-99","198","196","227","227","181","181","231","219","278","236","135","127","194","190","190","190","143","121"
"6","UNIQUE","S13-1454a","S13-1454a","1","4","0.8","0.2","6.69555536844775e-05","","241","239","198","194","227","227","175","173","223","217","278","262","135","135","194","194","198","178","129","121"
"7","UNIQUE","S13-1611a","S13-1611a","1","4","0.8","0.2","0.000185821425729355","","241","241","196","194","227","227","181","177","229","227","278","278","129","129","190","190","190","174","143","143"
"8","UNIQUE","S13-1612a","S13-1612a","9","4","0.8","0.2","0.000111721265027635","","241","241","196","194","227","227","177","163","219","219","258","258","135","129","190","190","174","174","143","119"
"8","MATCH","S13-1612a","S14-1023a","9","4","0.8","0.2","","0.9","241","241","196","194","227","227","177","163","225","219","274","258","135","129","190","190","174","174","143","119"
"8","MATCH","S13-1612a","S14-1024a","9","4","0.8","0.2","","0.9","241","241","196","194","227","227","177","163","225","219","274","258","135","129","190","190","174","174","143","119"
"8","MATCH","S13-1612a","S14-1025a","9","4","0.8","0.2","","0.9","241","241","196","194","227","227","177","163","225","219","274","258","135","129","190","190","174","174","143","119"
"8","MATCH","S13-1612a","S14-1026a","9","4","0.8","0.2","","0.9","241","241","196","194","227","227","177","163","225","219","274","258","135","129","190","190","174","174","143","119"
"8","MATCH","S13-1612a","S14-1027a","9","4","0.8","0.2","","0.9","241","241","196","194","227","227","177","163","225","219","274","258","135","129","190","190","174","174","143","119"
"8","MATCH","S13-1612a","S14-1041a","9","4","0.8","0.2","","0.9","241","241","196","194","227","227","177","163","225","219","274","258","135","129","190","190","174","174","143","119"
"8","MATCH","S13-1612a","S14-1197a","9","4","0.8","0.2","","0.9","241","241","196","194","227","227","177","163","225","219","274","258","135","129","190","190","174","174","143","119"
"8","MATCH","S13-1612a","S14-1040a","9","4","0.8","0.2","","0.85","241","239","196","194","227","227","177","163","225","219","274","258","135","129","190","190","174","174","143","119"
"9","UNIQUE","S13-1613a","S13-1613a","3","4","0.8","0.2","0.000384954449610514","","241","241","200","194","227","227","-99","-99","229","219","278","260","135","135","194","190","186","178","143","121"
"9","MATCH","S13-1613a","S14-1029a","3","4","0.8","0.2","0.000384954449610514","0.95","241","241","200","194","227","227","183","181","229","219","278","260","135","135","194","190","186","178","143","121"
"9","MATCH","S13-1613a","S14-1028a","3","4","0.8","0.2","0.000718884554675953","0.9","241","241","200","194","-99","-99","183","183","229","219","278","260","135","135","194","190","186","178","143","121"
"10","UNIQUE","S13-1614a","S13-1614a","6","4","0.8","0.2","0.000654863549908657","","241","241","196","194","231","227","177","163","-99","-99","282","258","129","127","190","190","190","190","143","121"
"10","MATCH","S13-1614a","S14-1306a","6","4","0.8","0.2","","0.8","241","241","196","194","231","227","177","163","227","225","278","258","135","127","190","190","190","174","143","121"
"10","MATCH","S13-1614a","S14-1315a","6","4","0.8","0.2","","0.8","241","241","196","194","231","227","177","163","227","225","278","258","135","127","190","190","190","174","143","121"
"10","MATCH","S13-1614a","S14-1316a","6","4","0.8","0.2","","0.8","241","241","196","194","231","227","177","163","227","225","278","258","135","127","190","190","190","174","143","121"
"10","MATCH","S13-1614a","S14-1606a","6","4","0.8","0.2","","0.8","241","241","196","194","231","227","177","163","227","225","278","258","135","127","190","190","190","174","143","121"
"10","MATCH","S13-1614a","S14-1613a","6","4","0.8","0.2","","0.8","241","241","196","194","231","227","177","163","227","225","278","258","135","127","190","190","190","174","143","121"
"11","UNIQUE","S13-1615a","S13-1615a","1","4","0.8","0.2","9.33439577831618e-05","","241","237","198","196","231","227","181","163","227","223","278","258","127","127","198","190","190","190","121","121"
"12","UNIQUE","S13-1616a","S13-1616a","14","4","0.8","0.2","0.000256278964805809","","241","239","196","194","237","227","177","171","235","225","282","270","139","139","190","190","190","190","129","121"
"12","MATCH","S13-1616a","S13-1617a","14","4","0.8","0.2","0.000256278964805809","1","241","239","196","194","237","227","177","171","235","225","282","270","139","139","190","190","190","190","129","121"
"12","MATCH","S13-1616a","S13-1743a","14","4","0.8","0.2","0.000256278964805809","1","241","239","196","194","237","227","177","171","235","225","282","270","139","139","190","190","190","190","129","121"
"12","MATCH","S13-1616a","S13-1894a","14","4","0.8","0.2","0.000256278964805809","1","241","239","196","194","237","227","177","171","235","225","282","270","139","139","190","190","190","190","129","121"
"12","MATCH","S13-1616a","S13-1895a","14","4","0.8","0.2","0.000256278964805809","1","241","239","196","194","237","227","177","171","235","225","282","270","139","139","190","190","190","190","129","121"
"12","MATCH","S13-1616a","S13-1897a","14","4","0.8","0.2","0.000256278964805809","1","241","239","196","194","237","227","177","171","235","225","282","270","139","139","190","190","190","190","129","121"
"12","MATCH","S13-1616a","S13-2014a","14","4","0.8","0.2","0.000256278964805809","1","241","239","196","194","237","227","177","171","235","225","282","270","139","139","190","190","190","190","129","121"
"12","MATCH","S13-1616a","S13-2015a","14","4","0.8","0.2","0.000256278964805809","1","241","239","196","194","237","227","177","171","235","225","282","270","139","139","190","190","190","190","129","121"
"12","MATCH","S13-1616a","S14-1033a","14","4","0.8","0.2","0.000256278964805809","1","241","239","196","194","237","227","177","171","235","225","282","270","139","139","190","190","190","190","129","121"
"12","MATCH","S13-1616a","S14-1036a","14","4","0.8","0.2","0.000256278964805809","1","241","239","196","194","237","227","177","171","235","225","282","270","139","139","190","190","190","190","129","121"
"12","MATCH","S13-1616a","S14-1037a","14","4","0.8","0.2","0.000256278964805809","1","241","239","196","194","237","227","177","171","235","225","282","270","139","139","190","190","190","190","129","121"
"12","MATCH","S13-1616a","S14-1039a","14","4","0.8","0.2","0.000256278964805809","1","241","239","196","194","237","227","177","171","235","225","282","270","139","139","190","190","190","190","129","121"
"12","MATCH","S13-1616a","S13-1746a","14","4","0.8","0.2","","0.85","239","239","196","194","227","227","177","171","235","225","-99","-99","139","139","190","190","190","190","129","121"
"12","MATCH","S13-1616a","S13-2016a","14","4","0.8","0.2","","0.8","241","239","196","194","-99","-99","-99","-99","-99","-99","270","270","139","139","190","190","190","190","129","121"
"13","UNIQUE","S13-1618a","S13-1618a","1","4","0.8","0.2","0.000204980357617188","","239","239","196","194","237","231","177","177","231","213","282","278","131","127","190","190","190","182","121","121"
"14","UNIQUE","S13-1622a","S13-1622a","1","4","0.8","0.2","0.000131676436172542","","241","241","200","198","227","227","175","173","235","227","278","262","127","123","194","190","190","190","121","119"
"15","UNIQUE","S13-1623a","S13-1623a","2","4","0.8","0.2","0.000355313892612051","","239","239","198","196","229","229","173","173","-99","-99","260","260","139","135","194","190","182","174","121","121"
"15","MATCH","S13-1623a","S14-1898a","2","4","0.8","0.2","","0.85","241","239","198","194","229","229","173","173","231","223","260","260","139","135","194","190","182","174","121","121"
"16","UNIQUE","S13-1676a","S13-1676a","2","4","0.8","0.2","0.000874744665281661","","241","239","200","198","-99","-99","-99","-99","229","229","268","262","139","127","198","190","190","182","121","121"
"16","MATCH","S13-1676a","S13-1760a","2","4","0.8","0.2","","0.85","241","239","200","198","237","237","183","177","229","227","268","262","139","127","198","190","190","182","121","121"
"17","UNIQUE","S13-1677a","S13-1677a","10","4","0.8","0.2","0.000127712401922216","","241","239","200","194","237","237","183","177","229","217","270","268","139","131","190","190","194","182","121","121"
"17","MATCH","S13-1677a","S14-1049a","10","4","0.8","0.2","0.000127712401922216","1","241","239","200","194","237","237","183","177","229","217","270","268","139","131","190","190","194","182","121","121"
"17","MATCH","S13-1677a","S14-1292a","10","4","0.8","0.2","0.000127712401922216","1","241","239","200","194","237","237","183","177","229","217","270","268","139","131","190","190","194","182","121","121"
"17","MATCH","S13-1677a","S14-1330a","10","4","0.8","0.2","0.000127712401922216","1","241","239","200","194","237","237","183","177","229","217","270","268","139","131","190","190","194","182","121","121"
"17","MATCH","S13-1677a","S14-1337a","10","4","0.8","0.2","0.000127712401922216","1","241","239","200","194","237","237","183","177","229","217","270","268","139","131","190","190","194","182","121","121"
"17","MATCH","S13-1677a","S13-1912a","10","4","0.8","0.2","","0.95","241","239","200","194","237","237","183","177","229","217","268","268","139","131","190","190","194","182","121","121"
"17","MATCH","S13-1677a","S14-1051a","10","4","0.8","0.2","","0.95","241","239","200","194","237","237","183","177","223","217","270","268","139","131","190","190","194","182","121","121"
"17","MATCH","S13-1677a","S14-1190a","10","4","0.8","0.2","","0.9","239","239","200","194","237","237","183","177","229","217","-99","-99","139","131","190","190","194","182","121","121"
"17","MATCH","S13-1677a","S13-1762a","10","4","0.8","0.2","","0.85","241","239","200","194","237","237","-99","-99","229","229","270","270","139","131","190","190","194","182","121","121"
"17","MATCH","S13-1677a","S13-1911a","10","4","0.8","0.2","","0.85","241","241","200","194","237","237","177","177","229","229","270","268","139","131","190","190","194","182","121","121"
"18","UNIQUE","S13-1682a","S13-1682a","1","4","0.8","0.2","0.000141585601810083","","241","241","196","196","233","229","181","173","229","225","282","266","135","135","190","182","190","178","121","121"
"19","UNIQUE","S13-1683a","S13-1683a","1","4","0.8","0.2","0.00125901278378839","","241","241","196","194","-99","-99","-99","-99","241","225","278","278","139","139","190","190","194","190","121","119"
"20","UNIQUE","S13-1684a","S13-1684a","1","4","0.8","0.2","0.000136124276461331","","239","239","196","196","227","227","177","175","225","213","282","274","139","135","194","182","190","190","143","119"
"21","UNIQUE","S13-1685a","S13-1685a","3","4","0.8","0.2","9.52573058899231e-05","","241","239","196","194","233","233","181","173","229","229","268","266","135","129","190","182","190","174","143","121"
"21","MATCH","S13-1685a","S13-1686a","3","4","0.8","0.2","9.52573058899231e-05","1","241","239","196","194","233","233","181","173","229","229","268","266","135","129","190","182","190","174","143","121"
"21","MATCH","S13-1685a","S14-2067a","3","4","0.8","0.2","9.52573058899231e-05","1","241","239","196","194","233","233","181","173","229","229","268","266","135","129","190","182","190","174","143","121"
"22","UNIQUE","S13-1735a","S13-1735a","1","4","0.8","0.2","0.000911053750992388","","239","239","200","198","-99","-99","-99","-99","223","223","270","260","135","135","190","182","190","182","143","121"
"23","UNIQUE","S13-1737a","S13-1737a","1","4","0.8","0.2","0.00501924651846055","","-99","-99","196","196","227","227","-99","-99","227","221","-99","-99","135","135","190","190","194","186","143","121"
"24","UNIQUE","S13-1738a","S13-1738a","1","4","0.8","0.2","0.000261084746221288","","239","239","194","194","237","227","183","177","225","225","278","274","135","135","190","190","190","174","143","121"
"25","UNIQUE","S13-1741a","S13-1741a","2","4","0.8","0.2","0.00011321422762599","","239","239","196","196","231","229","161","161","229","221","274","270","135","127","194","190","194","174","121","121"
"25","MATCH","S13-1741a","S14-1030a","2","4","0.8","0.2","","0.9","239","239","196","196","229","229","175","161","229","221","274","270","135","127","194","190","194","174","121","121"
"26","UNIQUE","S13-1745a","S13-1745a","1","4","0.8","0.2","0.000157490877448372","","239","239","200","196","229","227","181","173","227","223","282","260","135","135","194","190","182","182","143","121"
"27","UNIQUE","S13-1751a","S13-1751a","1","4","0.8","0.2","0.00121013254320784","","239","239","196","196","-99","-99","-99","-99","217","217","254","254","129","129","194","190","190","190","121","121"
"28","UNIQUE","S13-1765a","S13-1765a","2","4","0.8","0.2","0.000219818240543385","","241","239","196","194","233","227","169","163","229","227","286","274","135","127","198","190","190","190","121","121"
"28","MATCH","S13-1765a","S14-1875a","2","4","0.8","0.2","0.000219818240543385","1","241","239","196","194","233","227","169","163","229","227","286","274","135","127","198","190","190","190","121","121"
"29","UNIQUE","S13-1772a","S13-1772a","1","4","0.8","0.2","0.00123679180989323","","241","241","194","194","-99","-99","183","183","229","223","-99","-99","127","127","190","190","190","190","143","121"
"30","UNIQUE","S13-1773a","S13-1773a","5","4","0.8","0.2","0.000123168612664849","","239","239","198","196","227","227","173","173","229","223","274","258","127","127","194","190","186","178","143","121"
"30","MATCH","S13-1773a","S13-1959a","5","4","0.8","0.2","0.000123168612664849","1","239","239","198","196","227","227","173","173","229","223","274","258","127","127","194","190","186","178","143","121"
"30","MATCH","S13-1773a","S13-1774a","5","4","0.8","0.2","","0.95","239","239","198","196","227","227","181","173","229","223","274","258","127","127","194","190","186","178","143","121"
"30","MATCH","S13-1773a","S13-1951a","5","4","0.8","0.2","","0.95","239","239","198","196","227","227","181","173","229","223","274","258","127","127","194","190","186","178","143","121"
"30","MATCH","S13-1773a","S14-1873a","5","4","0.8","0.2","","0.85","239","239","198","198","227","227","-99","-99","229","223","258","258","127","127","194","190","186","178","143","121"
"31","UNIQUE","S13-1777a","S13-1777a","1","4","0.8","0.2","0.000755476294979415","","239","239","200","200","-99","-99","-99","-99","227","217","282","282","135","127","190","190","182","178","143","143"
"32","UNIQUE","S13-1778a","S13-1778a","1","4","0.8","0.2","0.000104862129437567","","-99","-99","198","198","237","237","177","177","231","231","282","260","131","127","194","194","190","174","121","121"
"33","UNIQUE","S13-1779a","S13-1779a","5","4","0.8","0.2","0.000117462344705174","","241","241","194","194","227","227","183","169","229","225","286","258","139","127","198","190","190","190","143","121"
"33","MATCH","S13-1779a","S13-1963a","5","4","0.8","0.2","","0.95","241","241","194","194","227","227","183","169","229","227","286","258","139","127","198","190","190","190","143","121"
"33","MATCH","S13-1779a","S13-2125a","5","4","0.8","0.2","","0.95","241","241","194","194","227","227","183","169","229","227","286","258","139","127","198","190","190","190","143","121"
"33","MATCH","S13-1779a","S13-2123a","5","4","0.8","0.2","","0.9","241","241","194","194","227","227","169","169","229","227","286","258","139","127","198","190","190","190","143","121"
"33","MATCH","S13-1779a","S13-2059a","5","4","0.8","0.2","","0.85","241","241","194","194","-99","-99","169","169","229","227","286","258","139","127","198","190","190","190","143","121"
"34","UNIQUE","S13-1780a","S13-1780a","1","4","0.8","0.2","9.23344298610955e-05","","239","239","200","198","237","237","181","177","227","227","262","262","123","123","190","190","178","174","121","121"
"35","UNIQUE","S13-1892a","S13-1892a","2","4","0.8","0.2","0.00500453093941067","","-99","-99","196","196","227","227","-99","-99","-99","-99","274","268","139","135","190","190","186","182","143","121"
"35","MATCH","S13-1892a","S13-1935a","2","4","0.8","0.2","","0.8","239","239","198","196","227","227","177","175","229","227","274","268","139","135","190","190","186","182","143","121"
"36","UNIQUE","S13-1893a","S13-1893a","1","4","0.8","0.2","7.51732116699815e-05","","241","241","198","194","227","227","169","163","225","219","274","258","129","127","190","190","194","174","143","119"
"37","UNIQUE","S13-1900a","S13-1900a","1","4","0.8","0.2","0.000101726151402529","","241","241","200","196","227","227","181","161","241","219","262","248","135","123","198","194","190","190","121","121"
"38","UNIQUE","S13-1904a","S13-1904a","1","4","0.8","0.2","7.97494754792027e-05","","239","239","200","200","237","237","177","173","229","223","278","248","139","139","190","190","182","174","143","143"
"39","UNIQUE","S13-1907a","S13-1907a","2","4","0.8","0.2","0.000547094822943289","","-99","-99","194","194","-99","-99","177","177","239","227","278","278","135","131","194","190","186","174","121","121"
"39","MATCH","S13-1907a","S14-1043a","2","4","0.8","0.2","","0.8","241","239","196","194","237","237","177","177","-99","-99","278","278","135","131","194","190","186","174","121","121"
"40","UNIQUE","S13-1913a","S13-1913a","3","4","0.8","0.2","0.000189653094609407","","239","239","196","196","231","227","171","169","227","223","274","264","139","139","194","190","190","182","121","121"
"40","MATCH","S13-1913a","S13-2006a","3","4","0.8","0.2","0.000189653094609407","1","239","239","196","196","231","227","171","169","227","223","274","264","139","139","194","190","190","182","121","121"
"40","MATCH","S13-1913a","S13-1915a","3","4","0.8","0.2","","0.95","239","239","196","196","231","227","171","169","227","223","274","264","139","135","194","190","190","182","121","121"
"41","UNIQUE","S13-1914a","S13-1914a","1","4","0.8","0.2","0.000300859101774536","","241","239","196","194","229","229","173","173","227","225","274","268","135","135","190","190","190","174","121","121"
"42","UNIQUE","S13-1918a","S13-1918a","1","4","0.8","0.2","0.000552425309210255","","239","239","196","196","-99","-99","177","173","229","229","282","248","139","135","194","190","190","160","121","121"
"43","UNIQUE","S13-1919a","S13-1919a","2","4","0.8","0.2","0.000581552229716418","","241","239","196","196","237","227","177","173","225","225","282","260","139","135","190","190","190","190","121","121"
"43","MATCH","S13-1919a","S14-2097a","2","4","0.8","0.2","","0.95","241","239","196","196","237","227","177","173","227","225","282","260","139","135","190","190","190","190","121","121"
"44","UNIQUE","S13-1920a","S13-1920a","2","4","0.8","0.2","0.00019470501077283","","239","239","196","196","241","237","177","173","227","225","274","270","135","135","194","190","190","174","121","119"
"44","MATCH","S13-1920a","S13-2039a","2","4","0.8","0.2","0.00182411537618672","0.9","239","239","196","196","-99","-99","177","173","-99","-99","274","270","135","135","194","190","190","174","121","119"
"45","UNIQUE","S13-1921a","S13-1921a","1","4","0.8","0.2","0.000236608520261692","","239","239","196","194","227","227","183","175","239","225","270","268","135","135","190","190","190","182","143","143"
"46","UNIQUE","S13-1922a","S13-1922a","2","4","0.8","0.2","0.00013704457715672","","239","239","196","196","231","231","175","161","225","219","274","244","131","129","190","190","190","178","121","121"
"46","MATCH","S13-1922a","S13-2040a","2","4","0.8","0.2","0.00145372270029978","0.9","239","239","196","196","231","231","175","161","-99","-99","-99","-99","131","129","190","190","190","178","121","121"
"47","UNIQUE","S13-1923a","S13-1923a","1","4","0.8","0.2","0.000454792341649677","","241","239","196","196","237","237","173","161","227","225","290","274","135","135","190","190","190","190","121","121"
"48","UNIQUE","S13-1924a","S13-1924a","2","4","0.8","0.2","0.000215032857111425","","239","239","196","194","233","233","179","173","227","213","274","270","135","127","190","190","194","190","143","121"
"48","MATCH","S13-1924a","S13-2021a","2","4","0.8","0.2","0.0182670123588907","0.8","239","239","196","194","-99","-99","-99","-99","-99","-99","-99","-99","135","127","190","190","194","190","143","121"
"49","CHECK_UNIQUE","S13-1925a","S13-1925a","2","4","0.8","0.2","0.00270469965707896","","-99","-99","198","198","-99","-99","-99","-99","227","227","270","270","139","135","190","190","190","170","143","121"
"49","MULTIPLE_MATCH","S13-1925a","S14-1906a","2","4","0.8","0.2","","0.8","239","239","200","198","-99","-99","179","175","227","225","270","270","139","135","190","190","190","170","143","121"
"50","UNIQUE","S13-1926a","S13-1926a","1","4","0.8","0.2","0.000135253581365391","","239","239","200","196","233","233","179","165","227","225","274","270","139","135","190","190","182","174","121","119"
"51","UNIQUE","S13-1929a","S13-1929a","8","4","0.8","0.2","0.000107064478891397","","241","239","200","196","237","227","179","175","225","225","274","262","139","135","194","190","190","174","129","119"
"51","MATCH","S13-1929a","S13-2008a","8","4","0.8","0.2","","0.95","241","239","200","196","237","227","179","175","225","225","274","262","139","139","194","190","190","174","129","119"
"51","MATCH","S13-1929a","S14-1620a","8","4","0.8","0.2","","0.95","241","239","200","196","237","227","179","175","225","225","274","262","139","139","194","190","190","174","129","119"
"51","MATCH","S13-1929a","S14-1846a","8","4","0.8","0.2","","0.95","241","239","200","196","237","227","179","175","225","225","274","262","139","139","194","190","190","174","129","119"
"51","MATCH","S13-1929a","S14-2571a","8","4","0.8","0.2","","0.95","241","239","200","196","237","227","179","175","225","225","274","262","139","139","194","190","190","174","129","119"
"51","MATCH","S13-1929a","S14-1618a","8","4","0.8","0.2","","0.9","241","239","200","196","237","227","179","175","225","207","274","262","139","139","194","190","190","174","129","119"
"51","MATCH","S13-1929a","S14-1622a","8","4","0.8","0.2","","0.9","241","239","200","196","237","227","179","175","225","225","262","262","139","139","194","190","190","174","129","119"
"51","MATCH","S13-1929a","S14-1849a","8","4","0.8","0.2","","0.85","241","239","200","196","-99","-99","179","175","225","207","274","262","139","139","194","190","190","174","129","119"
"52","UNIQUE","S13-1932a","S13-1932a","3","4","0.8","0.2","0.00016519317502193","","241","239","200","196","227","227","177","175","229","217","274","274","135","123","190","182","182","182","121","119"
"52","MATCH","S13-1932a","S14-1870a","3","4","0.8","0.2","0.00016519317502193","1","241","239","200","196","227","227","177","175","229","217","274","274","135","123","190","182","182","182","121","119"
"52","MATCH","S13-1932a","S14-1871a","3","4","0.8","0.2","0.00016519317502193","1","241","239","200","196","227","227","177","175","229","217","274","274","135","123","190","182","182","182","121","119"
"53","UNIQUE","S13-1933a","S13-1933a","2","4","0.8","0.2","0.000235273453450901","","241","241","196","194","227","227","177","161","229","227","286","260","139","135","190","190","194","178","143","121"
"53","MATCH","S13-1933a","S13-2054a","2","4","0.8","0.2","0.000439362246578134","0.95","241","241","196","194","-99","-99","177","161","229","227","286","260","139","135","190","190","194","178","143","121"
"54","UNIQUE","S13-1938a","S13-1938a","1","4","0.8","0.2","0.000315100327922845","","241","237","196","196","227","227","173","173","227","225","290","278","139","127","190","190","190","182","121","121"
"55","UNIQUE","S13-1939a","S13-1939a","2","4","0.8","0.2","0.000122502049649402","","239","239","194","194","237","237","177","161","227","217","282","270","139","135","190","190","194","182","143","143"
"55","MATCH","S13-1939a","S14-1012a","2","4","0.8","0.2","0.000122502049649402","1","239","239","194","194","237","237","177","161","227","217","282","270","139","135","190","190","194","182","143","143"
"56","UNIQUE","S13-1940a","S13-1940a","1","4","0.8","0.2","0.0016125669665212","","-99","-99","196","196","227","227","-99","-99","225","223","290","248","129","129","190","190","190","182","121","121"
"57","UNIQUE","S13-1941a","S13-1941a","1","4","0.8","0.2","0.00111676862694715","","241","241","196","196","-99","-99","-99","-99","225","215","-99","-99","129","129","182","182","182","166","143","121"
"58","UNIQUE","S13-1942a","S13-1942a","6","4","0.8","0.2","0.000164075330876227","","239","237","196","196","231","227","173","173","225","213","290","268","135","129","190","190","190","182","143","121"
"58","MATCH","S13-1942a","S13-1945a","6","4","0.8","0.2","0.000164075330876227","1","239","237","196","196","231","227","173","173","225","213","290","268","135","129","190","190","190","182","143","121"
"58","MATCH","S13-1942a","S14-1165a","6","4","0.8","0.2","0.000164075330876227","1","239","237","196","196","231","227","173","173","225","213","290","268","135","129","190","190","190","182","143","121"
"58","MATCH","S13-1942a","S14-1277a","6","4","0.8","0.2","0.000164075330876227","1","239","237","196","196","231","227","173","173","225","213","290","268","135","129","190","190","190","182","143","121"
"58","MATCH","S13-1942a","S13-2326a","6","4","0.8","0.2","","0.95","239","237","196","196","231","227","173","171","225","213","290","268","135","129","190","190","190","182","143","121"
"58","MATCH","S13-1942a","S14-1322a","6","4","0.8","0.2","","0.95","239","237","196","196","231","227","173","171","225","213","290","268","135","129","190","190","190","182","143","121"
"59","UNIQUE","S13-1962a","S13-1962a","1","4","0.8","0.2","0.000164494237890337","","241","239","198","196","233","233","177","171","241","241","278","262","135","135","190","190","190","174","143","121"
"60","UNIQUE","S13-1964a","S13-1964a","1","4","0.8","0.2","0.00028827537201912","","241","241","196","196","227","227","173","161","241","227","264","254","131","127","190","190","190","182","121","121"
"61","UNIQUE","S13-1985a","S13-1985a","1","4","0.8","0.2","0.000113827571469881","","241","239","200","198","227","227","175","175","217","217","282","274","139","135","190","190","194","186","143","129"
"62","UNIQUE","S13-1992a","S13-1992a","1","4","0.8","0.2","0.000129786544143055","","241","239","194","194","237","227","179","181","235","225","290","274","135","135","198","190","190","178","143","121"
"63","UNIQUE","S13-1993a","S13-1993a","4","4","0.8","0.2","0.00022673264232158","","241","239","196","196","237","237","179","177","225","213","282","270","135","127","190","182","190","182","121","121"
"63","MATCH","S13-1993a","S13-1994a","4","4","0.8","0.2","0.00022673264232158","1","241","239","196","196","237","237","179","177","225","213","282","270","135","127","190","182","190","182","121","121"
"63","MATCH","S13-1993a","S14-1282a","4","4","0.8","0.2","0.00022673264232158","1","241","239","196","196","237","237","179","177","225","213","282","270","135","127","190","182","190","182","121","121"
"63","MATCH","S13-1993a","S14-1175a","4","4","0.8","0.2","0.0043177773812126","0.85","241","239","196","196","237","237","-99","-99","225","213","-99","-99","135","127","190","182","-99","-99","121","121"
"64","UNIQUE","S13-2005a","S13-2005a","1","4","0.8","0.2","0.000390190206358155","","239","239","196","196","231","227","177","171","223","217","274","270","139","135","190","190","190","182","121","121"
"65","UNIQUE","S13-2007a","S13-2007a","11","4","0.8","0.2","0.000116966117850317","","239","239","200","194","239","227","177","171","229","225","274","264","139","127","194","190","190","186","121","121"
"65","MATCH","S13-2007a","S14-1289a","11","4","0.8","0.2","","0.95","239","239","200","194","227","227","177","171","229","225","274","264","139","127","194","190","190","186","121","121"
"65","MATCH","S13-2007a","S14-1293a","11","4","0.8","0.2","","0.95","239","239","200","194","227","227","177","171","229","225","274","264","139","127","194","190","190","186","121","121"
"65","MATCH","S13-2007a","S14-1294a","11","4","0.8","0.2","","0.95","239","239","200","194","227","227","177","171","229","225","274","264","139","127","194","190","190","186","121","121"
"65","MATCH","S13-2007a","S14-1331a","11","4","0.8","0.2","","0.95","239","239","200","194","227","227","177","171","229","225","274","264","139","127","194","190","190","186","121","121"
"65","MATCH","S13-2007a","S14-1332a","11","4","0.8","0.2","","0.95","239","239","200","194","227","227","177","171","229","225","274","264","139","127","194","190","190","186","121","121"
"65","MATCH","S13-2007a","S14-1581a","11","4","0.8","0.2","","0.95","239","239","200","194","227","227","177","171","229","225","274","264","139","127","194","190","190","186","121","121"
"65","MATCH","S13-2007a","S14-1593a","11","4","0.8","0.2","","0.95","239","239","200","194","227","227","177","171","229","225","274","264","139","127","194","190","190","186","121","121"
"65","MATCH","S13-2007a","S14-1594a","11","4","0.8","0.2","","0.95","239","239","200","194","227","227","177","171","229","225","274","264","139","127","194","190","190","186","121","121"
"65","MATCH","S13-2007a","S14-1595a","11","4","0.8","0.2","","0.95","239","239","200","194","227","227","177","171","229","225","274","264","139","127","194","190","190","186","121","121"
"65","MATCH","S13-2007a","S14-1596a","11","4","0.8","0.2","","0.8","239","239","200","194","227","227","177","171","-99","-99","264","264","139","127","190","190","190","186","121","121"
"66","UNIQUE","S13-2010a","S13-2010a","1","4","0.8","0.2","0.000137508494025807","","239","239","200","196","-99","-99","179","173","207","207","274","262","139","131","194","190","174","174","129","121"
"67","UNIQUE","S13-2012a","S13-2012a","1","4","0.8","0.2","0.00034577448431097","","239","239","200","196","227","227","177","177","229","213","278","260","139","135","190","190","190","182","143","121"
"68","UNIQUE","S13-2013a","S13-2013a","1","4","0.8","0.2","8.8125639540365e-05","","241","239","200","196","237","237","179","175","235","229","274","254","139","127","194","190","194","182","121","119"
"69","UNIQUE","S13-2018a","S13-2018a","1","4","0.8","0.2","0.00028735115985621","","241","239","198","194","227","227","181","161","227","225","282","270","135","135","190","190","194","194","121","121"
"70","UNIQUE","S13-2029a","S13-2029a","5","4","0.8","0.2","0.000118980446175793","","241","239","198","194","227","227","179","161","225","213","270","254","135","135","190","190","194","170","143","119"
"70","MATCH","S13-2029a","S14-2098a","5","4","0.8","0.2","0.000118980446175793","1","241","239","198","194","227","227","179","161","225","213","270","254","135","135","190","190","194","170","143","119"
"70","MATCH","S13-2029a","S14-1858a","5","4","0.8","0.2","","0.95","241","239","198","194","227","227","179","161","225","213","270","254","135","135","190","190","174","170","143","119"
"70","MATCH","S13-2029a","S14-2575a","5","4","0.8","0.2","","0.85","-99","-99","198","194","227","227","179","161","225","213","-99","-99","135","135","190","190","170","170","143","119"
"70","MATCH","S13-2029a","S14-1629a","5","4","0.8","0.2","","0.8","239","239","198","194","227","227","179","161","-99","-99","254","254","135","135","190","190","170","170","143","119"
"71","UNIQUE","S13-2032a","S13-2032a","3","4","0.8","0.2","0.002751435262811","","241","241","198","194","-99","-99","-99","-99","-99","-99","274","274","139","139","194","190","190","186","143","121"
"71","MATCH","S13-2032a","S13-2111a","3","4","0.8","0.2","","0.8","241","239","198","194","241","233","-99","-99","229","219","290","274","139","139","194","190","190","186","143","121"
"71","MATCH","S13-2032a","S14-1854a","3","4","0.8","0.2","","0.8","241","239","198","194","241","233","-99","-99","229","219","290","274","139","139","194","190","190","186","143","121"
"72","UNIQUE","S13-2035a","S13-2035a","5","4","0.8","0.2","8.51401995299813e-05","","241","239","200","200","229","227","179","171","227","225","274","268","139","123","190","190","174","170","121","119"
"72","MATCH","S13-2035a","S13-2189a","5","4","0.8","0.2","8.51401995299813e-05","1","241","239","200","200","229","227","179","171","227","225","274","268","139","123","190","190","174","170","121","119"
"72","MATCH","S13-2035a","S14-1911a","5","4","0.8","0.2","8.51401995299813e-05","1","241","239","200","200","229","227","179","171","227","225","274","268","139","123","190","190","174","170","121","119"
"72","MATCH","S13-2035a","S14-1634a","5","4","0.8","0.2","","0.95","241","239","200","198","229","227","179","171","227","225","274","268","139","123","190","190","174","170","121","119"
"72","MATCH","S13-2035a","S14-2102a","5","4","0.8","0.2","","0.85","241","239","200","200","229","227","179","179","227","227","-99","-99","139","123","190","190","174","170","121","119"
"73","UNIQUE","S13-2049a","S13-2049a","1","4","0.8","0.2","0.00054139585126292","","241","239","198","196","227","227","177","177","229","229","282","248","139","135","190","190","190","190","121","121"
"74","UNIQUE","S13-2055a","S13-2055a","2","4","0.8","0.2","0.000208662155103774","","239","239","196","194","235","235","177","173","227","227","264","264","135","129","190","190","190","190","143","121"
"74","MATCH","S13-2055a","S13-2056a","2","4","0.8","0.2","","0.9","239","239","196","194","235","229","177","173","227","227","290","264","135","129","190","190","190","190","143","121"
"75","UNIQUE","S13-2088a","S13-2088a","1","4","0.8","0.2","0.000259306384928751","","239","239","194","194","-99","-99","177","177","239","225","278","278","135","135","190","190","174","174","143","123"
"76","UNIQUE","S13-2091a","S13-2091a","1","4","0.8","0.2","0.000271907469814674","","-99","-99","200","196","-99","-99","173","171","223","223","266","266","135","123","194","190","194","190","143","123"
"77","UNIQUE","S13-2092a","S13-2092a","4","4","0.8","0.2","0.000241633970190031","","239","239","196","196","237","237","179","177","225","223","282","274","135","135","194","190","190","178","121","121"
"77","MATCH","S13-2092a","S14-2107a","4","4","0.8","0.2","0.000241633970190031","1","239","239","196","196","237","237","179","177","225","223","282","274","135","135","194","190","190","178","121","121"
"77","MATCH","S13-2092a","S14-2106a","4","4","0.8","0.2","","0.9","-99","-99","196","196","237","237","179","177","225","225","282","274","135","135","194","190","190","178","121","121"
"77","MATCH","S13-2092a","S14-1878a","4","4","0.8","0.2","","0.85","239","239","196","196","237","237","177","175","225","221","282","274","135","135","194","190","190","178","121","121"
"78","UNIQUE","S13-2093a","S13-2093a","2","4","0.8","0.2","0.000194932655748919","","241","239","198","198","231","227","175","173","227","217","290","278","139","135","190","190","190","174","143","121"
"78","MATCH","S13-2093a","S13-2094a","2","4","0.8","0.2","","0.95","241","239","198","198","231","227","175","173","217","217","290","278","139","135","190","190","190","174","143","121"
"79","UNIQUE","S13-2096a","S13-2096a","1","4","0.8","0.2","0.00250234745213744","","239","239","196","194","237","233","161","161","223","217","-99","-99","135","127","190","190","-99","-99","-99","-99"
"80","UNIQUE","S13-2099a","S13-2099a","1","4","0.8","0.2","0.000194799475707729","","241","239","196","194","233","229","177","173","227","227","274","258","139","127","194","190","194","190","121","121"
"81","UNIQUE","S13-2101a","S13-2101a","4","4","0.8","0.2","0.000482077907183848","","239","239","196","196","-99","-99","-99","-99","221","213","260","260","139","123","194","194","182","182","143","121"
"81","MATCH","S13-2101a","S13-2102a","4","4","0.8","0.2","","0.8","239","239","196","196","231","231","175","173","221","213","268","260","139","123","194","190","182","182","143","121"
"81","MATCH","S13-2101a","S13-2103a","4","4","0.8","0.2","","0.8","239","239","196","196","231","231","175","173","221","213","268","260","139","123","194","190","182","182","143","121"
"81","MATCH","S13-2101a","S13-2159a","4","4","0.8","0.2","","0.8","239","239","196","196","231","231","175","173","221","213","268","260","139","123","194","190","182","182","143","121"
"82","UNIQUE","S13-2104a","S13-2104a","3","4","0.8","0.2","7.5790385754275e-05","","241","239","200","200","237","229","181","169","227","217","264","248","135","135","194","190","190","182","129","121"
"82","MATCH","S13-2104a","S14-1189a","3","4","0.8","0.2","7.5790385754275e-05","1","241","239","200","200","237","229","181","169","227","217","264","248","135","135","194","190","190","182","129","121"
"82","MATCH","S13-2104a","S14-1287a","3","4","0.8","0.2","7.5790385754275e-05","1","241","239","200","200","237","229","181","169","227","217","264","248","135","135","194","190","190","182","129","121"
"83","UNIQUE","S13-2106a","S13-2106a","1","4","0.8","0.2","3.37405659858834e-05","","241","241","200","194","233","233","177","171","231","231","286","264","131","127","194","190","182","182","143","119"
"84","UNIQUE","S13-2112a","S13-2112a","1","4","0.8","0.2","0.000129016202608331","","241","241","200","194","233","227","179","177","225","225","274","270","135","123","190","190","174","170","121","119"
"85","UNIQUE","S13-2114a","S13-2114a","1","4","0.8","0.2","0.00031827812047018","","241","241","194","198","225","233","-99","-99","223","223","-99","-99","139","139","194","194","186","186","121","143"
"86","UNIQUE","S13-2135a","S13-2135a","4","4","0.8","0.2","0.000104823269259611","","241","239","194","194","237","229","173","171","235","231","290","282","135","127","190","190","190","174","129","121"
"86","MATCH","S13-2135a","S13-2323a","4","4","0.8","0.2","0.000104823269259611","1","241","239","194","194","237","229","173","171","235","231","290","282","135","127","190","190","190","174","129","121"
"86","MATCH","S13-2135a","S14-1590a","4","4","0.8","0.2","0.000104823269259611","1","241","239","194","194","237","229","173","171","235","231","290","282","135","127","190","190","190","174","129","121"
"86","MATCH","S13-2135a","S14-1639a","4","4","0.8","0.2","0.000104823269259611","1","241","239","194","194","237","229","173","171","235","231","290","282","135","127","190","190","190","174","129","121"
"87","UNIQUE","S13-2141a","S13-2141a","3","4","0.8","0.2","0.000241329643283636","","239","239","194","194","227","227","179","179","225","217","282","282","135","135","190","190","182","182","143","121"
"87","MATCH","S13-2141a","S13-2529a","3","4","0.8","0.2","","0.95","239","239","194","194","227","227","183","179","225","217","282","282","135","135","190","190","182","182","143","121"
"87","MATCH","S13-2141a","S14-1564a","3","4","0.8","0.2","","0.95","239","239","194","194","227","227","183","179","225","217","282","282","135","135","190","190","182","182","143","121"
"88","UNIQUE","S13-2149a","S13-2149a","1","4","0.8","0.2","0.000180097519591696","","239","239","198","198","227","227","177","161","241","219","260","258","127","123","190","190","190","182","121","121"
"89","UNIQUE","S13-2154a","S13-2154a","1","4","0.8","0.2","0.000284305832558587","","241","241","196","196","237","231","177","173","227","223","268","268","135","135","190","190","182","182","121","121"
"90","UNIQUE","S13-2163a","S13-2163a","1","4","0.8","0.2","0.000563081812111134","","239","239","196","194","-99","-99","-99","-99","229","227","282","244","131","129","190","190","194","194","119","119"
"91","UNIQUE","S13-2167a","S13-2167a","1","4","0.8","0.2","9.56990024673276e-05","","239","239","196","196","237","229","179","175","225","223","278","248","131","123","190","190","186","182","121","119"
"92","UNIQUE","s13-2170a","s13-2170a","1","4","0.8","0.2","1.09682251499292e-05","","243","243","200","200","235","235","161","177","223","229","248","276","129","131","194","194","180","194","121","121"
"93","UNIQUE","S13-2177a","S13-2177a","3","4","0.8","0.2","0.000971320680203443","","241","241","198","196","-99","-99","177","177","217","215","-99","-99","139","127","194","190","182","182","143","121"
"93","MATCH","S13-2177a","S14-1853a","3","4","0.8","0.2","","0.8","241","239","198","196","237","227","177","177","217","217","290","270","139","127","194","190","182","182","143","121"
"93","MATCH","S13-2177a","S14-1855a","3","4","0.8","0.2","","0.8","241","239","198","196","237","227","177","175","217","215","290","270","139","127","194","190","182","182","143","121"
"94","UNIQUE","S13-2178a","S13-2178a","2","4","0.8","0.2","0.00109338478514913","","239","239","198","196","-99","-99","-99","-99","227","227","274","270","131","127","190","182","190","182","143","121"
"94","MATCH","S13-2178a","S14-1893a","2","4","0.8","0.2","0.00109338478514913","0.9","239","239","198","196","233","233","173","173","227","227","274","270","131","127","190","182","190","182","143","121"
"95","UNIQUE","S13-2180a","S13-2180a","1","4","0.8","0.2","0.000238573468677405","","241","239","196","194","227","227","173","167","229","223","278","270","135","127","190","190","186","178","143","121"
"96","UNIQUE","S13-2187","S13-2187","1","4","0.8","0.2","8.51401995299813e-05","","239","241","200","200","227","229","171","179","225","227","268","274","123","139","190","190","170","174","119","121"
"97","UNIQUE","S13-2296a","S13-2296a","1","4","0.8","0.2","0.000178875625758042","","241","241","196","196","237","227","181","169","219","217","274","254","129","123","190","190","190","190","121","119"
"98","UNIQUE","S13-2298a","S13-2298a","1","4","0.8","0.2","8.10965162258083e-05","","241","239","194","192","233","229","183","161","231","227","290","282","135","123","194","190","190","190","143","121"
"99","UNIQUE","S13-2303a","S13-2303a","2","4","0.8","0.2","0.000250572793548588","","239","239","196","196","231","231","175","173","231","227","290","278","135","135","190","190","190","178","121","121"
"99","MATCH","S13-2303a","S13-2489a","2","4","0.8","0.2","0.000250572793548588","1","239","239","196","196","231","231","175","173","231","227","290","278","135","135","190","190","190","178","121","121"
"100","UNIQUE","S13-2306a","S13-2306a","1","4","0.8","0.2","0.000190470056471271","","241","239","200","196","237","237","175","165","229","227","274","270","139","139","194","190","190","182","121","121"
"101","CHECK_UNIQUE","S13-2308a","S13-2308a","6","4","0.8","0.2","0.00211144822340096","","239","239","-99","-99","-99","-99","177","173","-99","-99","270","254","127","127","194","190","170","170","121","121"
"101","MULTIPLE_MATCH","S13-2308a","S13-2487a","6","4","0.8","0.2","","0.85","239","239","200","196","-99","-99","177","173","229","227","270","254","127","127","194","190","182","170","121","121"
"101","MATCH","S13-2308a","S13-2488a","6","4","0.8","0.2","","0.85","239","239","200","196","-99","-99","177","173","-99","-99","-99","-99","127","127","194","190","182","170","121","121"
"101","MATCH","S13-2308a","S13-2310a","6","4","0.8","0.2","","0.8","239","239","200","196","237","237","177","173","229","227","270","254","127","127","194","190","182","170","121","121"
"101","MATCH","S13-2308a","S13-2485a","6","4","0.8","0.2","","0.8","-99","-99","196","196","-99","-99","173","173","-99","-99","-99","-99","127","127","194","190","170","170","121","121"
"101","MATCH","S13-2308a","S14-1017a","6","4","0.8","0.2","","0.8","239","239","200","196","237","237","177","173","229","227","270","254","127","127","194","190","182","170","121","121"
"102","CHECK_UNIQUE","S13-2312a","S13-2312a","3","4","0.8","0.2","0.000183793569343771","","239","239","200","200","-99","-99","177","173","229","227","254","254","127","127","194","194","182","182","121","121"
"102","MATCH","S13-2312a","S13-2484a","3","4","0.8","0.2","","0.85","239","239","200","200","237","237","177","173","229","227","254","254","127","127","194","190","182","170","121","121"
"102","MULTIPLE_MATCH","S13-2312a","S13-2487a","3","4","0.8","0.2","","0.8","239","239","200","196","-99","-99","177","173","229","227","270","254","127","127","194","190","182","170","121","121"
"103","UNIQUE","S13-2316a","S13-2316a","2","4","0.8","0.2","0.00193187381092392","","241","241","196","194","-99","-99","-99","-99","223","223","282","260","129","127","190","190","190","190","121","121"
"103","MATCH","S13-2316a","S13-2526a","2","4","0.8","0.2","","0.8","241","241","196","194","237","237","175","173","235","223","282","260","129","129","190","190","190","190","121","121"
"104","UNIQUE","S13-2322a","S13-2322a","2","4","0.8","0.2","0.000140012624321365","","239","239","194","194","227","227","179","167","227","223","278","248","135","135","190","182","190","186","143","121"
"104","MATCH","S13-2322a","S13-2525a","2","4","0.8","0.2","0.000140012624321365","1","239","239","194","194","227","227","179","167","227","223","278","248","135","135","190","182","190","186","143","121"
"105","UNIQUE","S13-2331a","S13-2331a","3","4","0.8","0.2","0.000199960717168437","","241","241","198","196","229","229","177","161","227","227","270","270","139","135","194","190","190","182","121","121"
"105","MATCH","S13-2331a","S13-2333a","3","4","0.8","0.2","0.000681522917686507","0.95","241","241","198","196","-99","-99","177","161","227","227","270","270","139","135","194","190","190","182","121","121"
"105","MATCH","S13-2331a","S13-2332a","3","4","0.8","0.2","","0.9","241","241","198","196","229","229","177","161","227","217","270","268","139","135","194","190","190","182","121","121"
"106","UNIQUE","S13-2335a","S13-2335a","1","4","0.8","0.2","0.000351727046908032","","243","239","196","194","237","233","-99","-99","223","217","282","274","135","127","190","190","190","178","121","119"
"107","UNIQUE","S13-2355a","S13-2355a","1","4","0.8","0.2","0.0165888777070166","","241","241","196","196","-99","-99","-99","-99","-99","-99","274","274","139","129","190","190","-99","-99","121","121"
"108","UNIQUE","S13-2478a","S13-2478a","5","4","0.8","0.2","9.70083108918824e-05","","241","239","196","194","237","237","175","175","239","225","264","248","139","127","198","190","190","182","121","119"
"108","MATCH","S13-2478a","S14-1152a","5","4","0.8","0.2","","0.95","241","239","196","194","237","227","175","175","239","225","264","248","139","127","198","190","190","182","121","119"
"108","MATCH","S13-2478a","S14-1155a","5","4","0.8","0.2","","0.95","241","239","196","194","237","227","175","175","239","225","264","248","139","127","198","190","190","182","121","119"
"108","MATCH","S13-2478a","S14-1304a","5","4","0.8","0.2","","0.95","241","239","196","194","237","227","175","175","239","225","264","248","139","127","198","190","190","182","121","119"
"108","MATCH","S13-2478a","S14-1272a","5","4","0.8","0.2","","0.9","241","239","196","194","237","227","175","173","239","225","264","248","139","127","198","190","190","182","121","119"
"109","UNIQUE","S13-2491a","S13-2491a","2","4","0.8","0.2","0.000558829106955841","","239","239","200","198","-99","-99","179","179","223","223","-99","-99","129","127","190","190","182","174","143","143"
"109","MATCH","S13-2491a","S14-1313a","2","4","0.8","0.2","","0.8","239","239","200","198","227","227","179","179","227","223","290","282","129","129","190","190","182","174","143","143"
"110","UNIQUE","S13-2493a","S13-2493a","6","4","0.8","0.2","9.2561611411671e-05","","241","241","200","194","237","233","173","173","235","223","282","266","129","129","190","190","190","186","143","121"
"110","MATCH","S13-2493a","S14-1019a","6","4","0.8","0.2","9.2561611411671e-05","1","241","241","200","194","237","233","173","173","235","223","282","266","129","129","190","190","190","186","143","121"
"110","MATCH","S13-2493a","S14-1589a","6","4","0.8","0.2","","0.95","241","241","200","194","237","233","173","173","235","223","282","266","129","127","190","190","190","186","143","121"
"110","MATCH","S13-2493a","S14-1641a","6","4","0.8","0.2","","0.95","241","241","200","194","237","233","173","173","235","223","282","266","129","127","190","190","190","186","143","121"
"110","MATCH","S13-2493a","S13-2528a","6","4","0.8","0.2","0.0026689008453045","0.85","241","241","200","194","-99","-99","-99","-99","-99","-99","282","266","129","129","190","190","190","186","143","121"
"110","MATCH","S13-2493a","S13-2531a","6","4","0.8","0.2","","0.85","241","241","200","194","237","233","173","173","235","223","282","282","129","127","190","190","186","186","143","121"
"111","UNIQUE","S13-2508a","S13-2508a","2","4","0.8","0.2","0.000564288115118332","","239","239","198","196","-99","-99","177","175","235","219","286","270","139","127","190","190","194","190","121","121"
"111","MATCH","S13-2508a","S14-1046a","2","4","0.8","0.2","","0.8","239","239","198","196","-99","-99","-99","-99","235","235","286","286","139","127","190","190","-99","-99","121","121"
"112","UNIQUE","S13-2511a","S13-2511a","5","4","0.8","0.2","0.000284691979764316","","239","239","196","194","227","227","181","179","223","217","290","274","139","127","190","190","190","190","143","121"
"112","MATCH","S13-2511a","S13-2533a","5","4","0.8","0.2","","0.95","239","239","196","194","237","227","181","179","223","217","290","274","139","127","190","190","190","190","143","121"
"112","MATCH","S13-2511a","S13-3559a","5","4","0.8","0.2","","0.95","239","239","196","194","237","227","181","179","223","217","290","274","139","127","190","190","190","190","143","121"
"112","MATCH","S13-2511a","S14-2105a","5","4","0.8","0.2","","0.95","239","239","196","194","237","227","181","179","223","217","290","274","139","127","190","190","190","190","143","121"
"112","MATCH","S13-2511a","S14-1877a","5","4","0.8","0.2","","0.8","239","239","196","194","237","237","181","179","217","207","290","274","139","127","190","190","190","190","143","121"
"113","UNIQUE","S13-2512a","S13-2512a","1","4","0.8","0.2","0.000135418764465995","","241","239","198","196","237","237","179","173","219","219","286","274","139","129","190","190","194","164","121","121"
"114","UNIQUE","S13-2518a","S13-2518a","1","4","0.8","0.2","9.54582424990943e-05","","241","241","198","196","235","227","177","173","219","219","282","274","139","135","198","194","190","178","143","121"
"115","UNIQUE","S13-2534a","S13-2534a","1","4","0.8","0.2","0.000104367439001972","","239","239","198","196","229","229","179","175","229","225","290","274","123","123","194","190","190","182","121","121"
"116","UNIQUE","S13-2535a","S13-2535a","3","4","0.8","0.2","0.000205259074277422","","241","239","196","196","227","227","177","173","225","217","282","262","131","127","198","190","190","190","121","119"
"116","MATCH","S13-2535a","S13-3561a","3","4","0.8","0.2","0.000205259074277422","1","241","239","196","196","227","227","177","173","225","217","282","262","131","127","198","190","190","190","121","119"
"116","MATCH","S13-2535a","S13-3562a","3","4","0.8","0.2","","0.95","241","239","196","196","227","227","177","173","225","217","282","262","131","131","198","190","190","190","121","119"
"117","UNIQUE","S13-2536a","S13-2536a","1","4","0.8","0.2","0.000148875801540601","","241","241","200","196","237","227","175","175","229","217","270","260","135","129","194","190","182","164","121","121"
"118","UNIQUE","S13-2538a","S13-2538a","1","4","0.8","0.2","0.00126791008606371","","241","241","198","196","-99","-99","177","177","219","219","-99","-99","139","135","194","190","190","164","143","121"
"119","UNIQUE","S13-2540a","S13-2540a","1","4","0.8","0.2","0.0012020229378222","","241","241","196","196","-99","-99","177","175","227","227","274","260","135","135","190","190","190","190","143","121"
"120","UNIQUE","s14-1008a","s14-1008a","2","4","0.8","0.2","0.000126980601269637","","241","239","200","198","237","227","177","163","227","225","270","260","135","135","190","180","194","190","121","119"
"120","MATCH","s14-1008a","S14-1176a","2","4","0.8","0.2","","0.95","241","239","200","198","237","227","177","163","227","225","270","260","135","135","190","190","194","190","121","119"
"121","UNIQUE","S14-1009a","S14-1009a","2","4","0.8","0.2","0.000170856815649325","","239","239","196","196","237","231","177","175","225","217","270","270","135","131","190","182","190","190","143","121"
"121","MATCH","S14-1009a","S14-1283a","2","4","0.8","0.2","0.000170856815649325","1","239","239","196","196","237","231","177","175","225","217","270","270","135","131","190","182","190","190","143","121"
"122","UNIQUE","S14-1010a","S14-1010a","1","4","0.8","0.2","0.0003323041048031","","241","239","196","196","227","227","177","173","229","219","278","262","135","127","194","190","182","182","121","121"
"123","UNIQUE","S14-1011a","S14-1011a","2","4","0.8","0.2","9.70811981602048e-05","","239","239","196","194","237","227","183","175","241","231","262","248","129","123","190","190","194","186","143","121"
"123","MATCH","S14-1011a","S14-1279a","2","4","0.8","0.2","9.70811981602048e-05","1","239","239","196","194","237","227","183","175","241","231","262","248","129","123","190","190","194","186","143","121"
"124","UNIQUE","S14-1013a","S14-1013a","2","4","0.8","0.2","0.000163834664827073","","241","239","194","194","235","229","175","173","231","227","278","278","135","127","190","190","190","174","143","121"
"124","MATCH","S14-1013a","S14-1167a","2","4","0.8","0.2","0.000163834664827073","1","241","239","194","194","235","229","175","173","231","227","278","278","135","127","190","190","190","174","143","121"
"125","UNIQUE","S14-1014a","S14-1014a","1","4","0.8","0.2","0.00021851864824139","","241","239","196","196","227","227","177","169","225","219","282","254","139","139","190","190","178","178","143","121"
"126","UNIQUE","S14-1015a","S14-1015a","3","4","0.8","0.2","8.92444928936116e-05","","241","241","200","196","235","235","173","173","219","213","290","270","139","135","194","190","182","182","143","121"
"126","MATCH","S14-1015a","S14-1643a","3","4","0.8","0.2","8.92444928936116e-05","1","241","241","200","196","235","235","173","173","219","213","290","270","139","135","194","190","182","182","143","121"
"126","MATCH","S14-1015a","S14-1169a","3","4","0.8","0.2","","0.95","241","241","200","196","235","235","173","171","219","213","290","270","139","135","194","190","182","182","143","121"
"127","UNIQUE","S14-1016a","S14-1016a","1","4","0.8","0.2","0.000231950544914164","","241","239","196","196","227","227","175","175","227","227","274","270","135","127","194","190","174","170","121","119"
"128","UNIQUE","S14-1020a","S14-1020a","2","4","0.8","0.2","0.0019288709168025","","241","239","198","196","-99","-99","175","173","223","217","-99","-99","127","127","190","190","194","190","121","121"
"128","MATCH","S14-1020a","S14-1640a","2","4","0.8","0.2","0.0019288709168025","0.9","241","239","198","196","237","237","175","173","223","217","278","260","127","127","190","190","194","190","121","121"
"129","UNIQUE","S14-1031a","S14-1031a","1","4","0.8","0.2","0.000256248053284191","","241","239","198","194","237","237","177","173","225","217","282","270","139","129","190","190","190","190","121","121"
"130","UNIQUE","S14-1032a","S14-1032a","3","4","0.8","0.2","0.000550991345058933","","241","239","194","194","241","229","-99","177","239","227","274","270","139","139","190","190","190","182","121","121"
"130","MATCH","S14-1032a","S14-1317a","3","4","0.8","0.2","0.000550991345058933","0.98","241","239","194","194","241","229","177","177","239","227","274","270","139","139","190","190","190","182","121","121"
"130","MATCH","S14-1032a","S14-1318a","3","4","0.8","0.2","","0.92","241","239","194","192","241","229","177","177","239","227","274","270","139","139","190","190","190","182","121","121"
"131","UNIQUE","S14-1034a","S14-1034a","1","4","0.8","0.2","0.000113328700802507","","241","239","196","194","233","229","179","175","229","225","270","260","135","129","190","182","190","182","121","119"
"132","UNIQUE","S14-1035a","S14-1035a","6","4","0.8","0.2","0.000139601372393639","","241","239","194","194","227","227","181","171","235","229","282","270","139","127","198","190","190","164","121","121"
"132","MATCH","S14-1035a","S14-1194a","6","4","0.8","0.2","0.000139601372393639","1","241","239","194","194","227","227","181","171","235","229","282","270","139","127","198","190","190","164","121","121"
"132","MATCH","S14-1035a","S14-1195a","6","4","0.8","0.2","0.000139601372393639","1","241","239","194","194","227","227","181","171","235","229","282","270","139","127","198","190","190","164","121","121"
"132","MATCH","S14-1035a","S14-1575a","6","4","0.8","0.2","0.000139601372393639","1","241","239","194","194","227","227","181","171","235","229","282","270","139","127","198","190","190","164","121","121"
"132","MATCH","S14-1035a","S14-1576a","6","4","0.8","0.2","0.000139601372393639","1","241","239","194","194","227","227","181","171","235","229","282","270","139","127","198","190","190","164","121","121"
"132","MATCH","S14-1035a","S14-1320a","6","4","0.8","0.2","","0.95","241","239","194","194","227","227","181","171","235","229","282","282","139","127","198","190","190","164","121","121"
"133","UNIQUE","S14-1038a","S14-1038a","6","4","0.8","0.2","0.000235402399461572","","241","241","196","196","227","227","181","171","235","227","282","270","139","135","190","190","190","164","129","121"
"133","MATCH","S14-1038a","S14-1193a","6","4","0.8","0.2","0.000235402399461572","1","241","241","196","196","227","227","181","171","235","227","282","270","139","135","190","190","190","164","129","121"
"133","MATCH","S14-1038a","S14-1319a","6","4","0.8","0.2","0.000235402399461572","1","241","241","196","196","227","227","181","171","235","227","282","270","139","135","190","190","190","164","129","121"
"133","MATCH","S14-1038a","S14-1609a","6","4","0.8","0.2","0.000235402399461572","1","241","241","196","196","227","227","181","171","235","227","282","270","139","135","190","190","190","164","129","121"
"133","MATCH","S14-1038a","S14-1612a","6","4","0.8","0.2","0.000235402399461572","1","241","241","196","196","227","227","181","171","235","227","282","270","139","135","190","190","190","164","129","121"
"133","MATCH","S14-1038a","S14-1608a","6","4","0.8","0.2","0.000439603047263909","0.95","241","241","196","196","-99","-99","181","171","235","227","282","270","139","135","190","190","190","164","129","121"
"134","UNIQUE","S14-1042a","S14-1042a","1","4","0.8","0.2","0.000366531986714285","","241","239","200","196","227","227","177","169","229","219","260","254","135","123","190","190","190","190","121","121"
"135","UNIQUE","S14-1044a","S14-1044a","2","4","0.8","0.2","0.000118364541100835","","241","239","196","196","237","231","179","175","219","213","282","254","129","127","190","190","190","190","143","129"
"135","MATCH","S14-1044a","S14-1186a","2","4","0.8","0.2","","0.95","241","239","196","196","237","231","179","175","219","213","282","254","129","129","190","190","190","190","143","129"
"136","UNIQUE","S14-1045a","S14-1045a","2","4","0.8","0.2","0.000224632637816336","","241","239","200","196","231","227","175","175","225","225","282","274","127","123","190","190","190","190","121","119"
"136","MATCH","S14-1045a","S14-1597a","2","4","0.8","0.2","","0.95","241","239","200","196","231","227","175","175","225","207","282","274","127","123","190","190","190","190","121","119"
"137","UNIQUE","S14-1047a","S14-1047a","2","4","0.8","0.2","0.000162132738798849","","239","239","200","196","229","227","177","169","229","227","274","248","139","135","190","182","190","182","143","121"
"137","MATCH","S14-1047a","S14-1286a","2","4","0.8","0.2","0.000162132738798849","1","239","239","200","196","229","227","177","169","229","227","274","248","139","135","190","182","190","182","143","121"
"138","UNIQUE","S14-1050a","S14-1050a","5","4","0.8","0.2","0.000237793373785747","","241","239","200","196","227","227","171","171","227","223","264","254","139","135","194","190","190","182","121","121"
"138","MATCH","S14-1050a","S14-1335a","5","4","0.8","0.2","0.000237793373785747","1","241","239","200","196","227","227","171","171","227","223","264","254","139","135","194","190","190","182","121","121"
"138","MATCH","S14-1050a","S14-1333a","5","4","0.8","0.2","","0.95","241","239","200","196","227","227","171","169","227","223","264","254","139","135","194","190","190","182","121","121"
"138","MATCH","S14-1050a","S14-1336a","5","4","0.8","0.2","","0.95","241","239","200","196","227","227","171","169","227","223","264","254","139","135","194","190","190","182","121","121"
"138","MATCH","S14-1050a","s14-1298a","5","4","0.8","0.2","","0.9","241","239","200","196","227","227","171","169","227","223","264","254","139","139","194","190","190","182","121","121"
"139","UNIQUE","S14-1153a","S14-1153a","2","4","0.8","0.2","5.83708242218604e-05","","241","239","200","194","233","233","177","177","229","229","278","256","135","131","198","190","164","164","143","121"
"139","MATCH","S14-1153a","S14-1154a","2","4","0.8","0.2","","0.85","241","239","200","194","233","233","179","179","229","207","278","256","135","131","198","190","164","164","143","121"
"140","UNIQUE","S14-1156a","S14-1156a","1","4","0.8","0.2","0.0167875149700461","","239","239","194","194","-99","-99","-99","-99","-99","-99","270","270","135","135","190","190","-99","-99","121","121"
"141","UNIQUE","S14-1163a","S14-1163a","1","4","0.8","0.2","5.28153047121151e-05","","241","239","200","194","231","227","175","163","225","217","266","260","135","135","190","182","194","182","143","123"
"142","UNIQUE","S14-1166a","S14-1166a","5","4","0.8","0.2","0.000129944700933553","","243","239","196","194","231","227","175","173","213","207","290","274","135","129","190","190","190","174","143","121"
"142","MATCH","S14-1166a","S14-1275a","5","4","0.8","0.2","0.000129944700933553","1","243","239","196","194","231","227","175","173","213","207","290","274","135","129","190","190","190","174","143","121"
"142","MATCH","S14-1166a","S14-1562a","5","4","0.8","0.2","","0.95","243","239","196","194","231","227","175","173","213","213","290","274","135","129","190","190","190","174","143","121"
"142","MATCH","S14-1166a","S14-1563a","5","4","0.8","0.2","","0.85","243","239","196","196","231","227","175","173","213","211","290","274","135","129","190","190","174","174","143","121"
"142","MATCH","S14-1166a","S14-1587a","5","4","0.8","0.2","","0.85","243","239","196","194","231","227","175","173","213","213","274","274","135","129","190","190","190","190","143","121"
"143","UNIQUE","S14-1168a","S14-1168a","1","4","0.8","0.2","0.000181949009976795","","241","237","196","196","235","227","177","173","227","213","290","286","135","135","194","190","190","182","121","121"
"144","UNIQUE","S14-1172a","S14-1172a","3","4","0.8","0.2","0.000212865519484031","","239","237","196","196","227","227","179","173","241","225","278","254","139","127","190","190","190","186","121","121"
"144","MATCH","S14-1172a","S14-1566a","3","4","0.8","0.2","0.000212865519484031","1","239","237","196","196","227","227","179","173","241","225","278","254","139","127","190","190","190","186","121","121"
"144","MATCH","S14-1172a","S14-1591a","3","4","0.8","0.2","0.000212865519484031","1","239","237","196","196","227","227","179","173","241","225","278","254","139","127","190","190","190","186","121","121"
"145","UNIQUE","S14-1174a","S14-1174a","1","4","0.8","0.2","0.000164069390378384","","241","239","198","194","227","227","177","161","231","219","278","270","131","131","190","190","194","174","121","121"
"146","UNIQUE","S14-1179a","S14-1179a","1","4","0.8","0.2","6.51541001268317e-05","","241","241","200","194","227","227","181","161","219","219","278","248","131","123","198","190","190","174","121","119"
"147","UNIQUE","S14-1188a","S14-1188a","3","4","0.8","0.2","0.000309925664188759","","241","239","196","196","233","231","183","173","227","227","286","268","135","135","190","190","190","182","121","121"
"147","MATCH","S14-1188a","S14-1326a","3","4","0.8","0.2","0.000309925664188759","1","241","239","196","196","233","231","183","173","227","227","286","268","135","135","190","190","190","182","121","121"
"147","MATCH","S14-1188a","S14-1285a","3","4","0.8","0.2","","0.95","241","239","196","196","233","233","183","173","227","227","286","268","135","135","190","190","190","182","121","121"
"148","UNIQUE","S14-1192a","S14-1192a","1","4","0.8","0.2","0.000165758342975693","","241","239","198","196","237","237","173","173","221","219","286","268","135","123","190","190","190","190","121","119"
"149","UNIQUE","S14-1198a","S14-1198a","3","4","0.8","0.2","6.57769607681446e-05","","241","241","198","198","235","235","177","177","227","219","278","270","135","127","194","182","190","164","121","121"
"149","MATCH","S14-1198a","S14-1314a","3","4","0.8","0.2","6.57769607681446e-05","1","241","241","198","198","235","235","177","177","227","219","278","270","135","127","194","182","190","164","121","121"
"149","MATCH","S14-1198a","S14-1307a","3","4","0.8","0.2","","0.95","241","241","198","198","235","235","177","175","227","219","278","270","135","127","194","182","190","164","121","121"
"150","UNIQUE","S14-1200a","S14-1200a","1","4","0.8","0.2","0.000223323771348881","","241","241","200","194","237","227","173","161","227","223","274","260","135","129","190","190","190","178","121","121"
"151","UNIQUE","s14-1269a","s14-1269a","3","4","0.8","0.2","6.39521764846171e-05","","241","241","198","194","233","227","179","171","229","227","286","278","139","131","198","190","190","164","121","119"
"151","MATCH","s14-1269a","S14-1303a","3","4","0.8","0.2","6.39521764846171e-05","1","241","241","198","194","233","227","179","171","229","227","286","278","139","131","198","190","190","164","121","119"
"151","MATCH","s14-1269a","S14-1342a","3","4","0.8","0.2","6.39521764846171e-05","1","241","241","198","194","233","227","179","171","229","227","286","278","139","131","198","190","190","164","121","119"
"152","UNIQUE","S14-1280a","S14-1280a","2","4","0.8","0.2","0.000223422137347002","","241","239","196","196","237","229","179","177","231","229","278","270","135","127","190","190","194","170","121","121"
"152","MATCH","S14-1280a","S14-1329a","2","4","0.8","0.2","","0.95","241","239","196","194","237","229","179","177","231","229","278","270","135","127","190","190","194","170","121","121"
"153","UNIQUE","S14-1299a","S14-1299a","3","4","0.8","0.2","8.60366705479949e-05","","241","241","196","194","237","229","173","171","231","227","282","278","139","135","194","190","186","186","121","119"
"153","MATCH","S14-1299a","S14-2567a","3","4","0.8","0.2","8.60366705479949e-05","1","241","241","196","194","237","229","173","171","231","227","282","278","139","135","194","190","186","186","121","119"
"153","MATCH","S14-1299a","S14-1900a","3","4","0.8","0.2","","0.9","241","241","196","194","237","229","175","173","231","227","282","278","139","135","194","190","186","186","121","119"
"154","UNIQUE","S14-1305a","S14-1305a","1","4","0.8","0.2","0.000186996703916705","","241","241","196","194","233","233","183","169","227","219","278","270","139","129","190","190","190","182","121","121"
"155","UNIQUE","S14-1308a","S14-1308a","1","4","0.8","0.2","5.34615210673706e-05","","241","239","196","194","237","233","177","175","239","235","278","274","139","123","198","190","190","164","129","119"
"156","UNIQUE","S14-1309a","S14-1309a","2","4","0.8","0.2","0.000254976849861689","","241","239","200","198","237","237","177","173","227","225","282","270","135","127","190","190","190","178","121","121"
"156","MATCH","S14-1309a","S14-1310a","2","4","0.8","0.2","0.000254976849861689","1","241","239","200","198","237","237","177","173","227","225","282","270","135","127","190","190","190","178","121","121"
"157","UNIQUE","S14-1311a","S14-1311a","1","4","0.8","0.2","0.000204970727207297","","241","239","198","196","233","227","175","175","227","217","290","282","135","127","194","190","190","182","143","121"
"158","UNIQUE","S14-1312a","S14-1312a","3","4","0.8","0.2","2.04218383349896e-05","","239","237","200","194","237","237","175","161","227","223","278","268","127","123","198","194","190","178","143","119"
"158","MATCH","S14-1312a","S14-1638a","3","4","0.8","0.2","2.04218383349896e-05","1","239","237","200","194","237","237","175","161","227","223","278","268","127","123","198","194","190","178","143","119"
"158","MATCH","S14-1312a","S14-1642a","3","4","0.8","0.2","2.04218383349896e-05","1","239","237","200","194","237","237","175","161","227","223","278","268","127","123","198","194","190","178","143","119"
"159","UNIQUE","S14-1321a","S14-1321a","1","4","0.8","0.2","0.000165127591763482","","241","239","196","196","227","227","175","173","225","221","282","262","131","129","194","190","182","182","143","121"
"160","UNIQUE","S14-1323a","S14-1323a","2","4","0.8","0.2","0.000411221659400575","","241","241","196","194","227","227","175","173","229","227","274","264","139","131","190","190","190","190","121","121"
"160","MATCH","S14-1323a","S14-1324a","2","4","0.8","0.2","0.000411221659400575","1","241","241","196","194","227","227","175","173","229","227","274","264","139","131","190","190","190","190","121","121"
"161","UNIQUE","S14-1325a","S14-1325a","1","4","0.8","0.2","0.000230762495507879","","241","239","194","194","237","227","179","179","227","219","270","260","135","135","194","190","194","190","121","121"
"162","UNIQUE","S14-1341a","S14-1341a","1","4","0.8","0.2","0.000179523799908732","","241","239","196","196","233","227","177","173","229","217","270","264","135","129","190","190","186","182","143","143"
"163","UNIQUE","S14-1568a","S14-1568a","1","4","0.8","0.2","0.000177674831151175","","239","239","198","196","235","235","175","173","227","227","270","262","135","135","194","190","190","190","143","121"
"164","UNIQUE","S14-1573a","S14-1573a","1","4","0.8","0.2","0.000304314690558368","","241","239","196","194","237","231","177","161","231","227","260","260","135","127","190","190","190","190","121","121"
"165","UNIQUE","S14-1578a","S14-1578a","1","4","0.8","0.2","0.000846058919879349","","239","239","196","194","227","227","167","161","235","229","-99","-99","135","135","190","190","190","182","121","119"
"166","UNIQUE","S14-1580a","S14-1580a","1","4","0.8","0.2","8.59082364543195e-05","","241","239","198","196","233","233","181","165","229","217","278","270","139","123","194","190","186","182","121","121"
"167","UNIQUE","S14-1583a","S14-1583a","1","4","0.8","0.2","0.000119130790393385","","239","239","200","196","237","229","179","173","231","227","278","270","135","127","194","190","194","170","121","121"
"168","UNIQUE","S14-1586a","S14-1586a","1","4","0.8","0.2","9.39095206465719e-05","","241","239","198","196","229","229","181","175","223","221","282","270","135","123","190","190","194","190","143","119"
"169","UNIQUE","S14-1592a","S14-1592a","1","4","0.8","0.2","0.000214716548328488","","241","239","196","194","227","227","177","175","225","213","278","278","135","127","190","190","194","178","123","121"
"170","UNIQUE","S14-1599a","S14-1599a","1","4","0.8","0.2","0.000103674031998866","","241","241","196","194","233","233","173","169","227","227","278","268","129","129","190","190","190","182","143","119"
"171","UNIQUE","S14-1600a","S14-1600a","1","4","0.8","0.2","0.000130109113953121","","241","241","196","194","233","233","177","169","235","227","278","270","139","129","190","190","186","182","143","121"
"172","UNIQUE","S14-1601a","S14-1601a","1","4","0.8","0.2","6.52388587660987e-05","","239","239","198","196","237","237","179","169","231","213","270","260","131","129","194","190","174","174","121","121"
"173","UNIQUE","S14-1610a","S14-1610a","2","4","0.8","0.2","2.4536248438882e-05","","243","239","196","194","235","231","177","177","231","229","274","264","127","123","198","194","194","178","121","119"
"173","MATCH","S14-1610a","S14-1611a","2","4","0.8","0.2","2.4536248438882e-05","1","243","239","196","194","235","231","177","177","231","229","274","264","127","123","198","194","194","178","121","119"
"174","UNIQUE","S14-1614a","S14-1614a","1","4","0.8","0.2","0.000320007533813475","","241","241","198","196","233","227","177","175","231","227","260","258","135","135","190","190","190","190","143","121"
"175","UNIQUE","S14-1615a","S14-1615a","3","4","0.8","0.2","7.97903757754992e-05","","241","239","198","196","227","227","179","179","219","217","262","254","139","135","194","182","194","190","129","121"
"175","MATCH","S14-1615a","S14-1616a","3","4","0.8","0.2","","0.85","241","239","198","196","227","227","179","177","225","219","262","254","139","135","194","182","194","190","129","121"
"175","MATCH","S14-1615a","S14-2570a","3","4","0.8","0.2","","0.8","241","239","198","196","227","227","179","177","225","219","262","262","139","135","194","182","194","190","129","121"
"176","UNIQUE","S14-1617a","S14-1617a","1","4","0.8","0.2","0.000201426150212318","","241","239","198","196","237","227","175","175","227","223","266","258","139","127","190","190","182","182","143","121"
"177","UNIQUE","S14-1619a","S14-1619a","1","4","0.8","0.2","0.0054223968073042","","239","239","-99","-99","233","233","-99","-99","235","235","-99","-99","135","135","190","190","190","190","121","121"
"178","UNIQUE","s14-1621a","s14-1621a","1","4","0.8","0.2","0.000121553496996206","","239","237","196","194","237","227","187","179","235","223","282","274","139","135","194","190","190","190","121","119"
"179","UNIQUE","S14-1624a","S14-1624a","1","4","0.8","0.2","0.000448026344710907","","241","241","194","194","-99","-99","175","175","229","229","274","274","135","129","190","190","190","190","143","143"
"180","UNIQUE","S14-1626a","S14-1626a","3","4","0.8","0.2","8.2837488596901e-05","","241","241","200","196","229","229","173","171","227","207","282","274","139","135","190","190","182","170","143","119"
"180","MATCH","S14-1626a","S14-1627a","3","4","0.8","0.2","","0.9","241","241","200","196","229","229","173","171","229","227","282","274","139","135","190","190","182","170","143","119"
"180","MATCH","S14-1626a","S14-2578a","3","4","0.8","0.2","","0.8","241","241","200","196","229","229","175","171","229","227","282","274","139","135","190","190","-99","-99","143","119"
"181","CHECK_UNIQUE","S14-1628a","S14-1628a","2","4","0.8","0.2","0.000253539526941655","","239","239","200","198","227","227","179","175","227","225","270","270","139","135","190","190","190","170","143","121"
"181","MULTIPLE_MATCH","S14-1628a","S14-1906a","2","4","0.8","0.2","0.000473473290418164","0.95","239","239","200","198","-99","-99","179","175","227","225","270","270","139","135","190","190","190","170","143","121"
"182","UNIQUE","S14-1635a","S14-1635a","1","4","0.8","0.2","0.000139597612359642","","-99","-99","200","200","227","227","171","171","229","227","268","268","139","123","194","190","190","170","121","119"
"183","UNIQUE","S14-1636a","S14-1636a","1","4","0.8","0.2","0.00022287293224004","","241","239","198","196","237","227","175","175","227","223","278","274","139","127","194","190","190","170","121","121"
"184","UNIQUE","S14-1847a","S14-1847a","1","4","0.8","0.2","0.000207159061185548","","241","239","200","196","231","227","177","173","227","225","274","274","139","127","194","190","190","174","143","121"
"185","UNIQUE","S14-1859a","S14-1859a","2","4","0.8","0.2","0.000228158705436423","","241","239","198","196","227","227","179","161","229","219","278","270","135","129","190","190","186","182","143","121"
"185","MATCH","S14-1859a","S14-1909a","2","4","0.8","0.2","0.000228158705436423","1","241","239","198","196","227","227","179","161","229","219","278","270","135","129","190","190","186","182","143","121"
"186","UNIQUE","S14-1861a","S14-1861a","1","4","0.8","0.2","0.000201508346009587","","239","239","196","196","227","227","179","175","223","221","270","270","127","127","194","190","194","190","143","121"
"187","UNIQUE","S14-1862a","S14-1862a","4","4","0.8","0.2","0.000153639959979582","","239","239","196","194","235","227","175","173","227","221","278","262","139","127","190","190","194","174","143","121"
"187","MATCH","S14-1862a","S14-2087a","4","4","0.8","0.2","","0.95","239","239","196","196","235","227","175","173","227","221","278","262","139","127","190","190","194","174","143","121"
"187","MATCH","S14-1862a","s14-1896a","4","4","0.8","0.2","","0.9","239","239","196","196","235","227","175","175","227","221","278","262","139","127","190","190","194","174","143","121"
"187","MATCH","S14-1862a","S14-2582a","4","4","0.8","0.2","","0.9","239","239","196","196","235","227","175","173","227","221","278","260","139","127","190","190","194","174","143","121"
"188","UNIQUE","S14-1864a","S14-1864a","1","4","0.8","0.2","7.12105218445632e-05","","241","241","198","198","227","227","175","173","235","229","282","260","135","127","194","190","182","178","119","119"
"189","UNIQUE","S14-1865a","S14-1865a","1","4","0.8","0.2","0.000133495676136811","","239","239","196","194","227","227","175","173","235","227","274","248","129","123","194","190","194","190","129","121"
"190","UNIQUE","S14-1872a","S14-1872a","2","4","0.8","0.2","0.000165650988258832","","241","241","196","196","237","237","177","175","223","221","270","268","135","123","190","190","190","182","143","143"
"190","MATCH","S14-1872a","S14-2084a","2","4","0.8","0.2","","0.9","241","241","196","194","237","237","177","175","223","221","268","268","135","123","190","190","190","182","143","143"
"191","UNIQUE","S14-1876a","S14-1876a","2","4","0.8","0.2","0.000193669834210371","","241","241","196","194","229","227","177","177","227","219","270","268","135","135","190","190","182","178","143","143"
"191","MATCH","S14-1876a","S14-2064a","2","4","0.8","0.2","","0.95","241","241","196","194","229","227","177","175","227","219","270","268","135","135","190","190","182","178","143","143"
"192","UNIQUE","S14-1880a","S14-1880a","3","4","0.8","0.2","0.000212430318228334","","241","241","200","196","227","227","175","161","227","219","274","254","127","127","190","190","194","186","121","121"
"192","MATCH","S14-1880a","S14-2057a","3","4","0.8","0.2","0.000212430318228334","1","241","241","200","196","227","227","175","161","227","219","274","254","127","127","190","190","194","186","121","121"
"192","MATCH","S14-1880a","S14-1882a","3","4","0.8","0.2","","0.9","241","241","196","196","227","227","175","161","-99","-99","274","254","127","127","190","190","194","186","121","121"
"193","UNIQUE","S14-1885a","S14-1885a","1","4","0.8","0.2","0.000123196984971584","","241","241","200","196","233","231","177","177","235","219","274","254","139","129","190","190","190","190","143","143"
"194","UNIQUE","S14-1894a","S14-1894a","3","4","0.8","0.2","0.000423563419951643","","241","241","196","194","227","227","179","179","229","225","282","274","135","131","190","190","190","190","121","121"
"194","MATCH","S14-1894a","S14-2579a","3","4","0.8","0.2","0.000423563419951643","1","241","241","196","194","227","227","179","179","229","225","282","274","135","131","190","190","190","190","121","121"
"194","MATCH","S14-1894a","S14-1912a","3","4","0.8","0.2","","0.95","241","241","196","194","227","227","179","179","229","225","274","274","135","131","190","190","190","190","121","121"
"195","UNIQUE","S14-1895a","S14-1895a","2","4","0.8","0.2","0.000220031301320784","","239","239","196","196","235","227","177","177","217","207","290","274","139","135","190","190","194","182","143","121"
"195","MATCH","S14-1895a","S14-2088a","2","4","0.8","0.2","","0.9","239","239","196","194","235","227","177","175","217","207","290","274","139","135","190","190","194","182","143","121"
"196","UNIQUE","S14-1903a","S14-1903a","1","4","0.8","0.2","0.000244756230368015","","241","241","194","194","227","227","179","161","225","219","270","254","135","135","190","190","190","182","121","119"
"197","UNIQUE","S14-1904a","S14-1904a","2","4","0.8","0.2","0.000925321114926398","","241","239","196","194","233","233","177","173","227","225","-99","-99","139","135","194","190","190","190","121","121"
"197","MATCH","S14-1904a","S14-2573a","2","4","0.8","0.2","0.000925321114926398","0.95","241","239","196","194","233","233","177","173","227","225","282","270","139","135","194","190","190","190","121","121"
"198","UNIQUE","S14-1905a","S14-1905a","1","4","0.8","0.2","0.000314555651316476","","241","239","196","196","227","227","181","165","227","219","270","262","139","123","190","190","194","190","121","121"
"199","UNIQUE","S14-1907a","S14-1907a","1","4","0.8","0.2","0.000114545730726323","","241","241","200","200","237","233","177","175","227","227","274","270","139","123","190","190","182","174","121","119"
"200","UNIQUE","S14-1913a","S14-1913a","1","4","0.8","0.2","0.000281690980856526","","241","239","196","194","227","227","161","161","225","213","270","270","135","135","190","190","186","182","143","121"
"201","UNIQUE","S14-2041a","S14-2041a","4","4","0.8","0.2","8.23492760772428e-05","","241","237","198","196","233","231","177","175","241","217","282","274","139","135","190","190","182","182","143","143"
"201","MATCH","S14-2041a","S14-2042a","4","4","0.8","0.2","8.23492760772428e-05","1","241","237","198","196","233","231","177","175","241","217","282","274","139","135","190","190","182","182","143","143"
"201","MATCH","S14-2041a","S14-2066a","4","4","0.8","0.2","8.23492760772428e-05","1","241","237","198","196","233","231","177","175","241","217","282","274","139","135","190","190","182","182","143","143"
"201","MATCH","S14-2041a","S14-2071a","4","4","0.8","0.2","8.23492760772428e-05","1","241","237","198","196","233","231","177","175","241","217","282","274","139","135","190","190","182","182","143","143"
"202","UNIQUE","S14-2044a","S14-2044a","1","4","0.8","0.2","0.000207059751486697","","241","241","196","196","231","231","173","169","231","225","282","270","135","127","190","190","190","182","143","121"
"203","UNIQUE","S14-2045a","S14-2045a","2","4","0.8","0.2","0.000174913218516138","","241","241","198","196","231","227","175","169","241","225","274","270","139","135","190","190","186","182","143","121"
"203","MATCH","S14-2045a","S14-2072a","2","4","0.8","0.2","0.000174913218516138","1","241","241","198","196","231","227","175","169","241","225","274","270","139","135","190","190","186","182","143","121"
"204","UNIQUE","S14-2056a","S14-2056a","2","4","0.8","0.2","0.00048040632539795","","241","239","198","198","237","237","179","173","-99","-99","274","262","139","135","190","190","194","174","121","121"
"204","MATCH","S14-2056a","S14-2109a","2","4","0.8","0.2","","0.9","241","239","198","198","237","237","179","173","223","219","274","262","139","135","190","190","194","194","121","121"
"205","UNIQUE","S14-2059a","S14-2059a","1","4","0.8","0.2","0.00014646831900402","","239","239","200","198","227","227","181","175","225","219","274","270","135","135","190","190","194","170","123","121"
"206","UNIQUE","S14-2070a","S14-2070a","1","4","0.8","0.2","0.000911076638223537","","-99","-99","196","196","237","227","-99","-99","219","217","282","274","135","129","190","182","190","182","121","119"
"207","UNIQUE","S14-2073a","S14-2073a","1","4","0.8","0.2","0.00108035099223728","","241","241","196","196","227","227","177","175","219","219","-99","-99","135","129","190","190","190","182","121","119"
"208","UNIQUE","S14-2077a","S14-2077a","1","4","0.8","0.2","0.000270316325973639","","241","239","196","196","227","227","181","181","219","217","274","266","139","135","190","190","194","190","121","119"
"209","UNIQUE","S14-2081a","S14-2081a","1","4","0.8","0.2","0.00066400854880805","","241","239","200","196","-99","-99","181","171","235","219","282","262","139","135","190","190","190","190","121","121"
"210","UNIQUE","S14-2082a","S14-2082a","1","4","0.8","0.2","0.000333530546569618","","241","241","196","196","-99","-99","181","169","241","227","268","262","135","129","190","190","190","174","123","121"
"211","UNIQUE","S14-2086a","S14-2086a","1","4","0.8","0.2","0.000121416738469496","","241","239","196","194","227","227","183","175","231","221","282","262","127","123","198","190","194","190","143","121"
"212","UNIQUE","S14-2091a","S14-2091a","1","4","0.8","0.2","0.000371984969480129","","241","239","196","196","231","227","173","173","229","213","274","260","139","135","190","190","190","190","143","121"
"213","UNIQUE","S14-2092a","S14-2092a","3","4","0.8","0.2","0.000471214121772346","","241","239","196","194","227","227","177","175","231","227","274","270","139","127","190","190","190","174","121","121"
"213","MATCH","S14-2092a","S14-2093a","3","4","0.8","0.2","0.000471214121772346","1","241","239","196","194","227","227","177","175","231","227","274","270","139","127","190","190","190","174","121","121"
"213","MATCH","S14-2092a","S14-2572a","3","4","0.8","0.2","0.000471214121772346","1","241","239","196","194","227","227","177","175","231","227","274","270","139","127","190","190","190","174","121","121"
"214","UNIQUE","S14-2103a","S14-2103a","1","4","0.8","0.2","0.000239023933068069","","241","241","194","194","231","231","177","177","227","217","282","282","139","135","190","190","190","182","121","121"
"215","UNIQUE","S14-2104a","S14-2104a","1","4","0.8","0.2","0.000118099315899528","","241","239","198","196","227","227","175","173","235","229","282","262","127","127","194","190","190","182","119","119"
"216","UNIQUE","S14-2114a","S14-2114a","1","4","0.8","0.2","0.00026886586025315","","241","239","196","194","227","227","177","173","229","223","270","248","139","127","194","190","190","182","143","121"
"217","UNIQUE","S14-2115a","S14-2115a","1","4","0.8","0.2","0.000910448325205336","","239","239","198","194","227","227","177","177","-99","-99","278","278","139","135","190","190","182","178","121","121"
"218","UNIQUE","S14-2568a","S14-2568a","1","4","0.8","0.2","0.000303961207492608","","241","241","196","194","229","227","177","173","231","227","278","270","135","127","190","190","194","190","143","121"
"219","UNIQUE","S14-2569a","S14-2569a","1","4","0.8","0.2","0.000149493023419683","","239","239","196","194","237","237","179","175","229","219","278","274","127","127","190","190","182","182","121","119"
"220","UNIQUE","S14-2576a","S14-2576a","1","4","0.8","0.2","0.000232407687102561","","241","239","196","194","233","227","173","169","231","225","270","254","135","131","190","190","190","190","121","119"
"221","UNIQUE","S14-2583a","S14-2583a","1","4","0.8","0.2","0.000285441479236439","","241","239","196","194","227","227","177","177","229","225","278","274","127","127","190","190","194","182","121","119"
"222","UNIQUE","S14-2584a","S14-2584a","1","4","0.8","0.2","0.000227055488530742","","241","239","198","196","237","227","177","175","229","219","282","270","129","127","194","190","190","190","143","121"
"223","UNIQUE","S14-2586a","S14-2586a","1","4","0.8","0.2","6.72816245876602e-05","","241","239","200","196","237","229","173","171","227","223","282","260","127","123","190","182","194","174","143","121"
